segment_global_id,file,segment_id,crate_label,I_mean_A,R_used_ohm,Ah_throughput,Cn_Si,Cn_Gr,x100,Cp,y100,Cn,LLI,x0,y0,alpha,R,Un0,Un100,x0_si,x0_gr,x100_si,x100_gr,lli_theta,si_scale_a,si_shift_b,success,cost,nfev,message,Qcc_max_meas,rmse_v_global,rmse_v_weighted,rmse_dvdq_global,rmse_dvdq_weighted,flag_bad_qmax,flag_peak_missing,flag_fit_suspect,feature_definition,dvdq_sg_window_used,dvdq_sg_poly_used,crate_c,transition_soc,transition_reason,transition_n_candidates,transition_n_valid,case_name,q_fit_min,dataset,kinetic_compensation,mean_absolute_error_6metrics_vs_C100_standard
0,GMFEB23S_CELL076_C10C5C3Expansion_1_P25C_15P0PSI_20260206_R0_36_1_2_2818579691.xlsx,0,C/10,0.2499477913054036,0.02,2.3852601047223616,1.105621378821284,1.3552050184116502,0.9698660361110442,2.743577275409989,0.0257544351870192,2.4608263972329345,2.4573312265618537,0.0005737254448155,0.8951522560907217,0.4492886536264789,,0.944595023595882,0.0584312198821291,0.0001824106429953,0.0008929730899053,0.980959201531761,0.9608162157703038,2.4573312265618537,0.7731552389018922,0.0721442172588314,True,0.2181471122215954,36,DE -> LSQ polish | `ftol` termination condition is satisfied.,2.3852601047223616,0.0058018907484727,0.0058018907484727,0.0726946938651316,0.0726946938651316,False,False,False,"dV/dQ valleys | R1=first_valley, R2=last_valley",31,3,0.1,0.5314830017709474,success,2,1,deformation_enabled,0.0,BOL,True,4.007682051068952
0,GMFEB23S_CELL076_C10C5C3Expansion_1_P25C_15P0PSI_20260206_R0_36_1_2_2818579691.xlsx,0,C/10,0.2499477913054036,0.02,2.3852601047223616,1.2896912082733307,1.1803420938196405,0.9730863528396472,2.777272007613498,0.0267014371593707,2.470033302092971,2.4777128513118907,0.0074070226455065,0.885551451916121,0.5221351498299707,,0.673161377226901,0.0569114897138614,0.007822790404729,0.0069527373780739,0.9791518721961278,0.9664589123470776,2.4777128513118907,0.9273340994572706,0.0312092690378969,True,0.1427719470619397,22,DE -> LSQ polish | Both `ftol` and `xtol` termination conditions are satisfied.,2.3852601047223616,0.0083334280846279,0.0035188943942323,0.5297918025554921,0.1335260412032031,False,False,False,"dV/dQ valleys | R1=first_valley, R2=last_valley",31,3,0.1,0.547896400041095,success,3,2,deformation_enabled,0.01,BOL,True,3.3660511499924497
0,GMFEB23S_CELL076_C10C5C3Expansion_1_P25C_15P0PSI_20260206_R0_36_1_2_2818579691.xlsx,0,C/10,0.2499477913054036,0.02,2.3852601047223616,1.3269867297262303,1.1768330741523911,0.9634811964980744,2.7543036271327255,0.0251609320083297,2.5038198038786215,2.48168414674913,0.010832726737032,0.8911729726653925,0.5299849165146068,,0.6421131968358608,0.0609479171750564,0.0129481841753764,0.008447355345252,0.9742817071181578,0.9513034631192852,2.48168414674913,0.9629741238945811,0.0199966448273562,True,0.0618555672464462,17,DE -> LSQ polish | `ftol` termination condition is satisfied.,2.3852601047223616,0.0101246029989321,0.0030729262646305,0.5676075466043458,0.0441809990455437,False,False,False,"dV/dQ valleys | R1=first_valley, R2=last_valley",31,3,0.1,0.54457573993942,success,3,2,deformation_enabled,0.02,BOL,True,3.6341169500681616
0,GMFEB23S_CELL076_C10C5C3Expansion_1_P25C_15P0PSI_20260206_R0_36_1_2_2818579691.xlsx,0,C/10,0.2499477913054036,0.02,2.3852601047223616,1.3417648295562925,1.188717110599459,0.9564025375691172,2.7432347231434595,0.0244788102130111,2.5304819401557515,2.487310470995354,0.0137915404815234,0.893985194263554,0.5302408241940295,,0.6190471465301848,0.062796305987823,0.0174959282601536,0.0096102115580273,0.970033687852064,0.9410163722039772,2.487310470995354,0.9861733678540098,0.0140297719133779,True,0.0537109573440148,19,DE -> LSQ polish | `ftol` termination condition is satisfied.,2.3852601047223616,0.0120345315523,0.0028096344510901,0.5850168283310913,0.0476809504024536,False,False,False,"dV/dQ valleys | R1=first_valley, R2=last_valley",31,3,0.1,0.5401249789433554,success,3,2,deformation_enabled,0.03,BOL,True,3.761542360433559
0,GMFEB23S_CELL076_C10C5C3Expansion_1_P25C_15P0PSI_20260206_R0_36_1_2_2818579691.xlsx,0,C/10,0.2499477913054036,0.02,2.3852601047223616,1.3514256063559793,1.193432137946941,0.9530407985109662,2.7383922797433695,0.0241666347519518,2.54485774430292,2.491530982759394,0.0157545749245374,0.8952106127702867,0.5310417092591388,,0.6039848444512457,0.0634971483896755,0.0204786957985585,0.0104050475289908,0.9676437389114028,0.936504929290258,2.491530982759394,0.9970312332415588,0.0113657275002547,True,0.0478472774916702,24,DE -> LSQ polish | `ftol` termination condition is satisfied.,2.3852601047223616,0.0135171316087948,0.0026974905601551,0.5962824895138817,0.042429364722596,False,False,False,"dV/dQ valleys | R1=first_valley, R2=last_valley",31,3,0.1,0.5374415985897636,success,3,2,deformation_enabled,0.04,BOL,True,3.970409205249195
0,GMFEB23S_CELL076_C10C5C3Expansion_1_P25C_15P0PSI_20260206_R0_36_1_2_2818579691.xlsx,0,C/10,0.2499477913054036,0.02,2.3852601047223616,1.362638875935509,1.2020880253025377,0.94921859931013,2.7339356183547134,0.0238913480244044,2.5647269012380467,2.4998038841406163,0.0191936116317352,0.8963552380694139,0.53129979464002,,0.5788570059995454,0.0642533034354274,0.0257038601099963,0.0118138545076711,0.9647286645786566,0.9316374297792196,2.4998038841406163,1.0129934566628904,0.0082850230672152,True,0.0445387007821267,23,DE -> LSQ polish | `ftol` termination condition is satisfied.,2.3852601047223616,0.0162661411631843,0.0025498831175408,0.6210179588586635,0.0467583985220859,False,False,False,"dV/dQ valleys | R1=first_valley, R2=last_valley",31,3,0.1,0.5364574525905575,success,3,2,deformation_enabled,0.05,BOL,True,4.1875594245052
0,GMFEB23S_CELL076_C10C5C3Expansion_1_P25C_15P0PSI_20260206_R0_36_1_2_2818579691.xlsx,0,C/10,0.2499477913054036,0.02,2.3852601047223616,1.4053378453934555,1.2451231565312504,0.9345139659304512,2.724360953661232,0.0230082540745192,2.650461001924706,2.5395756114651915,0.0345723697363405,0.8985383858350859,0.5302239287327489,,0.4793475326391335,0.0667538510247703,0.0485690044862679,0.0187747352460945,0.9549533110512576,0.9114475736397056,2.5395756114651915,1.0686039816821182,3.9217206331171245e-17,True,0.0340432042057472,13,DE -> LSQ polish | `ftol` termination condition is satisfied.,2.3852601047223616,0.0270450766610886,0.0021045229682983,0.8014765218469315,0.0504281292056391,False,False,False,"dV/dQ valleys | R1=first_valley, R2=last_valley",31,3,0.1,0.535745791345365,success,3,2,deformation_enabled,0.06,BOL,True,5.048547128995267
0,GMFEB23S_CELL076_C10C5C3Expansion_1_P25C_15P0PSI_20260206_R0_36_1_2_2818579691.xlsx,0,C/10,0.2499477913054036,0.02,2.3852601047223616,1.4505418229934086,1.2309143509099176,0.937518235217658,2.7282087674636055,0.0230648558560088,2.6814561739033262,2.5768398019379872,0.047979137791277,0.8973601565561525,0.5409530228800616,,0.4279201565012802,0.0665425552165744,0.0687770094866285,0.0234703791590803,0.9577739490124244,0.9136496580591964,2.5768398019379872,1.0904056498534935,7.935728167649915e-23,True,0.024462308740778,10,DE -> LSQ polish | `ftol` termination condition is satisfied.,2.3852601047223616,0.0337406952184374,0.0018982093069531,0.8503914174407478,0.0359265080133162,False,False,True,"dV/dQ valleys | R1=first_valley, R2=last_valley",31,3,0.1,0.5462941944724867,success,3,2,deformation_enabled,0.07,BOL,True,6.10977644371005
0,GMFEB23S_CELL076_C10C5C3Expansion_1_P25C_15P0PSI_20260206_R0_36_1_2_2818579691.xlsx,0,C/10,0.2499477913054036,0.02,2.3852601047223616,1.4696100035064397,1.2202688841743643,0.9396821762078554,2.7300675278084405,0.0231539347011305,2.6898788876808037,2.5908430521800168,0.0529284581700453,0.8968539734093771,0.5463480196959827,,0.4119922555665229,0.0662799645829437,0.0759799878149689,0.0251667418781265,0.9590661089228064,0.9163403106848732,2.5908430521800168,1.097637350373118,3.2660873807073845e-14,True,0.0215129203203365,9,DE -> LSQ polish | `ftol` termination condition is satisfied.,2.3852601047223616,0.0357253189698933,0.001886565418812,0.8748284462604601,0.0252064836770996,False,False,True,"dV/dQ valleys | R1=first_valley, R2=last_valley",31,3,0.1,0.5518138237295372,success,3,2,deformation_enabled,0.08,BOL,True,6.578404555343691
0,GMFEB23S_CELL076_C10C5C3Expansion_1_P25C_15P0PSI_20260206_R0_36_1_2_2818579691.xlsx,0,C/10,0.2499477913054036,0.02,2.3852601047223616,1.4592983980248468,1.2291861250988745,0.93814800874527,2.7288081615461848,0.0230701806053246,2.688484523123721,2.58515049903515,0.0509343818090978,0.8971734386998169,0.5427959080565224,,0.4184424463138227,0.0665007113920704,0.0732305557253978,0.0244642075907524,0.9584229708904252,0.9140784136271818,2.58515049903515,1.0959397386571483,2.224191717255396e-23,True,0.020695180499217,10,DE -> LSQ polish | `ftol` termination condition is satisfied.,2.3852601047223616,0.034925399347168,0.0018761732547683,0.8643158390530072,0.0231018837583404,False,False,True,"dV/dQ valleys | R1=first_valley, R2=last_valley",31,3,0.1,0.5489175339912039,success,3,2,deformation_enabled,0.09,BOL,True,6.31482851148289
0,GMFEB23S_CELL076_C10C5C3Expansion_1_P25C_15P0PSI_20260206_R0_36_1_2_2818579691.xlsx,0,C/10,0.2499477913054036,0.02,2.3852601047223616,1.433412060944648,1.2488314134138672,0.9347282468718812,2.726048596017905,0.0229065913828086,2.682243474358515,2.56961322174934,0.0454502497307678,0.8978946998877883,0.5344078845368289,,0.436830575316307,0.0669516158294696,0.06537209356798,0.0225839037005594,0.956863757730794,0.9093258301705892,2.56961322174934,1.0903035225674111,3.5341034568832673e-32,True,0.0196280709728902,16,DE -> LSQ polish | `ftol` termination condition is satisfied.,2.3852601047223616,0.0325075317022696,0.0018288577434091,0.8407112661326345,0.0235848447587414,False,False,True,"dV/dQ valleys | R1=first_valley, R2=last_valley",31,3,0.1,0.5438503257838899,success,3,2,deformation_enabled,0.1,BOL,True,5.65350287044832
0,GMFEB23S_CELL076_C10C5C3Expansion_1_P25C_15P0PSI_20260206_R0_36_1_2_2818579691.xlsx,0,C/10,0.2499477913054036,0.02,2.3852601047223616,1.3469719211869005,1.0499110801512002,0.9968165104644252,2.7999999999999994,0.0326913882705366,2.3968830013381006,2.4807884365428463,0.0016656819130317,0.8845699970999517,0.5619681563242471,,0.8287022079533418,0.040229108154032,0.0008124845636982,0.0027602821077622,0.9967816145210516,0.9968612798327804,2.4807884365428463,1.0,0.0,True,1.167710802009554,8,DE -> LSQ polish | `ftol` termination condition is satisfied.,2.3852601047223616,0.0115953448718861,0.0115953448718861,0.3120121030519495,0.3120121030519495,False,False,False,"dV/dQ valleys | R1=first_valley, R2=last_valley",31,3,0.1,0.5109632173724485,success,3,2,deformation_disabled,0.0,BOL,True,7.098194359408255
0,GMFEB23S_CELL076_C10C5C3Expansion_1_P25C_15P0PSI_20260206_R0_36_1_2_2818579691.xlsx,0,C/10,0.2499477913054036,0.02,2.3852601047223616,1.3826856078617618,1.118712505989803,0.9645612157741345,2.7108252669400783,0.0247454539469395,2.501398113851565,2.479832207633058,0.0109904540813379,0.9046472808230008,0.5527651117209611,,0.6486176946740451,0.0583090914953233,0.0133081707847177,0.0081258454247745,0.9671632134887173,0.9613452467272348,2.479832207633058,1.0,0.0,True,0.1844226911320627,8,DE -> LSQ polish | `ftol` termination condition is satisfied.,2.3852601047223616,0.0094048761406519,0.0040561487366721,0.5670542874693123,0.1496941383765294,False,False,False,"dV/dQ valleys | R1=first_valley, R2=last_valley",31,3,0.1,0.5189726625553777,success,3,2,deformation_disabled,0.01,BOL,True,5.519028527863061
0,GMFEB23S_CELL076_C10C5C3Expansion_1_P25C_15P0PSI_20260206_R0_36_1_2_2818579691.xlsx,0,C/10,0.2499477913054036,0.02,2.3852601047223616,1.390455281064106,1.13855180557303,0.956283988080968,2.698660356645161,0.0234138811968343,2.5290070866371357,2.481635095675487,0.0131232838956416,0.9072820933817858,0.5498028409691087,,0.6262828543581297,0.0611003245888099,0.0163042705959046,0.0092385069933299,0.9607463891555073,0.9508342851250308,2.481635095675487,1.0,0.0,True,0.082513051108191,8,DE -> LSQ polish | `ftol` termination condition is satisfied.,2.3852601047223616,0.010932444491038,0.0035561645597485,0.585174548731685,0.0503254166561972,False,False,False,"dV/dQ valleys | R1=first_valley, R2=last_valley",31,3,0.1,0.5222211799701182,success,3,2,deformation_disabled,0.02,BOL,True,5.409457130485284
0,GMFEB23S_CELL076_C10C5C3Expansion_1_P25C_15P0PSI_20260206_R0_36_1_2_2818579691.xlsx,0,C/10,0.2499477913054036,0.02,2.3852601047223616,1.3939859035411513,1.146098257702867,0.9539151376968624,2.689881063539847,0.022782513058455,2.5400841612440184,2.4843069828904945,0.0148674710423176,0.9095355137964846,0.548795163880885,,0.6094669780000641,0.0617712514437083,0.0187809465845462,0.01010755652098,0.9591162360563008,0.9475891026058396,2.4843069828904945,1.0,0.0,True,0.0721656749241517,10,DE -> LSQ polish | `ftol` termination condition is satisfied.,2.3852601047223616,0.0123972400461197,0.0033343539842634,0.5966319051894078,0.0481540148925872,False,False,False,"dV/dQ valleys | R1=first_valley, R2=last_valley",31,3,0.1,0.5219252493692564,success,3,2,deformation_disabled,0.03,BOL,True,5.509469470251063
0,GMFEB23S_CELL076_C10C5C3Expansion_1_P25C_15P0PSI_20260206_R0_36_1_2_2818579691.xlsx,0,C/10,0.2499477913054036,0.02,2.3852601047223616,1.3981295790820574,1.1461765814345783,0.9533598591446604,2.686603933583449,0.022547478879467,2.5443061605166357,2.486215508260997,0.0158704399318321,0.9103821443862844,0.5495131052931772,,0.6003792781954822,0.0619070892394798,0.0201905302869628,0.0106007055753199,0.9587823870111724,0.94674534901911,2.486215508260997,1.0,0.0,True,0.0665836443501644,6,DE -> LSQ polish | `ftol` termination condition is satisfied.,2.3852601047223616,0.0132933281964182,0.0032900638579387,0.6031068983785342,0.0387319683528246,False,False,False,"dV/dQ valleys | R1=first_valley, R2=last_valley",31,3,0.1,0.5222223101579722,success,3,2,deformation_disabled,0.04,BOL,True,5.6207344906244865
0,GMFEB23S_CELL076_C10C5C3Expansion_1_P25C_15P0PSI_20260206_R0_36_1_2_2818579691.xlsx,0,C/10,0.2499477913054036,0.02,2.3852601047223616,1.3995829619744606,1.1465118340693463,0.9532547510224404,2.6845357251180104,0.0224318778732351,2.546094796043807,2.4872961384144547,0.0164239195747484,0.9109505451439072,0.5496978997597307,,0.5954454757907198,0.0619323012665728,0.0209748622476771,0.0108684410906351,0.95872031205469,0.9465827692154865,2.4872961384144547,1.0,0.0,True,0.0655701946517632,12,DE -> LSQ polish | `ftol` termination condition is satisfied.,2.3852601047223616,0.0137967331587144,0.0032950114127653,0.6066281360336218,0.0370187946327319,False,False,False,"dV/dQ valleys | R1=first_valley, R2=last_valley",31,3,0.1,0.5241069030897687,success,3,2,deformation_disabled,0.05,BOL,True,5.636591685510784
0,GMFEB23S_CELL076_C10C5C3Expansion_1_P25C_15P0PSI_20260206_R0_36_1_2_2818579691.xlsx,0,C/10,0.2499477913054036,0.02,2.3852601047223616,1.4007300072369977,1.1469314917280071,0.9532096299563804,2.682385968206389,0.0223172972927816,2.547661498965005,2.488319079788997,0.0169549094248729,0.9115480541615614,0.5498100936117487,,0.5907901032296716,0.061943221065711,0.0217263364872296,0.0111276380387537,0.95869342623334,0.946512352870424,2.488319079788997,1.0,0.0,True,0.0647711425165886,11,DE -> LSQ polish | `ftol` termination condition is satisfied.,2.3852601047223616,0.0142823646782389,0.0033057744682877,0.6100547702177853,0.0352089967795854,False,False,False,"dV/dQ valleys | R1=first_valley, R2=last_valley",31,3,0.1,0.523949034832605,success,3,2,deformation_disabled,0.06,BOL,True,5.679879915157039
0,GMFEB23S_CELL076_C10C5C3Expansion_1_P25C_15P0PSI_20260206_R0_36_1_2_2818579691.xlsx,0,C/10,0.2499477913054036,0.02,2.3852601047223616,1.396071134135995,1.150661238306891,0.9527748413678114,2.682265035903667,0.0223035497063062,2.546732372442886,2.4862865637143052,0.0161785462359582,0.9115743983339688,0.5481813280587667,,0.5974981054114422,0.062040552783686,0.0206470155039967,0.0107570540094004,0.958453784171424,0.9458847091059488,2.4862865637143052,1.0,0.0,True,0.0629557907087268,7,DE -> LSQ polish | `ftol` termination condition is satisfied.,2.3852601047223616,0.0135509520768268,0.0032952084676961,0.6049928414200986,0.0322792793784558,False,False,False,"dV/dQ valleys | R1=first_valley, R2=last_valley",31,3,0.1,0.523414539656992,success,3,2,deformation_disabled,0.07,BOL,True,5.557767837388874
0,GMFEB23S_CELL076_C10C5C3Expansion_1_P25C_15P0PSI_20260206_R0_36_1_2_2818579691.xlsx,0,C/10,0.2499477913054036,0.02,2.3852601047223616,1.3801615239252685,1.162881728672928,0.951100203008935,2.6845466537548535,0.0223789170718062,2.5430432525981965,2.478766200746422,0.0131452145181296,0.9108939672334854,0.5427204285712303,,0.6255677654754659,0.0624148093147931,0.016405934782353,0.0092752417272593,0.9575273815296584,0.9434721319136704,2.478766200746422,1.0,0.0,True,0.0589482600659645,8,DE -> LSQ polish | `ftol` termination condition is satisfied.,2.3852601047223616,0.0108812623298696,0.0031889141124432,0.5854795146702362,0.033799800203701,False,False,False,"dV/dQ valleys | R1=first_valley, R2=last_valley",31,3,0.1,0.5198929117322004,success,3,2,deformation_disabled,0.08,BOL,True,5.151848355696902
0,GMFEB23S_CELL076_C10C5C3Expansion_1_P25C_15P0PSI_20260206_R0_36_1_2_2818579691.xlsx,0,C/10,0.2499477913054036,0.02,2.3852601047223616,1.3541880749752324,1.1843033814796935,0.9481257389996554,2.686940232379586,0.0224359236126635,2.538491456454926,2.4670930739010988,0.008488893401032,0.9101594672844732,0.5334617422216554,,0.6772689365249005,0.0630681723188123,0.0099901021776183,0.006772340822451,0.9558737304700792,0.9392663218787244,2.4670930739010988,1.0,0.0,True,0.0520072262942377,16,DE -> LSQ polish | `ftol` termination condition is satisfied.,2.3852601047223616,0.0084750474971107,0.0029788525111408,0.5403713951585081,0.0360838056069744,False,False,False,"dV/dQ valleys | R1=first_valley, R2=last_valley",31,3,0.1,0.515620129373619,success,3,2,deformation_disabled,0.09,BOL,True,4.467486936726771
0,GMFEB23S_CELL076_C10C5C3Expansion_1_P25C_15P0PSI_20260206_R0_36_1_2_2818579691.xlsx,0,C/10,0.2499477913054036,0.02,2.3852601047223616,1.3235892813259678,1.2109296976714576,0.9441197790640268,2.6897535837437303,0.0224730206925333,2.5345189789974256,2.4533363864299207,0.0030101939758557,0.9092680487346338,0.522225042421871,,0.7824010196553314,0.063931097620257,0.0024466528053003,0.0036261645432367,0.9536421177418044,0.933711523794296,2.4533363864299207,1.0,0.0,True,0.0436785735229892,8,DE -> LSQ polish | `ftol` termination condition is satisfied.,2.3852601047223616,0.0118568560882618,0.0027216220421353,0.3929459812445822,0.035913557889839,False,False,False,"dV/dQ valleys | R1=first_valley, R2=last_valley",31,3,0.1,0.5093071229732411,success,3,2,deformation_disabled,0.1,BOL,True,3.673703272343863
4,GMFEB23S_CELL076_C100Expansion_1_P25C_15P0PSI_20260124_R0_36_1_2_2818579684.xlsx,0,C/100,0.0249907556966445,0.0,2.34403792206734,1.2340146703649035,1.2803556034105257,0.9329663875255856,2.72815891859656,0.0191251760501185,2.5143702737754294,2.39799947083684,0.0007099309028815,0.8783265613100277,0.4907847834646804,,0.9339846189611332,0.0679159693778578,0.0003444173440643,0.0010622151375083,0.9682228981526112,0.8989859439490236,2.39799947083684,0.9614576180845672,0.0313715339952733,True,0.0621553348924601,19,DE -> LSQ polish | `ftol` termination condition is satisfied.,2.34403792206734,0.0031855783748702,0.0031855783748702,0.0502078161843988,0.0502078161843988,False,False,False,"dV/dQ valleys | R1=first_valley, R2=last_valley",31,3,0.01,0.5541101294295357,success,2,1,deformation_enabled,0.0,BOL,True,0.0606797085359681
4,GMFEB23S_CELL076_C100Expansion_1_P25C_15P0PSI_20260124_R0_36_1_2_2818579684.xlsx,0,C/100,0.0249907556966445,0.0,2.34403792206734,1.24646772135682,1.264429701288439,0.9348594972753972,2.7246618036184396,0.0190882393022598,2.510897422645259,2.3993452987694335,0.0013136260156031,0.8793924131833563,0.4964231951951474,,0.8772374481736251,0.0676468102008773,0.0006612054486578,0.0019567785583012,0.9683270051005716,0.9018675046531984,2.3993452987694335,0.9731905670939548,0.0278110323519338,True,0.0543642374517698,29,DE -> LSQ polish | `ftol` termination condition is satisfied.,2.34403792206734,0.0034917223990644,0.002847651170367,0.189350156426112,0.0604810673767369,False,False,False,"dV/dQ valleys | R1=first_valley, R2=last_valley",31,3,0.01,0.5525578884324884,success,3,2,deformation_enabled,0.01,BOL,True,0.5157783934039143
4,GMFEB23S_CELL076_C100Expansion_1_P25C_15P0PSI_20260124_R0_36_1_2_2818579684.xlsx,0,C/100,0.0249907556966445,0.0,2.34403792206734,1.2781102377484002,1.3323287208521326,0.9034093820192276,2.7091956601394367,0.0179516363905336,2.6104389586005325,2.4069295417898577,0.0054615811926613,0.8831670789498567,0.4896150639866333,,0.7518125724944911,0.0705615811101332,0.0066805978072016,0.0042921718789952,0.9523094708606832,0.8564995818279741,2.4069295417898577,1.055156091407157,0.0056078860052986,True,0.0270910148720262,22,DE -> LSQ polish | `ftol` termination condition is satisfied.,2.34403792206734,0.0079615775681572,0.0020546910892088,0.5469459757496733,0.0400927912745317,False,False,False,"dV/dQ valleys | R1=first_valley, R2=last_valley",31,3,0.01,0.5365561003929923,success,3,2,deformation_enabled,0.02,BOL,True,2.440042293741433
4,GMFEB23S_CELL076_C100Expansion_1_P25C_15P0PSI_20260124_R0_36_1_2_2818579684.xlsx,0,C/100,0.0249907556966445,0.0,2.34403792206734,1.2795867525914806,1.3415477634078483,0.9004469258962536,2.7073826460089587,0.0178549758800292,2.621134515999329,2.4085327691346605,0.006163207239542,0.8836498148632675,0.4881804977123151,,0.7414683192446142,0.0707139790932728,0.0078501662470613,0.0045541624801491,0.9502956563339048,0.8529025378230028,2.4085327691346605,1.0628848416948593,0.0037747192895782,True,0.0248773935343091,14,DE -> LSQ polish | `ftol` termination condition is satisfied.,2.34403792206734,0.0086364641179018,0.0020000618279216,0.5696711258775242,0.0367662752146414,False,False,False,"dV/dQ valleys | R1=first_valley, R2=last_valley",31,3,0.01,0.5368952134439687,success,3,2,deformation_enabled,0.03,BOL,True,2.6674534804323717
4,GMFEB23S_CELL076_C100Expansion_1_P25C_15P0PSI_20260124_R0_36_1_2_2818579684.xlsx,0,C/100,0.0249907556966445,0.0,2.34403792206734,1.2856616095768194,1.3582981968493733,0.8943608663818197,2.704241719456009,0.0176498044039769,2.6439598064261927,2.4123835205635107,0.007797494136102,0.8844502480192287,0.486263674074014,,0.7200133968527161,0.0710166522387264,0.0106142610249428,0.0051313571563801,0.9457957465202416,0.8456765952370443,2.4123835205635107,1.078873859092201,1.853564491534156e-12,True,0.0218828062856877,18,DE -> LSQ polish | `ftol` termination condition is satisfied.,2.34403792206734,0.0102420578977108,0.0018931917436578,0.6088977588630501,0.0339607127844222,False,False,False,"dV/dQ valleys | R1=first_valley, R2=last_valley",31,3,0.01,0.5343773797928019,success,3,2,deformation_enabled,0.04,BOL,True,3.206759543144621
4,GMFEB23S_CELL076_C100Expansion_1_P25C_15P0PSI_20260124_R0_36_1_2_2818579684.xlsx,0,C/100,0.0249907556966445,0.0,2.34403792206734,1.2865333731848063,1.3590896000453343,0.8941478940429592,2.703923771504847,0.0176121735352437,2.6456229732301404,2.4132001846352167,0.0081418584945847,0.8845145421485366,0.4862874968212229,,0.715358133880857,0.0710289766579435,0.0111520967508308,0.005292324528782,0.9458617533217244,0.8451949933009363,2.4132001846352167,1.0795900519711377,2.272075545057132e-11,True,0.0208448251541875,14,DE -> LSQ polish | `ftol` termination condition is satisfied.,2.34403792206734,0.0106629095410142,0.0018924729595603,0.6153989000567316,0.0298467072306486,False,False,False,"dV/dQ valleys | R1=first_valley, R2=last_valley",31,3,0.01,0.5344989595327531,success,3,2,deformation_enabled,0.05,BOL,True,3.2454519648626934
4,GMFEB23S_CELL076_C100Expansion_1_P25C_15P0PSI_20260124_R0_36_1_2_2818579684.xlsx,0,C/100,0.0249907556966445,0.0,2.34403792206734,1.2873517667404082,1.3599431187304964,0.8940947673775939,2.703861988325525,0.0176005453704285,2.6472948854709046,2.414521950405903,0.0086482933440148,0.8845227226813274,0.4862895228656826,,0.7088038212404152,0.0710352628400603,0.0119540878376592,0.0055189562980312,0.946011667222234,0.8449493478530762,2.414521950405903,1.080813659300114,4.921256203645797e-18,True,0.0207165344769446,18,DE -> LSQ polish | `ftol` termination condition is satisfied.,2.34403792206734,0.0112853013870123,0.0018898716666159,0.6238924337173087,0.0306205792848777,False,False,False,"dV/dQ valleys | R1=first_valley, R2=last_valley",31,3,0.01,0.5345591292842653,success,3,2,deformation_enabled,0.06,BOL,True,3.2872592429154444
4,GMFEB23S_CELL076_C100Expansion_1_P25C_15P0PSI_20260124_R0_36_1_2_2818579684.xlsx,0,C/100,0.0249907556966445,0.0,2.34403792206734,1.2905900054183908,1.3626153036842652,0.8939882667978815,2.7036575187836425,0.0175622698785572,2.653205309102656,2.4194167787476895,0.0105142612147552,0.8845500099240889,0.4864267386284112,,0.68680110572215,0.0710543388655946,0.0149070096655357,0.0063537052371688,0.9465511537439638,0.8442039130647315,2.4194167787476895,1.0851810562659128,1.3103977683011043e-14,True,0.020180175778643,16,DE -> LSQ polish | `ftol` termination condition is satisfied.,2.34403792206734,0.0135964647273875,0.0018639257001859,0.6466051819835565,0.0315258422394581,False,False,False,"dV/dQ valleys | R1=first_valley, R2=last_valley",31,3,0.01,0.5367288959043153,success,3,2,deformation_enabled,0.07,BOL,True,3.4040636648578384
4,GMFEB23S_CELL076_C100Expansion_1_P25C_15P0PSI_20260124_R0_36_1_2_2818579684.xlsx,0,C/100,0.0249907556966445,0.0,2.34403792206734,1.2969706856998808,1.3650367379939168,0.8938705772230742,2.703824107286146,0.017519375466612,2.6620074236937974,2.4268594221205064,0.0133178405162934,0.8844536985058696,0.4872152775217307,,0.6581279072942459,0.0710816435314992,0.0192651467159622,0.0076670901847035,0.9472690587027212,0.8431369272917859,2.4268594221205064,1.0911417139051178,2.9289229898961087e-21,True,0.0193873518754388,12,DE -> LSQ polish | `ftol` termination condition is satisfied.,2.34403792206734,0.0170717161131416,0.0018479859354122,0.668266757233699,0.0299447266229761,False,False,False,"dV/dQ valleys | R1=first_valley, R2=last_valley",31,3,0.01,0.5372866747875763,success,3,2,deformation_enabled,0.08,BOL,True,3.621521290892789
4,GMFEB23S_CELL076_C100Expansion_1_P25C_15P0PSI_20260124_R0_36_1_2_2818579684.xlsx,0,C/100,0.0249907556966445,0.0,2.34403792206734,1.3005229063059611,1.3643461179132153,0.8942041349360275,2.7038711808166247,0.0175123100046304,2.6648690242191764,2.430287930850771,0.0145969569606828,0.8844315399952368,0.4880250753363095,,0.645971954287975,0.0710772974893974,0.0212484447757358,0.0082566213589498,0.9476004189090604,0.8433067577928235,2.430287930850771,1.093635873041629,5.030403996594104e-18,True,0.0191002471024239,9,DE -> LSQ polish | `ftol` termination condition is satisfied.,2.34403792206734,0.0186323429702244,0.0018551028558672,0.6770575066409443,0.0287471769302855,False,False,False,"dV/dQ valleys | R1=first_valley, R2=last_valley",31,3,0.01,0.5395260158508486,success,3,2,deformation_enabled,0.09,BOL,True,3.665695140323784
4,GMFEB23S_CELL076_C100Expansion_1_P25C_15P0PSI_20260124_R0_36_1_2_2818579684.xlsx,0,C/100,0.0249907556966445,0.0,2.34403792206734,1.2973138094520624,1.3664999569204912,0.8938006778863128,2.703542356532658,0.0174999373911214,2.6638137663725536,2.428230372120247,0.0138450474822654,0.884524608339355,0.4870137041219208,,0.6531898361812769,0.0710884029041488,0.0201036420609437,0.0079033267134051,0.9474463745617973,0.8428727909541941,2.428230372120247,1.0926469652076845,5.4602355865122e-13,True,0.0190236432888724,14,DE -> LSQ polish | `ftol` termination condition is satisfied.,2.34403792206734,0.0176941770291446,0.0018624949835058,0.6716274563938122,0.0287556865234626,False,False,False,"dV/dQ valleys | R1=first_valley, R2=last_valley",31,3,0.01,0.5372812858416697,success,3,2,deformation_enabled,0.1,BOL,True,3.6685155273967696
4,GMFEB23S_CELL076_C100Expansion_1_P25C_15P0PSI_20260124_R0_36_1_2_2818579684.xlsx,0,C/100,0.0249907556966445,0.0,2.34403792206734,1.3872729268777433,1.035764294048739,0.9679166239419064,2.6662723070119148,0.0196394027597004,2.4230372209264823,2.397662002269182,0.0005200433928612,0.8987836356660152,0.5725347158915289,,0.924259197142229,0.0571871512009521,7.822363626668294e-07,0.0012155268619562,0.9695839046897036,0.9656835160270906,2.397662002269182,1.0,0.0,True,0.1719774340460051,27,DE -> LSQ polish | `ftol` termination condition is satisfied.,2.34403792206734,0.0054107035743284,0.0054107035743284,0.0706350130674812,0.0706350130674812,False,False,False,"dV/dQ valleys | R1=first_valley, R2=last_valley",31,3,0.01,0.5373078251358172,success,3,2,deformation_disabled,0.0,BOL,True,6.580335385778955
4,GMFEB23S_CELL076_C100Expansion_1_P25C_15P0PSI_20260124_R0_36_1_2_2818579684.xlsx,0,C/100,0.0249907556966445,0.0,2.34403792206734,1.3602154739482593,1.1137061766199656,0.9501421489222328,2.6253592475947696,0.016411993041079,2.473921650568225,2.393664611037988,0.0026432976433543,0.9092566291474852,0.5498215651396385,,0.792927725414296,0.0626614390247028,0.0020080739411623,0.0034191226565212,0.9569032517537212,0.9418845340455182,2.393664611037988,1.0,0.0,True,0.1275683653648576,8,DE -> LSQ polish | `ftol` termination condition is satisfied.,2.34403792206734,0.006515684984544,0.0042922840436288,0.3931938923437569,0.0980732997105458,False,False,False,"dV/dQ valleys | R1=first_valley, R2=last_valley",31,3,0.01,0.5295916178589123,success,3,2,deformation_disabled,0.01,BOL,True,5.269348553551332
4,GMFEB23S_CELL076_C100Expansion_1_P25C_15P0PSI_20260124_R0_36_1_2_2818579684.xlsx,0,C/100,0.0249907556966445,0.0,2.34403792206734,1.3624010377768416,1.1325819151217458,0.9430392795161175,2.618172443070814,0.0155110524932473,2.4949829528985874,2.3934775365073246,0.0035387032319729,0.9108065202425196,0.5460562510834192,,0.7663760058835501,0.064288866294945,0.0032039788961679,0.0039413485297488,0.9527080448705384,0.931408565854698,2.3934775365073246,1.0,0.0,True,0.0975592827695643,9,DE -> LSQ polish | `ftol` termination condition is satisfied.,2.34403792206734,0.0076462059709828,0.0042151953068379,0.4626608217626342,0.038822181338845,False,False,False,"dV/dQ valleys | R1=first_valley, R2=last_valley",31,3,0.01,0.530251448965513,success,3,2,deformation_disabled,0.02,BOL,True,4.9477592732012114
4,GMFEB23S_CELL076_C100Expansion_1_P25C_15P0PSI_20260124_R0_36_1_2_2818579684.xlsx,0,C/100,0.0249907556966445,0.0,2.34403792206734,1.3612631094723933,1.1315639968746447,0.943586687402278,2.6192578225959227,0.0156151382408118,2.492827106347038,2.3930985445327706,0.0032736123000627,0.9105396095340522,0.5460720103718599,,0.7737857827993363,0.0641631464358346,0.0028396953478639,0.0037956111805806,0.9530372040715016,0.932217785826406,2.3930985445327706,1.0,0.0,True,0.0962010891505058,20,DE -> LSQ polish | Both `ftol` and `xtol` termination conditions are satisfied.,2.34403792206734,0.0072916402375274,0.004226516495404,0.4439791800863966,0.0350772323330635,False,False,False,"dV/dQ valleys | R1=first_valley, R2=last_valley",31,3,0.01,0.530115686377778,success,3,2,deformation_disabled,0.03,BOL,True,4.958197061688551
4,GMFEB23S_CELL076_C100Expansion_1_P25C_15P0PSI_20260124_R0_36_1_2_2818579684.xlsx,0,C/100,0.0249907556966445,0.0,2.34403792206734,1.3604398810411082,1.1315042440934864,0.9437417287080028,2.619719506210615,0.0156559454754481,2.4919441251345944,2.3927658422484743,0.0030954684549826,0.9104227006606076,0.5459351465063963,,0.778993784552661,0.0641268167913145,0.0025983410836414,0.0036931788970424,0.9531319095693632,0.9324516459702058,2.3927658422484743,1.0,0.0,True,0.0959869910808965,11,DE -> LSQ polish | `ftol` termination condition is satisfied.,2.34403792206734,0.0070582483298856,0.0042447567807913,0.4307429081525566,0.035015370357942,False,False,False,"dV/dQ valleys | R1=first_valley, R2=last_valley",31,3,0.01,0.530050049998481,success,3,2,deformation_disabled,0.04,BOL,True,4.95429502885652
4,GMFEB23S_CELL076_C100Expansion_1_P25C_15P0PSI_20260124_R0_36_1_2_2818579684.xlsx,0,C/100,0.0249907556966445,0.0,2.34403792206734,1.3586577141132536,1.132082368680771,0.943574746650713,2.6216177200382993,0.0157483485270143,2.4907400827940247,2.3914855921549076,0.0024737709768961,0.9098672370860588,0.5454835386071915,,0.7987942363255197,0.0641630749309076,0.0017822121248259,0.0033037386498521,0.9530373904732624,0.9322182461158668,2.3914855921549076,1.0,0.0,True,0.0943801336918783,12,DE -> LSQ polish | `ftol` termination condition is satisfied.,2.34403792206734,0.006307818771918,0.0042253444627845,0.3788828493612928,0.0360627280094656,False,False,False,"dV/dQ valleys | R1=first_valley, R2=last_valley",31,3,0.01,0.5301046990524017,success,3,2,deformation_disabled,0.05,BOL,True,4.927071298111481
4,GMFEB23S_CELL076_C100Expansion_1_P25C_15P0PSI_20260124_R0_36_1_2_2818579684.xlsx,0,C/100,0.0249907556966445,0.0,2.34403792206734,1.3522828396184072,1.1354799251658922,0.9429992680576776,2.6261064318145273,0.0159803363879359,2.4877627647842995,2.3879245304636574,0.0007719965314157,0.9085709388364857,0.5435738723807357,,0.8941548463437812,0.0642859384396503,1.0931482751434485e-06,0.001690092389317,0.9527158886546744,0.9314274040368482,2.3879245304636574,1.0,0.0,True,0.0900143115190574,20,DE -> LSQ polish | Both `ftol` and `xtol` termination conditions are satisfied.,2.34403792206734,0.0055131815574295,0.0041213394962103,0.1261230824534962,0.0403291928728339,False,False,False,"dV/dQ valleys | R1=first_valley, R2=last_valley",31,3,0.01,0.5276892668145586,success,3,2,deformation_disabled,0.06,BOL,True,4.854065894010621
4,GMFEB23S_CELL076_C100Expansion_1_P25C_15P0PSI_20260124_R0_36_1_2_2818579684.xlsx,0,C/100,0.0249907556966445,0.0,2.34403792206734,1.342630058634845,1.1409216061864074,0.9417341876545142,2.634073908712073,0.0163535737516858,2.483551664821253,2.381922031501973,-0.0020907205484912,0.9062442918194468,0.5406088698104363,,1.0,0.0645588580068666,0.0,3.2655830539958612e-06,0.951984731559705,0.9296714058736802,2.381922031501973,1.0,0.0,True,0.0830813684374909,7,DE -> LSQ polish | `ftol` termination condition is satisfied.,2.34403792206734,0.0143813848351049,0.0039600370696577,0.4632688744535928,0.0423178343629577,False,False,False,"dV/dQ valleys | R1=first_valley, R2=last_valley",31,3,0.01,0.5256833351231824,success,3,2,deformation_disabled,0.07,BOL,True,4.707249675683563
4,GMFEB23S_CELL076_C100Expansion_1_P25C_15P0PSI_20260124_R0_36_1_2_2818579684.xlsx,0,C/100,0.0249907556966445,0.0,2.34403792206734,1.327534753211213,1.1514399583985395,0.9395841472169,2.6429235583934987,0.0167515204192325,2.4789747116097525,2.37347832833501,-0.0059833533669241,0.9036624999755856,0.535517666636124,,1.0,0.0650160411444076,0.0,3.2655830539958612e-06,0.950758614617562,0.9267007191972256,2.37347832833501,1.0,0.0,True,0.0747562513665218,6,DE -> LSQ polish | `ftol` termination condition is satisfied.,2.34403792206734,0.0267191114659532,0.0037585909398668,0.4307249372067954,0.0430958724607554,False,False,False,"dV/dQ valleys | R1=first_valley, R2=last_valley",31,3,0.01,0.5234368009991015,success,3,2,deformation_disabled,0.08,BOL,True,4.438855118924094
4,GMFEB23S_CELL076_C100Expansion_1_P25C_15P0PSI_20260124_R0_36_1_2_2818579684.xlsx,0,C/100,0.0249907556966445,0.0,2.34403792206734,1.3068125946219118,1.1701507365584023,0.9355962545490408,2.6520155355316812,0.0170841967843365,2.476963331180314,2.362745170591758,-0.0107390797533717,0.900954555257709,0.5275865727084438,,1.0,0.065761670916022,0.0,3.2655830539958612e-06,0.9487213659368348,0.92093826192338,2.362745170591758,1.0,0.0,True,0.0654677222944062,7,DE -> LSQ polish | `ftol` termination condition is satisfied.,2.34403792206734,0.0399559535703753,0.0035145903724656,1.0017923168741945,0.0436299190908462,False,False,True,"dV/dQ valleys | R1=first_valley, R2=last_valley",31,3,0.01,0.5208777966895073,success,3,2,deformation_disabled,0.09,BOL,True,3.9904550732533792
4,GMFEB23S_CELL076_C100Expansion_1_P25C_15P0PSI_20260124_R0_36_1_2_2818579684.xlsx,0,C/100,0.0249907556966445,0.0,2.34403792206734,1.2799970749906069,1.2009053642821534,0.9289555125922676,2.659474205897073,0.0172488675995017,2.48090243927276,2.350520915627842,-0.0158772567102046,0.8986403535066446,0.5159401090217071,,1.0,0.0667975243248215,0.0,3.2655830539958612e-06,0.9458212285663066,0.9109790193926582,2.350520915627842,1.0,0.0,True,0.0562032419811124,9,DE -> LSQ polish | `ftol` termination condition is satisfied.,2.34403792206734,0.0529882007903562,0.0032581889181446,1.6268764601893644,0.042776394835309,False,False,True,"dV/dQ valleys | R1=first_valley, R2=last_valley",31,3,0.01,0.5176942012760792,success,3,2,deformation_disabled,0.1,BOL,True,3.2942886493151975
3,GMFEB23S_CELL076_C20Expansion_1_P25C_15P0PSI_20260124_R0_36_1_2_2818579686.xlsx,0,C/20,0.1249443744045486,0.0,2.3513615394447167,1.249170809893671,1.243155241520822,0.9441558588822048,2.741630962673231,0.0194954971073395,2.4923260514144925,2.406593702189933,0.0007152772976938,0.8771461333373952,0.501206818098586,,0.9310522151000812,0.0660182293546856,0.0003240063320479,0.0011084416047081,0.9694582864785144,0.9187309940567217,2.406593702189933,0.934280468148643,0.032172506469078,True,0.057576990243616,17,DE -> LSQ polish | `ftol` termination condition is satisfied.,2.3513615394447167,0.0030527886703789,0.0030527886703789,0.0470967594015045,0.0470967594015045,False,False,False,"dV/dQ valleys | R1=first_valley, R2=last_valley",31,3,0.05,0.5504869772930866,success,3,2,deformation_enabled,0.0,BOL,True,1.0981525910429757
3,GMFEB23S_CELL076_C20Expansion_1_P25C_15P0PSI_20260124_R0_36_1_2_2818579686.xlsx,0,C/20,0.1249443744045486,0.0,2.3513615394447167,1.2412917843977165,1.278069236704617,0.93451680796105,2.740211842932972,0.0191640923534012,2.519361021102333,2.4068988923678956,0.0012001773751363,0.8772588945888184,0.4927010356993598,,0.8856756882623228,0.0676125231738142,0.0005581210832801,0.001823757989796,0.967755488212477,0.9022352066472424,2.4068988923678956,0.9472398071696466,0.0296079201315169,True,0.0514863935792466,24,DE -> LSQ polish | `ftol` termination condition is satisfied.,2.3513615394447167,0.0032144562983538,0.0027767132751958,0.1763243063928591,0.0568416444018857,False,False,False,"dV/dQ valleys | R1=first_valley, R2=last_valley",31,3,0.05,0.5486892693375144,success,3,2,deformation_enabled,0.01,BOL,True,0.4476320930867834
3,GMFEB23S_CELL076_C20Expansion_1_P25C_15P0PSI_20260124_R0_36_1_2_2818579686.xlsx,0,C/20,0.1249443744045486,0.0,2.3513615394447167,1.2612814633770877,1.3479021831462183,0.9059366225953916,2.7274403848984985,0.0182191916487572,2.609183646523306,2.413446779545478,0.0047499458438846,0.8803320915177758,0.4834008004985484,,0.7511265412664243,0.0704027227520659,0.005220589740099,0.0043095471045924,0.9550679300068848,0.8599640250870643,2.413446779545478,1.020736072063265,0.0103969100106381,True,0.0326593435742357,21,DE -> LSQ polish | `ftol` termination condition is satisfied.,2.3513615394447167,0.0074648817011952,0.0021146584507983,0.5565186992457497,0.0537194155305828,False,False,False,"dV/dQ valleys | R1=first_valley, R2=last_valley",31,3,0.05,0.5333914569389716,success,3,2,deformation_enabled,0.02,BOL,True,2.393735303152195
3,GMFEB23S_CELL076_C20Expansion_1_P25C_15P0PSI_20260124_R0_36_1_2_2818579686.xlsx,0,C/20,0.1249443744045486,0.0,2.3513615394447167,1.260794606843672,1.3477340382972365,0.9063072888554576,2.727702619599964,0.0182673303670508,2.6085286451409084,2.41395636917476,0.004894324184832,0.8802973487968311,0.4833355421234279,,0.7486528432396456,0.0703712532099881,0.0054524532151989,0.0043721988608337,0.9551290368988118,0.8606361813373754,2.41395636917476,1.0218683485468147,0.0102948593533468,True,0.0266958763292917,16,DE -> LSQ polish | `ftol` termination condition is satisfied.,2.3513615394447167,0.0076038083989146,0.0020997672447073,0.5622166297015423,0.0337454995606091,False,False,False,"dV/dQ valleys | R1=first_valley, R2=last_valley",31,3,0.05,0.5330950274918945,success,3,2,deformation_enabled,0.03,BOL,True,2.3875095339431316
3,GMFEB23S_CELL076_C20Expansion_1_P25C_15P0PSI_20260124_R0_36_1_2_2818579686.xlsx,0,C/20,0.1249443744045486,0.0,2.3513615394447167,1.2682044445677465,1.359256842260084,0.9014362958201892,2.724015923078203,0.0180682996510967,2.62746128682783,2.4177073057615632,0.0065186233000559,0.8812649937392951,0.4826729325853804,,0.7231114229501603,0.0706324204156124,0.0081203030054061,0.0050242351476875,0.9513919526350122,0.8548275642996519,2.4177073057615632,1.0369663323180198,0.0065817299679356,True,0.0241538996623973,18,DE -> LSQ polish | `ftol` termination condition is satisfied.,2.3513615394447167,0.0091668622697199,0.0019794452974135,0.6161675641454247,0.0351606204803505,False,False,False,"dV/dQ valleys | R1=first_valley, R2=last_valley",31,3,0.05,0.5324012044385271,success,3,2,deformation_enabled,0.04,BOL,True,2.8232343314666863
3,GMFEB23S_CELL076_C20Expansion_1_P25C_15P0PSI_20260124_R0_36_1_2_2818579686.xlsx,0,C/20,0.1249443744045486,0.0,2.3513615394447167,1.2730883287932473,1.3640890647661623,0.8991767019945474,2.7223428683558564,0.0179683509780588,2.63717739355941,2.42020448345656,0.0075561590658542,0.8816955349329617,0.4827465652869693,,0.7095732871976349,0.0707438868870089,0.0097674897311315,0.0054923500860867,0.949515936421349,0.8521966252646873,2.42020448345656,1.0444202414043606,0.0048332262555238,True,0.022375603827105,14,DE -> LSQ polish | `ftol` termination condition is satisfied.,2.3513615394447167,0.0102112075154517,0.0019441487454068,0.6392160748561884,0.0310385622674718,False,False,False,"dV/dQ valleys | R1=first_valley, R2=last_valley",31,3,0.05,0.5313643013794712,success,3,2,deformation_enabled,0.05,BOL,True,3.061360832187449
3,GMFEB23S_CELL076_C20Expansion_1_P25C_15P0PSI_20260124_R0_36_1_2_2818579686.xlsx,0,C/20,0.1249443744045486,0.0,2.3513615394447167,1.2782405487155486,1.3748149767723823,0.8957486431574937,2.720185261837986,0.0178375798412207,2.653055525487931,2.4249924089682526,0.0094643129370506,0.8822498580902175,0.4817993956159148,,0.687276773317208,0.0709214686761207,0.0128324039992343,0.0063328147789807,0.9470998748049506,0.8480051688112797,2.4249924089682526,1.055737380800965,0.0025953620597714,True,0.0215141635500222,15,DE -> LSQ polish | `ftol` termination condition is satisfied.,2.3513615394447167,0.0122286501994889,0.0018820992852957,0.6678972079465274,0.0340971661731639,False,False,False,"dV/dQ valleys | R1=first_valley, R2=last_valley",31,3,0.05,0.5296970758448696,success,3,2,deformation_enabled,0.06,BOL,True,3.4500630954709224
3,GMFEB23S_CELL076_C20Expansion_1_P25C_15P0PSI_20260124_R0_36_1_2_2818579686.xlsx,0,C/20,0.1249443744045486,0.0,2.3513615394447167,1.292496742925603,1.3897715001920168,0.892056833800406,2.718003004067907,0.0176561987986129,2.6822682431176195,2.440725317733931,0.0154250705612034,0.8827625051292332,0.4818670713646911,,0.6297179057511479,0.0710986629356585,0.0222669841091784,0.0090620454344725,0.9453754744493476,0.8424718591980958,2.440725317733931,1.0773331731608826,1.0981604222514233e-12,True,0.0185027772344994,17,DE -> LSQ polish | `ftol` termination condition is satisfied.,2.3513615394447167,0.0189760842310072,0.0017038351819526,0.7110413101903856,0.0362800678313756,False,False,False,"dV/dQ valleys | R1=first_valley, R2=last_valley",31,3,0.05,0.5326299900254419,success,3,2,deformation_enabled,0.07,BOL,True,4.104735879348688
3,GMFEB23S_CELL076_C20Expansion_1_P25C_15P0PSI_20260124_R0_36_1_2_2818579686.xlsx,0,C/20,0.1249443744045486,0.0,2.3513615394447167,1.3120840633678248,1.386754636810045,0.8934312777531482,2.7189722863849237,0.0176285298715944,2.6988387001778698,2.459158392520134,0.0221818995336392,0.8824264357638341,0.4861661659443932,,0.5719973153171066,0.0710950952724046,0.0327095569382941,0.0122211096876298,0.9471464573105036,0.8426112729506002,2.459158392520134,1.0904503630974804,6.97830908969782e-21,True,0.0153009187128758,14,DE -> LSQ polish | `ftol` termination condition is satisfied.,2.3513615394447167,0.0263686949137581,0.0016028750614098,0.779534724824378,0.0292100232515403,False,False,False,"dV/dQ valleys | R1=first_valley, R2=last_valley",31,3,0.05,0.536359922973148,success,3,2,deformation_enabled,0.08,BOL,True,4.499877654944462
3,GMFEB23S_CELL076_C20Expansion_1_P25C_15P0PSI_20260124_R0_36_1_2_2818579686.xlsx,0,C/20,0.1249443744045486,0.0,2.3513615394447167,1.3232091754412965,1.3823443835317404,0.8945629037753116,2.719544778240173,0.0176315810829168,2.705553558973037,2.4682377223007133,0.0254758618106952,0.8822474382140838,0.489071514054061,,0.5458621654673345,0.0710729607085255,0.0376103331523473,0.013860490120624,0.9479331021341456,0.8434762263923232,2.4682377223007133,1.096156780029153,5.868764951448826e-19,True,0.0142322344066057,10,DE -> LSQ polish | `ftol` termination condition is satisfied.,2.3513615394447167,0.0295452560379486,0.0015964762458252,0.8302567037161132,0.0239197978448736,False,False,False,"dV/dQ valleys | R1=first_valley, R2=last_valley",31,3,0.05,0.5392932231467877,success,3,2,deformation_enabled,0.09,BOL,True,4.647952389550161
3,GMFEB23S_CELL076_C20Expansion_1_P25C_15P0PSI_20260124_R0_36_1_2_2818579686.xlsx,0,C/20,0.1249443744045486,0.0,2.3513615394447167,1.3194204123317737,1.385362100359812,0.8940607145435278,2.7191152076670555,0.0176132078782739,2.704782512691586,2.4661321273794936,0.0247259238860609,0.8823656585337708,0.4878101681524074,,0.5517686496231787,0.0710882855939399,0.0365323630005572,0.0134814580813643,0.9478026328454464,0.842877375091002,2.4661321273794936,1.0954275889151792,3.186940245439624e-24,True,0.0139984423725063,11,DE -> LSQ polish | `ftol` termination condition is satisfied.,2.3513615394447167,0.0288286188683167,0.0015995535345956,0.8183621358999634,0.0229705187726012,False,False,False,"dV/dQ valleys | R1=first_valley, R2=last_valley",31,3,0.05,0.5389276192559638,success,3,2,deformation_enabled,0.1,BOL,True,4.625035812613623
3,GMFEB23S_CELL076_C20Expansion_1_P25C_15P0PSI_20260124_R0_36_1_2_2818579686.xlsx,0,C/20,0.1249443744045486,0.0,2.3513615394447167,1.4135806557013693,0.9882396912156524,0.9794289396113272,2.7445131080912333,0.0236288608930233,2.4018203469170216,2.4172620739680153,0.000437508190186,0.8803788368769431,0.5885455411000421,,0.93397633698721,0.0520259264822904,6.818796217680498e-07,0.0010623456946942,0.979637337423271,0.979130846832548,2.4172620739680153,1.0,0.0,True,0.2112593604473789,34,DE -> LSQ polish | Both `ftol` and `xtol` termination conditions are satisfied.,2.3513615394447167,0.0059392868726819,0.0059392868726819,0.0794726746737945,0.0794726746737945,False,False,False,"dV/dQ valleys | R1=first_valley, R2=last_valley",31,3,0.05,0.7759418206924801,success,3,1,deformation_disabled,0.0,BOL,True,10.844128065006744
3,GMFEB23S_CELL076_C20Expansion_1_P25C_15P0PSI_20260124_R0_36_1_2_2818579686.xlsx,0,C/20,0.1249443744045486,0.0,2.3513615394447167,1.3474029790776094,1.1505384508103385,0.9449227359905048,2.663265541343824,0.0174685339011022,2.497941429887948,2.406884994670355,0.003603011152043,0.9003551642212139,0.5394053531263345,,0.764757683775356,0.0638257359501137,0.0032869280595078,0.0039731780945021,0.9539167785472772,0.9343897549098548,2.406884994670355,1.0,0.0,True,0.101452319934413,12,DE -> LSQ polish | `ftol` termination condition is satisfied.,2.3513615394447167,0.0070077521820762,0.003485229810233,0.4938938510849047,0.1080987352270787,False,False,False,"dV/dQ valleys | R1=first_valley, R2=last_valley",31,3,0.05,0.5230727141136579,success,3,2,deformation_disabled,0.01,BOL,True,4.366340959161476
3,GMFEB23S_CELL076_C20Expansion_1_P25C_15P0PSI_20260124_R0_36_1_2_2818579686.xlsx,0,C/20,0.1249443744045486,0.0,2.3513615394447167,1.3474167824956953,1.1670045832901883,0.9393053285964174,2.658017781060515,0.0168209400825425,2.514421365785884,2.4065197450529134,0.0041551698203057,0.9014506653609616,0.5358754904131032,,0.7513095087466442,0.0650802645021294,0.0040254764351521,0.0043049130571676,0.9505862409236908,0.9262804520798432,2.4065197450529134,1.0,0.0,True,0.0713870776215572,14,DE -> LSQ polish | `ftol` termination condition is satisfied.,2.3513615394447167,0.0075987288178706,0.003445053550939,0.5269298170505436,0.05169782607209,False,False,False,"dV/dQ valleys | R1=first_valley, R2=last_valley",31,3,0.05,0.5235000827893059,success,3,2,deformation_disabled,0.02,BOL,True,4.066024706459493
3,GMFEB23S_CELL076_C20Expansion_1_P25C_15P0PSI_20260124_R0_36_1_2_2818579686.xlsx,0,C/20,0.1249443744045486,0.0,2.3513615394447167,1.3464671226295986,1.1641747587664044,0.9404972401437358,2.658940723530655,0.0169531334748066,2.510641881396003,2.4063291374298315,0.0039393196898321,0.901275795742538,0.5363039359006139,,0.7564076413815308,0.0648161703868361,0.003734862503987,0.0041757918145306,0.9512950621345028,0.9280086406468868,2.4063291374298315,1.0,0.0,True,0.0661970443000166,9,DE -> LSQ polish | `ftol` termination condition is satisfied.,2.3513615394447167,0.0073561870637201,0.0034552000805882,0.5146017686678311,0.0328732428651514,False,False,False,"dV/dQ valleys | R1=first_valley, R2=last_valley",31,3,0.05,0.5232250150934539,success,3,2,deformation_disabled,0.03,BOL,True,4.112027901262791
3,GMFEB23S_CELL076_C20Expansion_1_P25C_15P0PSI_20260124_R0_36_1_2_2818579686.xlsx,0,C/20,0.1249443744045486,0.0,2.3513615394447167,1.3470301941918086,1.1642448988140084,0.9405367365051402,2.6576026084397344,0.0168859124752338,2.5112750930058167,2.4068225254824,0.0042149667422326,0.9016538352555286,0.5363929256270804,,0.7499223459213367,0.06480780452654,0.0041068601538224,0.0043400459578925,0.9513175158692934,0.9280633854642832,2.4068225254824,1.0,0.0,True,0.0657041000149882,12,DE -> LSQ polish | `ftol` termination condition is satisfied.,2.3513615394447167,0.0076654191424674,0.0034640529683065,0.5298865444146404,0.0322092935864663,False,False,False,"dV/dQ valleys | R1=first_valley, R2=last_valley",31,3,0.05,0.5231150646862973,success,3,2,deformation_disabled,0.04,BOL,True,4.127958845784701
3,GMFEB23S_CELL076_C20Expansion_1_P25C_15P0PSI_20260124_R0_36_1_2_2818579686.xlsx,0,C/20,0.1249443744045486,0.0,2.3513615394447167,1.3470853727576126,1.164497270338006,0.9404064180986512,2.657390466563958,0.0168627879903061,2.5115826430956187,2.406719449197423,0.0041993034696949,0.901701342591226,0.5363492125018351,,0.750283833252883,0.0648367078410885,0.0040855521432902,0.0043308905088703,0.951239940182338,0.9278742469153348,2.406719449197423,1.0,0.0,True,0.0647534482622895,13,DE -> LSQ polish | `ftol` termination condition is satisfied.,2.3513615394447167,0.0076456212221933,0.0034766490653652,0.5290713355571136,0.0282191680835167,False,False,False,"dV/dQ valleys | R1=first_valley, R2=last_valley",31,3,0.05,0.52316855994002,success,3,2,deformation_disabled,0.05,BOL,True,4.123068309368044
3,GMFEB23S_CELL076_C20Expansion_1_P25C_15P0PSI_20260124_R0_36_1_2_2818579686.xlsx,0,C/20,0.1249443744045486,0.0,2.3513615394447167,1.3436922598558538,1.1669671902286696,0.9398309529934268,2.659891359374212,0.0169715952220979,2.5106594500845234,2.4047380631009454,0.0032795862337666,0.9009782036716693,0.5351949503986362,,0.7739138329360422,0.0649591928969947,0.0028336171920248,0.0037930926584043,0.9509111937218674,0.9270727248026,2.4047380631009454,1.0,0.0,True,0.063611075300668,7,DE -> LSQ polish | `ftol` termination condition is satisfied.,2.3513615394447167,0.0066637211686564,0.0034589115975087,0.4720054364123012,0.0292088501400799,False,False,False,"dV/dQ valleys | R1=first_valley, R2=last_valley",31,3,0.05,0.5231877441949708,success,3,2,deformation_disabled,0.06,BOL,True,4.021839619888027
3,GMFEB23S_CELL076_C20Expansion_1_P25C_15P0PSI_20260124_R0_36_1_2_2818579686.xlsx,0,C/20,0.1249443744045486,0.0,2.3513615394447167,1.3365932390099469,1.1728730863822765,0.938543938124428,2.664016658298193,0.0171449658127812,2.509466325392223,2.400918882155457,0.0015472884175604,0.8997826670900684,0.5326205119732144,,0.8366785578221703,0.065232283797645,0.0005990970636698,0.002627836831206,0.9501782242073816,0.9252856339654092,2.400918882155457,1.0,0.0,True,0.0616856983617835,16,DE -> LSQ polish | `ftol` termination condition is satisfied.,2.3513615394447167,0.005861956452879,0.0034170935579633,0.3049437773365578,0.030383946150779,False,False,False,"dV/dQ valleys | R1=first_valley, R2=last_valley",31,3,0.05,0.5230681093278311,success,3,2,deformation_disabled,0.07,BOL,True,3.8072380194092488
3,GMFEB23S_CELL076_C20Expansion_1_P25C_15P0PSI_20260124_R0_36_1_2_2818579686.xlsx,0,C/20,0.1249443744045486,0.0,2.3513615394447167,1.324367358021172,1.183775055567515,0.9362820174821403,2.6692763621062285,0.0173388368322979,2.508142413588687,2.394610786430211,-0.0012092217335601,0.8982373353262281,0.5280271769441702,,1.0,0.0656367141125872,0.0,3.2655830539958612e-06,0.9490656441033436,0.9219801298603106,2.394610786430211,1.0,0.0,True,0.0584479929321049,8,DE -> LSQ polish | `ftol` termination condition is satisfied.,2.3513615394447167,0.0131500084853076,0.0033262019984557,0.3688222601037554,0.0330586554094281,False,False,False,"dV/dQ valleys | R1=first_valley, R2=last_valley",31,3,0.05,0.5206068135591062,success,3,2,deformation_disabled,0.08,BOL,True,3.5211214767734647
3,GMFEB23S_CELL076_C20Expansion_1_P25C_15P0PSI_20260124_R0_36_1_2_2818579686.xlsx,0,C/20,0.1249443744045486,0.0,2.3513615394447167,1.3033501047260525,1.2069482325614591,0.931605595806068,2.6740191736002714,0.0174373834155786,2.510298337287512,2.38523587575039,-0.0050804962484193,0.8967734639713767,0.5192012779382947,,1.0,0.0664052761131857,0.0,3.2655830539958612e-06,0.9469308304409236,0.9150562976444556,2.38523587575039,1.0,0.0,True,0.0530752471429791,7,DE -> LSQ polish | `ftol` termination condition is satisfied.,2.3513615394447167,0.0261592464104142,0.0031602691813669,0.4512859964398091,0.0360231464419442,False,False,False,"dV/dQ valleys | R1=first_valley, R2=last_valley",31,3,0.05,0.5172139055144553,success,3,2,deformation_disabled,0.09,BOL,True,3.0140524766415826
3,GMFEB23S_CELL076_C20Expansion_1_P25C_15P0PSI_20260124_R0_36_1_2_2818579686.xlsx,0,C/20,0.1249443744045486,0.0,2.3513615394447167,1.2754790503204845,1.2415439348852333,0.924320929097325,2.6790722889883205,0.0174631376244605,2.5170229852057178,2.3733220323331534,-0.0098626493861819,0.8951406639493082,0.5067411214825434,,1.0,0.0674372295472924,0.0,3.2655830539958612e-06,0.943988421450498,0.9041158652538702,2.3733220323331534,1.0,0.0,True,0.0460759771603884,8,DE -> LSQ polish | `ftol` termination condition is satisfied.,2.3513615394447167,0.0401162377755847,0.0029357623054221,0.9329049263111586,0.0373557839268841,False,False,True,"dV/dQ valleys | R1=first_valley, R2=last_valley",31,3,0.05,0.5137892317179061,success,3,2,deformation_disabled,0.1,BOL,True,2.286893079040654
2,GMFEB23S_CELL076_C10C5C3Expansion_1_P25C_15P0PSI_20260206_R0_36_1_2_2818579691.xlsx,2,C/3,0.8328128435291489,0.02,2.2903260186111103,1.1338393703613387,1.200704310035448,0.9827136447822088,2.7999999999999994,0.035270604473279,2.334543680396787,2.3929456215911795,0.0016542463896976,0.8532441825486757,0.4856792271150084,,0.8264474180434802,0.0517946246268085,0.0004433372256397,0.0027977223251673,0.9859825916225547,0.979627156790562,2.3929456215911795,0.6678829773524848,0.0691380439957536,True,0.3033679115938028,30,DE -> LSQ polish | `ftol` termination condition is satisfied.,2.2903260186111103,0.0066013280101792,0.0066013280101792,0.0708367738388506,0.0708367738388506,False,False,False,"dV/dQ valleys | R1=first_valley, R2=last_valley",31,3,0.3333333333333333,0.5374251922224172,success,3,1,deformation_enabled,0.0,BOL,True,4.394565202665485
2,GMFEB23S_CELL076_C10C5C3Expansion_1_P25C_15P0PSI_20260206_R0_36_1_2_2818579691.xlsx,2,C/3,0.8328128435291489,0.02,2.2903260186111103,1.2455837459444252,1.1370577113193072,0.971038038390265,2.7999999999999994,0.0349031485267567,2.382641457263732,2.411364302723616,0.0097830364558315,0.8528767266021534,0.5227743109006739,,0.5901036695563757,0.057253243158309,0.0085195538964388,0.011167111620704,0.9761066680006838,0.965485833504434,2.411364302723616,0.8114648755233985,0.0344825435802501,True,0.2135416690952902,29,DE -> LSQ polish | `ftol` termination condition is satisfied.,2.2903260186111103,0.0116217900993199,0.0044792598848456,0.8342311512300278,0.1758164413815305,False,False,False,"dV/dQ valleys | R1=first_valley, R2=last_valley",31,3,0.3333333333333333,0.533213789822229,success,3,2,deformation_enabled,0.01,BOL,True,3.835478274602572
2,GMFEB23S_CELL076_C10C5C3Expansion_1_P25C_15P0PSI_20260206_R0_36_1_2_2818579691.xlsx,2,C/3,0.8328128435291489,0.02,2.2903260186111103,1.1902612067660596,1.444340603762333,0.8828176881739208,2.7999999999999994,0.0311275330254334,2.634601810528393,2.4130301721007155,0.0134923846466431,0.8491011111008302,0.4517803039569544,,0.564853690076336,0.0715651202487054,0.01450407701007,0.0126586628983022,0.9559239102452446,0.822573337166723,2.4130301721007155,0.8453608854836768,0.0295972462170491,True,0.1344052673947553,20,DE -> LSQ polish | `ftol` termination condition is satisfied.,2.2903260186111103,0.0133019430102233,0.0043094115855286,0.8766050107670642,0.0711199836945133,False,False,False,"dV/dQ valleys | R1=first_valley, R2=last_valley",31,3,0.3333333333333333,0.5152880435940755,success,3,2,deformation_enabled,0.02,BOL,True,4.773583041506232
2,GMFEB23S_CELL076_C10C5C3Expansion_1_P25C_15P0PSI_20260206_R0_36_1_2_2818579691.xlsx,2,C/3,0.8328128435291489,0.02,2.2903260186111103,1.2032817772478308,1.4687526060198366,0.873700771492032,2.7999999999999994,0.0309352838029173,2.6720343832676674,2.4211772967623655,0.0165538601524258,0.848908861878314,0.4503242116878455,,0.543990961439452,0.0717886635790555,0.0196948763222517,0.0139805693860289,0.953090265470764,0.8086631314957594,2.4211772967623655,0.8683139041823439,0.0248300543058089,True,0.1172062335676931,28,DE -> LSQ polish | `ftol` termination condition is satisfied.,2.2903260186111103,0.0150593545852733,0.0040326752083968,0.8916557256235257,0.0685514722291243,False,False,False,"dV/dQ valleys | R1=first_valley, R2=last_valley",31,3,0.3333333333333333,0.5145264613142317,success,3,2,deformation_enabled,0.03,BOL,True,5.232944583784756
2,GMFEB23S_CELL076_C10C5C3Expansion_1_P25C_15P0PSI_20260206_R0_36_1_2_2818579691.xlsx,2,C/3,0.8328128435291489,0.02,2.2903260186111103,1.2176340889665105,1.4754597486884302,0.8699507667414759,2.7999999999999994,0.0308457383206437,2.6930938376549407,2.4292271162724615,0.0195065725631354,0.8488193163960405,0.4521320690506599,,0.5240120470026965,0.0718813104238529,0.0245471096255942,0.015346832008095,0.9512018715230915,0.802898089595916,2.4292271162724615,0.8832476709869393,0.021992094792375,True,0.1047481579015185,20,DE -> LSQ polish | `ftol` termination condition is satisfied.,2.2903260186111103,0.0170521836053139,0.0038358201226698,0.905159436524439,0.0645918597184822,False,False,False,"dV/dQ valleys | R1=first_valley, R2=last_valley",31,3,0.3333333333333333,0.5137698723526558,success,3,2,deformation_enabled,0.04,BOL,True,5.334561830789338
2,GMFEB23S_CELL076_C10C5C3Expansion_1_P25C_15P0PSI_20260206_R0_36_1_2_2818579691.xlsx,2,C/3,0.8328128435291489,0.02,2.2903260186111103,1.2480134785725243,1.52182302468451,0.8567270323592394,2.7999999999999994,0.0306400789549849,2.769836503257035,2.45878602862965,0.0298457287451346,0.8486136570303817,0.4505729768183041,,0.4598317305493151,0.0721054519198451,0.0412985740263269,0.0204535030742839,0.9453710980233192,0.7840330008280904,2.45878602862965,0.9342530436659848,0.0137666461060124,True,0.0914791719889047,12,DE -> LSQ polish | `ftol` termination condition is satisfied.,2.2903260186111103,0.023920517652441,0.0034719704426232,1.013321074929103,0.0774018403568457,False,False,False,"dV/dQ valleys | R1=first_valley, R2=last_valley",31,3,0.3333333333333333,0.5159776793256278,success,3,2,deformation_enabled,0.05,BOL,True,6.58324374474666
2,GMFEB23S_CELL076_C10C5C3Expansion_1_P25C_15P0PSI_20260206_R0_36_1_2_2818579691.xlsx,2,C/3,0.8328128435291489,0.02,2.2903260186111103,1.4022979027259728,1.5150940277603773,0.8525968590249475,2.799999999999021,0.0304025553258474,2.91739193048635,2.572486351389733,0.0675374384248169,0.84837613340153,0.4806683284724791,,0.3419042933800905,0.0722070012380595,0.1037303197833656,0.0340390543689267,0.937626161829563,0.7738994077450655,2.572486351389733,1.0460193714786994,5.888958373078833e-18,True,0.0616654396034428,12,DE -> LSQ polish | `ftol` termination condition is satisfied.,2.2903260186111103,0.0377812498735989,0.0028084079643125,1.1850587725930155,0.0699108187927716,False,False,True,"dV/dQ valleys | R1=first_valley, R2=last_valley",31,3,0.3333333333333333,0.5383645430222803,success,3,2,deformation_enabled,0.06,BOL,True,9.974634788430102
2,GMFEB23S_CELL076_C10C5C3Expansion_1_P25C_15P0PSI_20260206_R0_36_1_2_2818579691.xlsx,2,C/3,0.8328128435291489,0.02,2.2903260186111103,1.4745272276304997,1.4581099300232163,0.8628599064479558,2.7999999999999994,0.0303831140986744,2.932637157653716,2.615527742975173,0.0818815939302534,0.8483566921740712,0.5027990673112146,,0.3250997634417446,0.0721005119714208,0.1265875094339493,0.0366723210976498,0.9403235948750174,0.7845259576303979,2.615527742975173,1.0610187387322312,9.669263875327378e-25,True,0.0482182721274078,17,DE -> LSQ polish | `ftol` termination condition is satisfied.,2.2903260186111103,0.0398239046309753,0.0026445112476273,1.2120664075473528,0.0444449051193406,False,False,True,"dV/dQ valleys | R1=first_valley, R2=last_valley",31,3,0.3333333333333333,0.5506422949144821,success,3,2,deformation_enabled,0.07,BOL,True,10.403966192189072
2,GMFEB23S_CELL076_C10C5C3Expansion_1_P25C_15P0PSI_20260206_R0_36_1_2_2818579691.xlsx,2,C/3,0.8328128435291489,0.02,2.2903260186111103,1.4835075610932713,1.4513965351014548,0.864095998860505,2.7999999999999994,0.0303775589827221,2.9349040961947264,2.621096051712792,0.0837209189454062,0.8483511370581188,0.5054705409341058,,0.3236046160582635,0.0720875390992226,0.1295114749497417,0.0369172822987553,0.9406782017554056,0.78582051883756,2.621096051712792,1.0630937920284604,2.667204178026842e-19,True,0.0456037308377224,16,DE -> LSQ polish | `ftol` termination condition is satisfied.,2.2903260186111103,0.0400139492806674,0.0026507479630063,1.2142954038364122,0.0323083360884442,False,False,True,"dV/dQ valleys | R1=first_valley, R2=last_valley",31,3,0.3333333333333333,0.5529833382137631,success,3,2,deformation_enabled,0.08,BOL,True,10.452575562387418
2,GMFEB23S_CELL076_C10C5C3Expansion_1_P25C_15P0PSI_20260206_R0_36_1_2_2818579691.xlsx,2,C/3,0.8328128435291489,0.02,2.2903260186111103,1.4617717937256482,1.4719246709175604,0.8608791471520506,2.799999999999985,0.0303661711381204,2.9336964646432087,2.6105833896717683,0.0801828323785125,0.8483397492135213,0.4982696101464016,,0.3270358988752581,0.0721263485242734,0.1243144316099735,0.0363551095193556,0.9403606633212452,0.7819477314258277,2.6105833896717683,1.0617205057753007,3.677808149818837e-21,True,0.04415651469745,19,DE -> LSQ polish | `ftol` termination condition is satisfied.,2.2903260186111103,0.0395484133273456,0.0026269328541404,1.2099274774165163,0.0310793705005274,False,False,True,"dV/dQ valleys | R1=first_valley, R2=last_valley",31,3,0.3333333333333333,0.5498074347773205,success,3,2,deformation_enabled,0.09,BOL,True,10.398091687941363
2,GMFEB23S_CELL076_C10C5C3Expansion_1_P25C_15P0PSI_20260206_R0_36_1_2_2818579691.xlsx,2,C/3,0.8328128435291489,0.02,2.2903260186111103,1.427381692452705,1.505895477908359,0.8554234997299773,2.7999999999999994,0.030330629089381,2.9332771703610643,2.594119984198574,0.0746155891262929,0.8483042071647777,0.4866167121455505,,0.3333218423133572,0.0721919173550148,0.1160273629230207,0.0353611524322594,0.9398472643086222,0.7754046264464259,2.594119984198574,1.0595729322023568,5.173471250277962e-28,True,0.0419503673963699,19,DE -> LSQ polish | `ftol` termination condition is satisfied.,2.2903260186111103,0.0387253817523993,0.0025680568113429,1.2014039416461806,0.0318130488579661,False,False,True,"dV/dQ valleys | R1=first_valley, R2=last_valley",31,3,0.3333333333333333,0.5439603255675214,success,3,2,deformation_enabled,0.1,BOL,True,10.35607042788999
2,GMFEB23S_CELL076_C10C5C3Expansion_1_P25C_15P0PSI_20260206_R0_36_1_2_2818579691.xlsx,2,C/3,0.8328128435291489,0.02,2.2903260186111103,1.1190603364565013,1.2293515349122568,0.9881744088694407,2.7999999999999994,0.0402182765155411,2.348411871368758,2.433251687015315,0.012908508311628,0.8581918545909378,0.4765179183855273,,0.6230932272992145,0.0467445588381261,0.0167602110049403,0.0094023608920324,0.98822506029474,0.9881283016336928,2.433251687015315,1.0,0.0,True,2.5427491454232776,9,DE -> LSQ polish | `ftol` termination condition is satisfied.,2.2903260186111103,0.0128496718244763,0.0128496718244763,0.7916258167148076,0.7916258167148076,False,False,False,"dV/dQ valleys | R1=first_valley, R2=last_valley",31,3,0.3333333333333333,0.4579875881235454,success,3,2,deformation_disabled,0.0,BOL,True,5.6631908006671265
2,GMFEB23S_CELL076_C10C5C3Expansion_1_P25C_15P0PSI_20260206_R0_36_1_2_2818579691.xlsx,2,C/3,0.8328128435291489,0.02,2.2903260186111103,1.1439974215638165,1.5999999999999883,0.8530452521874534,2.7999999999999994,0.0318946199944412,2.743997421563805,2.430058908464053,0.0183775514773509,0.8498681980698379,0.4169090730820921,,0.5637279847049929,0.0719606623179606,0.0262795806912139,0.0127276133237376,0.930087262173552,0.7979603392023346,2.430058908464053,1.0,0.0,True,0.3724338287888902,7,DE -> LSQ polish | `ftol` termination condition is satisfied.,2.2903260186111103,0.0139946706170971,0.0063318507656529,0.8637579708475256,0.2033779410962477,False,False,False,"dV/dQ valleys | R1=first_valley, R2=last_valley",31,3,0.3333333333333333,0.4845365128984047,success,3,2,deformation_disabled,0.01,BOL,True,8.780690775317803
2,GMFEB23S_CELL076_C10C5C3Expansion_1_P25C_15P0PSI_20260206_R0_36_1_2_2818579691.xlsx,2,C/3,0.8328128435291489,0.02,2.2903260186111103,1.1773238596694822,1.6,0.8467254079044945,2.7999999999999994,0.0313702113077569,2.7773238596694823,2.439467269623247,0.0220732843730052,0.8493437893831537,0.4239058601576233,,0.5317166878682079,0.0720888081394564,0.0319436970145541,0.014810364180706,0.9296681270869864,0.7856938814798614,2.439467269623247,1.0,0.0,True,0.2177494956122485,7,DE -> LSQ polish | Both `ftol` and `xtol` termination conditions are satisfied.,2.2903260186111103,0.0164374778888427,0.0054624668495782,0.9021122603119888,0.0941557412221359,False,False,False,"dV/dQ valleys | R1=first_valley, R2=last_valley",31,3,0.3333333333333333,0.4926179811134059,success,3,2,deformation_disabled,0.02,BOL,True,8.482187987051791
2,GMFEB23S_CELL076_C10C5C3Expansion_1_P25C_15P0PSI_20260206_R0_36_1_2_2818579691.xlsx,2,C/3,0.8328128435291489,0.02,2.2903260186111103,1.1981747459706722,1.5999999999999992,0.8435013688297672,2.7999999999999994,0.0311086060709288,2.7981747459706714,2.4473683254497485,0.0249942252322686,0.8490821841463255,0.4281986847662125,,0.5078213845252372,0.0721545279768284,0.0363085968896845,0.0165213537407424,0.9294529867920504,0.7791357075686878,2.4473683254497485,1.0,0.0,True,0.1760187908454127,6,DE -> LSQ polish | Both `ftol` and `xtol` termination conditions are satisfied.,2.2903260186111103,0.0186532086334882,0.004872245158514,0.9408823387670188,0.0937379090332252,False,False,False,"dV/dQ valleys | R1=first_valley, R2=last_valley",31,3,0.3333333333333333,0.4975698189650082,success,3,2,deformation_disabled,0.03,BOL,True,8.311169967832432
2,GMFEB23S_CELL076_C10C5C3Expansion_1_P25C_15P0PSI_20260206_R0_36_1_2_2818579691.xlsx,2,C/3,0.8328128435291489,0.02,2.2903260186111103,1.230428655744613,1.59999999605116,0.8393672093869478,2.7999999999527865,0.0308497794994299,2.830428651795773,2.462148381423626,0.0301872934198002,0.848823357588619,0.4347145987813415,,0.4695210314724986,0.0722429485737544,0.0439474311371516,0.0196055010471705,0.929163533347524,0.7703122278530063,2.462148381423626,1.0,0.0,True,0.1373032259765954,9,DE -> LSQ polish | `ftol` termination condition is satisfied.,2.2903260186111103,0.022540965493941,0.0041902051240143,1.01260051869812,0.0988716120962334,False,False,False,"dV/dQ valleys | R1=first_valley, R2=last_valley",31,3,0.3333333333333333,0.5054890249524671,success,3,2,deformation_disabled,0.04,BOL,True,8.060082331446607
2,GMFEB23S_CELL076_C10C5C3Expansion_1_P25C_15P0PSI_20260206_R0_36_1_2_2818579691.xlsx,2,C/3,0.8328128435291489,0.02,2.2903260186111103,1.2811973460842585,1.582710027716493,0.8378502473466627,2.799999999999941,0.030639306949238,2.863907373800751,2.4853155609747555,0.0381295442390161,0.8486128850246517,0.4473599103814432,,0.426357813381813,0.0723052262534139,0.0560411785965445,0.0236301488974661,0.9289596612914504,0.7640975464063837,2.4853155609747555,1.0,0.0,True,0.094427160455222,6,DE -> LSQ polish | `ftol` termination condition is satisfied.,2.2903260186111103,0.0275891285081249,0.003446039025026,1.0724233485695556,0.0871569669298282,False,False,False,"dV/dQ valleys | R1=first_valley, R2=last_valley",31,3,0.3333333333333333,0.5141680020293835,success,3,2,deformation_disabled,0.05,BOL,True,8.662108584715842
2,GMFEB23S_CELL076_C10C5C3Expansion_1_P25C_15P0PSI_20260206_R0_36_1_2_2818579691.xlsx,2,C/3,0.8328128435291489,0.02,2.2903260186111103,1.3454774530575386,1.485855380048607,0.8558494252500394,2.792302035964152,0.0307663548494789,2.8313328331061456,2.509103533190856,0.0469279195087019,0.8509949651904392,0.4752099213929107,,0.3941110449770023,0.0720565860931141,0.0687104764264646,0.0272032951634755,0.929773609097148,0.7889093152383156,2.509103533190856,1.0,0.0,True,0.0694047696112478,10,DE -> LSQ polish | `ftol` termination condition is satisfied.,2.2903260186111103,0.0318026678774082,0.0030866095518846,1.0935381041456222,0.0623425291692816,False,False,True,"dV/dQ valleys | R1=first_valley, R2=last_valley",31,3,0.3333333333333333,0.5207973592256722,success,3,2,deformation_disabled,0.06,BOL,True,8.061393765077488
2,GMFEB23S_CELL076_C10C5C3Expansion_1_P25C_15P0PSI_20260206_R0_36_1_2_2818579691.xlsx,2,C/3,0.8328128435291489,0.02,2.2903260186111103,1.3719043046496875,1.4462306173096708,0.8634993737014682,2.788387961744074,0.0307876010798461,2.8181349219593583,2.5193055163401636,0.0507895205413078,0.8521675704505943,0.4868128541183708,,0.3814001213204723,0.0719243213105418,0.0740634833630104,0.0287116794285624,0.9302052778871168,0.8002216944693145,2.5193055163401636,1.0,0.0,True,0.061684931482661,13,DE -> LSQ polish | `ftol` termination condition is satisfied.,2.2903260186111103,0.033398422496504,0.0030496847061881,1.1066919528863954,0.0406082442744192,False,False,True,"dV/dQ valleys | R1=first_valley, R2=last_valley",31,3,0.3333333333333333,0.5236502007119587,success,3,2,deformation_disabled,0.07,BOL,True,7.814476208138121
2,GMFEB23S_CELL076_C10C5C3Expansion_1_P25C_15P0PSI_20260206_R0_36_1_2_2818579691.xlsx,2,C/3,0.8328128435291489,0.02,2.2903260186111103,1.3633605756757692,1.4553881166382414,0.8621304511522732,2.788278149145988,0.0307685145347817,2.818748692314011,2.515920258548571,0.0495975620528549,0.8521808328548195,0.4836758166463354,,0.3853241157893673,0.0719528427780426,0.072402274868671,0.0282348437255211,0.9301126557619172,0.7984469178371864,2.515920258548571,1.0,0.0,True,0.0595067787650349,8,DE -> LSQ polish | `ftol` termination condition is satisfied.,2.2903260186111103,0.032889223783276,0.0030455927044994,1.1020589000572654,0.0331210453008494,False,False,True,"dV/dQ valleys | R1=first_valley, R2=last_valley",31,3,0.3333333333333333,0.5231000431857624,success,3,2,deformation_disabled,0.08,BOL,True,7.807327806055909
2,GMFEB23S_CELL076_C10C5C3Expansion_1_P25C_15P0PSI_20260206_R0_36_1_2_2818579691.xlsx,2,C/3,0.8328128435291489,0.02,2.2903260186111103,1.3338437846613078,1.4928730886592916,0.8557164073566703,2.789190608987871,0.0306830183729609,2.826716873320599,2.504448794153648,0.0454739525045789,0.8518266186815155,0.4718703161432703,,0.3992181951796985,0.0720503661164054,0.0665855921848666,0.0266112443578,0.9297939707973152,0.789530005894444,2.504448794153648,1.0,0.0,True,0.0563973929502692,17,DE -> LSQ polish | `xtol` termination condition is satisfied.,2.2903260186111103,0.0310576302788756,0.0029744322520913,1.089427539586319,0.0339291456972268,False,False,True,"dV/dQ valleys | R1=first_valley, R2=last_valley",31,3,0.3333333333333333,0.5195607128663456,success,3,2,deformation_disabled,0.09,BOL,True,7.934273811910252
2,GMFEB23S_CELL076_C10C5C3Expansion_1_P25C_15P0PSI_20260206_R0_36_1_2_2818579691.xlsx,2,C/3,0.8328128435291489,0.02,2.2903260186111103,1.297235229448028,1.5360075076433202,0.8487971337045418,2.789550607424192,0.0305926387260689,2.833242737091348,2.4901880282733617,0.0404209262489125,0.851630268412933,0.4578623682557429,,0.4176729349379603,0.0721394772529466,0.0592159827026893,0.0245475602334611,0.9295022568040348,0.7806376173215573,2.4901880282733617,1.0,0.0,True,0.0521294128691915,15,DE -> LSQ polish | `ftol` termination condition is satisfied.,2.2903260186111103,0.0285593302554752,0.0028654870500708,1.078055179493815,0.0349096860685129,False,False,False,"dV/dQ valleys | R1=first_valley, R2=last_valley",31,3,0.3333333333333333,0.5133040196855878,success,3,2,deformation_disabled,0.1,BOL,True,8.051945676954222
1,GMFEB23S_CELL076_C10C5C3Expansion_1_P25C_15P0PSI_20260206_R0_36_1_2_2818579691.xlsx,1,C/5,0.4999265060575556,0.02,2.337221397222276,1.205406300929193,1.184530227918345,0.9792951313823496,2.7999999999999994,0.0307572785313938,2.389936528847538,2.426573586901129,0.0013522575817143,0.8654792061107783,0.5043674952784029,,0.8577721046004974,0.0539021815899252,0.0004429568026224,0.0022775838103943,0.9834009212650504,0.9751169813628298,2.426573586901129,0.7663273716498229,0.0600066449271606,True,0.2142189588623442,19,DE -> LSQ polish | `ftol` termination condition is satisfied.,2.337221397222276,0.0056858753808933,0.0056858753808933,0.071293106538353,0.071293106538353,False,False,False,"dV/dQ valleys | R1=first_valley, R2=last_valley",31,3,0.2,0.5532234742401146,success,3,1,deformation_enabled,0.0,BOL,True,3.1715184164582184
1,GMFEB23S_CELL076_C10C5C3Expansion_1_P25C_15P0PSI_20260206_R0_36_1_2_2818579691.xlsx,1,C/5,0.4999265060575556,0.02,2.337221397222276,1.278460317594751,1.1537059544375114,0.9692295693354456,2.791784838768963,0.0303984231747433,2.432166272032263,2.4421933253357584,0.0082667338178942,0.8675766199919712,0.5256467587335215,,0.6459934717253791,0.0583575763307532,0.0082768192818685,0.0082555577765241,0.9765340562784388,0.9611352220183612,2.4421933253357584,0.8977185472628486,0.02864565142479,True,0.142162837251925,29,DE -> LSQ polish | `ftol` termination condition is satisfied.,2.337221397222276,0.0092358571821231,0.0036045364405883,0.6780900185893746,0.1410009329557329,False,False,False,"dV/dQ valleys | R1=first_valley, R2=last_valley",31,3,0.2,0.5423313166065347,success,3,2,deformation_enabled,0.01,BOL,True,3.7466414874809457
1,GMFEB23S_CELL076_C10C5C3Expansion_1_P25C_15P0PSI_20260206_R0_36_1_2_2818579691.xlsx,1,C/5,0.4999265060575556,0.02,2.337221397222276,1.2921898742555975,1.1621314914747298,0.9620548975821576,2.780910157477072,0.0295800455257309,2.454321365730327,2.4434513392025305,0.0097666480249142,0.8700320072470245,0.5264957932153613,,0.6329153799182728,0.0613614876060679,0.0105442759104148,0.0089019929605311,0.9728697975659644,0.950030308877466,2.4434513392025305,0.9149332760407012,0.0234349375161259,True,0.0912191435004936,39,DE -> LSQ polish | `ftol` termination condition is satisfied.,2.337221397222276,0.0098972060725468,0.0035842814713062,0.7000282626392802,0.0668651382009761,False,False,False,"dV/dQ valleys | R1=first_valley, R2=last_valley",31,3,0.2,0.5382538583576685,success,3,2,deformation_enabled,0.02,BOL,True,3.6858063832364727
1,GMFEB23S_CELL076_C10C5C3Expansion_1_P25C_15P0PSI_20260206_R0_36_1_2_2818579691.xlsx,1,C/5,0.4999265060575556,0.02,2.337221397222276,1.2977363314642574,1.160021642355865,0.9619633952997771,2.778138938812945,0.0295151848195108,2.4577579738201223,2.4462704895544496,0.0110067013867858,0.8708055049576873,0.5280163243442438,,0.6216068941899487,0.0613795418409797,0.0123725390451189,0.0094787151084425,0.9726798391851652,0.9499747236523052,2.4462704895544496,0.9217969486340466,0.0218792103640599,True,0.0801998770975263,33,DE -> LSQ polish | Both `ftol` and `xtol` termination conditions are satisfied.,2.337221397222276,0.0106406156272155,0.0034798565876677,0.7131137939954546,0.0514716778666448,False,False,False,"dV/dQ valleys | R1=first_valley, R2=last_valley",31,3,0.2,0.5383738283442846,success,3,2,deformation_enabled,0.03,BOL,True,3.766066223075734
1,GMFEB23S_CELL076_C10C5C3Expansion_1_P25C_15P0PSI_20260206_R0_36_1_2_2818579691.xlsx,1,C/5,0.4999265060575556,0.02,2.337221397222276,1.3025725787025542,1.1910225528205085,0.9508228419860378,2.770054570932247,0.0286311013735566,2.4935951315230627,2.4502769229479515,0.013532995821346,0.872376716260738,0.5223673090454568,,0.6005316754988184,0.0641528035013088,0.0162217315874744,0.0105924356513964,0.9677762532621124,0.9322843650673388,2.4502769229479515,0.9355760802473984,0.0187572262490184,True,0.0735324344850774,26,DE -> LSQ polish | `ftol` termination condition is satisfied.,2.337221397222276,0.0123144868348987,0.0033424577046962,0.7318697287818834,0.050413163646417,False,False,False,"dV/dQ valleys | R1=first_valley, R2=last_valley",31,3,0.2,0.534479142396274,success,3,2,deformation_enabled,0.04,BOL,True,3.233659090282627
1,GMFEB23S_CELL076_C10C5C3Expansion_1_P25C_15P0PSI_20260206_R0_36_1_2_2818579691.xlsx,1,C/5,0.4999265060575556,0.02,2.337221397222276,1.2831317089371168,1.3411596240596206,0.9084981866672028,2.767783740940432,0.026858491643799,2.6242913329967372,2.458502413791883,0.0178876939086299,0.8712963581760085,0.4889440790370937,,0.5685428474716442,0.0702001771394337,0.0235893838486989,0.0124326988242379,0.9547064040112327,0.8642901858925514,2.458502413791883,0.9633263986289404,0.0146556510483081,True,0.0683311900393313,38,DE -> LSQ polish | `ftol` termination condition is satisfied.,2.337221397222276,0.0155724441054872,0.0031737325385873,0.7536974833160309,0.056357874117275,False,False,False,"dV/dQ valleys | R1=first_valley, R2=last_valley",31,3,0.2,0.5258888319826338,success,3,2,deformation_enabled,0.05,BOL,True,3.3770923520286984
1,GMFEB23S_CELL076_C10C5C3Expansion_1_P25C_15P0PSI_20260206_R0_36_1_2_2818579691.xlsx,1,C/5,0.4999265060575556,0.02,2.337221397222276,1.34899279390287,1.4185085719002937,0.8844480975002134,2.759286961344461,0.0260307031490468,2.767501365803164,2.5195374976076437,0.0399240708448607,0.8730688800277091,0.487440696713577,,0.4413488123646437,0.0714124635310715,0.0586177597160145,0.0221464894624189,0.9414825645077632,0.830209457892126,2.5195374976076437,1.056237295635087,1.799844145871287e-09,True,0.0523583687714421,17,DE -> LSQ polish | `ftol` termination condition is satisfied.,2.337221397222276,0.0301059556146613,0.0025997166044977,0.9556808291754678,0.0665278067187993,False,False,True,"dV/dQ valleys | R1=first_valley, R2=last_valley",31,3,0.2,0.530248768275916,success,3,2,deformation_enabled,0.06,BOL,True,6.522395134189302
1,GMFEB23S_CELL076_C10C5C3Expansion_1_P25C_15P0PSI_20260206_R0_36_1_2_2818579691.xlsx,1,C/5,0.4999265060575556,0.02,2.337221397222276,1.4239604310655891,1.3743422184414835,0.8935902579662431,2.7636017996344777,0.0261382731930734,2.7983026495070726,2.572771765276362,0.0583620178636284,0.8718539611519552,0.5088657695108222,,0.381275425873573,0.0711813869433437,0.0869645590388853,0.0287268321617172,0.9460482562786264,0.8392392490797527,2.572771765276362,1.083830727211488,1.8562069208872115e-16,True,0.0363064883888564,15,DE -> LSQ polish | `ftol` termination condition is satisfied.,2.337221397222276,0.0377200607705238,0.0022914957113977,1.030608931424078,0.0461619223801911,False,False,True,"dV/dQ valleys | R1=first_valley, R2=last_valley",31,3,0.2,0.5459980330026915,success,3,2,deformation_enabled,0.07,BOL,True,7.298020235256504
1,GMFEB23S_CELL076_C10C5C3Expansion_1_P25C_15P0PSI_20260206_R0_36_1_2_2818579691.xlsx,1,C/5,0.4999265060575556,0.02,2.337221397222276,1.4532339683696238,1.3502811210151615,0.8983840011422123,2.7650515877279136,0.0262357542462874,2.8035150893847853,2.591176317198007,0.0647086604700972,0.8715080115869932,0.5183613863439299,,0.366788098550987,0.0710197401769975,0.0964390115135796,0.0305590132247786,0.9474697815129088,0.8455559277212977,2.591176317198007,1.0915182891976822,1.2049074107071686e-43,True,0.0316174297926443,27,DE -> LSQ polish | `ftol` termination condition is satisfied.,2.337221397222276,0.0393510054804298,0.0022686297976225,1.0582870741728383,0.0297740125669671,False,False,True,"dV/dQ valleys | R1=first_valley, R2=last_valley",31,3,0.2,0.5517422198046769,success,3,2,deformation_enabled,0.08,BOL,True,7.455769156519207
1,GMFEB23S_CELL076_C10C5C3Expansion_1_P25C_15P0PSI_20260206_R0_36_1_2_2818579691.xlsx,1,C/5,0.4999265060575556,0.02,2.337221397222276,1.4414990953101174,1.3645478299953215,0.8956895263819631,2.764573493455273,0.0261590677969147,2.8060469253054388,2.585665506977242,0.0627663930783855,0.8715775031379569,0.5137116853999902,,0.3708600024019303,0.0711264905803475,0.0937612601239753,0.0300236252373869,0.9470996698298983,0.841384436957463,2.585665506977242,1.0906852508626124,3.5949432444014976e-33,True,0.0303934447660569,22,DE -> LSQ polish | `ftol` termination condition is satisfied.,2.337221397222276,0.0388632324636892,0.0022604535864005,1.051181392147859,0.0256524130061185,False,False,True,"dV/dQ valleys | R1=first_valley, R2=last_valley",31,3,0.2,0.5491680202390652,success,3,2,deformation_enabled,0.09,BOL,True,7.501453757582413
1,GMFEB23S_CELL076_C10C5C3Expansion_1_P25C_15P0PSI_20260206_R0_36_1_2_2818579691.xlsx,1,C/5,0.4999265060575556,0.02,2.337221397222276,1.4099106780826214,1.3917908434150774,0.8911933672073409,2.7619332794984106,0.02603391382835,2.801701521497699,2.568761745851578,0.0569783806041737,0.8722605097317581,0.5032337196750811,,0.3853756359507806,0.0712748389267149,0.0853586925882578,0.0282285831019185,0.9460855166149472,0.8355874213277097,2.568761745851578,1.085864424527355,3.059879743987882e-19,True,0.028804370151146,22,DE -> LSQ polish | `ftol` termination condition is satisfied.,2.337221397222276,0.0371716627834257,0.0022055650716618,1.024231923409454,0.0262784100804709,False,False,True,"dV/dQ valleys | R1=first_valley, R2=last_valley",31,3,0.2,0.5446963207049808,success,3,2,deformation_enabled,0.1,BOL,True,7.341557111374111
1,GMFEB23S_CELL076_C10C5C3Expansion_1_P25C_15P0PSI_20260206_R0_36_1_2_2818579691.xlsx,1,C/5,0.4999265060575556,0.02,2.337221397222276,1.2425032489559902,1.119713892613147,0.994253598631624,2.7999999999999994,0.0359019282150511,2.362217141569137,2.449168292756567,0.0048350747825665,0.8706238557944357,0.5259902771388066,,0.7362003126801335,0.0424551633478651,0.0049679879750247,0.0046875861477036,0.9940854876925904,0.9944401448460743,2.449168292756567,1.0,0.0,True,1.729814384156747,20,DE -> LSQ polish | `ftol` termination condition is satisfied.,2.337221397222276,0.0114679913444669,0.0114679913444669,0.5556528172143016,0.5556528172143016,False,False,False,"dV/dQ valleys | R1=first_valley, R2=last_valley",31,3,0.2,0.4891442930322914,success,3,2,deformation_disabled,0.0,BOL,True,5.152263417988344
1,GMFEB23S_CELL076_C10C5C3Expansion_1_P25C_15P0PSI_20260206_R0_36_1_2_2818579691.xlsx,1,C/5,0.4999265060575556,0.02,2.337221397222276,1.2918878851484872,1.3218559445525482,0.9072191656976782,2.762662588773139,0.027817264773532,2.6137438297010354,2.448088213240662,0.0130147028641451,0.8738204671625015,0.494267215657571,,0.6233443481205949,0.0695337215818132,0.0167240402567345,0.0093894605984029,0.937752869050208,0.8773776980155068,2.448088213240662,1.0,0.0,True,0.177536745009837,10,DE -> LSQ polish | `ftol` termination condition is satisfied.,2.337221397222276,0.0104986209700529,0.0041710008810861,0.7205539566184265,0.1504967311985546,False,False,False,"dV/dQ valleys | R1=first_valley, R2=last_valley",31,3,0.2,0.5076579615708405,success,3,2,deformation_disabled,0.01,BOL,True,3.3743396618007857
1,GMFEB23S_CELL076_C10C5C3Expansion_1_P25C_15P0PSI_20260206_R0_36_1_2_2818579691.xlsx,1,C/5,0.4999265060575556,0.02,2.337221397222276,1.2913299072575424,1.3624083151959934,0.895069716573337,2.7562815128913023,0.0269097108737274,2.6537382224535357,2.4494514572298223,0.0143417768516193,0.874871497901266,0.4866078712404543,,0.6093330134814231,0.0705179502145704,0.0188013907047851,0.0101148261796509,0.934704328474748,0.8575028879361567,2.4494514572298223,1.0,0.0,True,0.1094056566743835,12,DE -> LSQ polish | `ftol` termination condition is satisfied.,2.337221397222276,0.0114021419966265,0.0039733198678685,0.7314212836483677,0.0681677965816799,False,False,False,"dV/dQ valleys | R1=first_valley, R2=last_valley",31,3,0.2,0.5109176508629647,success,3,2,deformation_disabled,0.02,BOL,True,4.075951808536427
1,GMFEB23S_CELL076_C10C5C3Expansion_1_P25C_15P0PSI_20260206_R0_36_1_2_2818579691.xlsx,1,C/5,0.4999265060575556,0.02,2.337221397222276,1.302172336127804,1.3469325084264945,0.8982444157584524,2.751205001901288,0.0267161211946581,2.649104844554298,2.4530451596417056,0.015976051776239,0.8762425634652564,0.4915518307267636,,0.5941333785099995,0.0702925786113537,0.0211855795946982,0.010939642775011,0.935407207529469,0.8623165878422427,2.4530451596417056,1.0,0.0,True,0.0927733532144852,8,DE -> LSQ polish | `ftol` termination condition is satisfied.,2.337221397222276,0.0126375419152019,0.0036844276134499,0.7401468454244136,0.0623181362196151,False,False,False,"dV/dQ valleys | R1=first_valley, R2=last_valley",31,3,0.2,0.5114049623606725,success,3,2,deformation_disabled,0.03,BOL,True,3.976067847775703
1,GMFEB23S_CELL076_C10C5C3Expansion_1_P25C_15P0PSI_20260206_R0_36_1_2_2818579691.xlsx,1,C/5,0.4999265060575556,0.02,2.337221397222276,1.3156387689618458,1.3196979619141165,0.9046635312718404,2.7459536616141778,0.0266529771600114,2.635336730875962,2.457280873270088,0.0177858242072844,0.8778040471487042,0.4992298530763237,,0.5785131061578312,0.0697927161374053,0.0237563823807535,0.0118336305750651,0.936956299535048,0.8724700907193107,2.457280873270088,1.0,0.0,True,0.0818993459665704,9,DE -> LSQ polish | `ftol` termination condition is satisfied.,2.337221397222276,0.0141185843761483,0.0035003110801154,0.7489063820068078,0.0564991100786827,False,False,False,"dV/dQ valleys | R1=first_valley, R2=last_valley",31,3,0.2,0.5117360334403245,success,3,2,deformation_disabled,0.04,BOL,True,3.7040056816977014
1,GMFEB23S_CELL076_C10C5C3Expansion_1_P25C_15P0PSI_20260206_R0_36_1_2_2818579691.xlsx,1,C/5,0.4999265060575556,0.02,2.337221397222276,1.3377070487071745,1.262764654378158,0.9195783191553936,2.737687524170188,0.0268254045795283,2.600471703085333,2.4647769731825666,0.0208100708990187,0.8805464288336401,0.5144093846974187,,0.5544796462859571,0.0681841148178393,0.0278923369046553,0.0133074874811888,0.941809094883282,0.8960281942082633,2.4647769731825666,1.0,0.0,True,0.074535808206982,11,DE -> LSQ polish | `ftol` termination condition is satisfied.,2.337221397222276,0.0166642938281841,0.0033191433405497,0.7658130554784387,0.058387309529811,False,False,False,"dV/dQ valleys | R1=first_valley, R2=last_valley",31,3,0.2,0.5136700152779112,success,3,2,deformation_disabled,0.05,BOL,True,3.4571911954818315
1,GMFEB23S_CELL076_C10C5C3Expansion_1_P25C_15P0PSI_20260206_R0_36_1_2_2818579691.xlsx,1,C/5,0.4999265060575556,0.02,2.337221397222276,1.3740706214871428,1.185831325124877,0.9395248311319098,2.726719669541193,0.027146068445501,2.55990194661202,2.4791111628859643,0.0265127525577507,0.8843010680335389,0.5367668958202475,,0.5125180206503841,0.0650360255215665,0.0354391138950646,0.0161694173712814,0.95070497710883,0.9265699447114436,2.4791111628859643,1.0,0.0,True,0.0645769377330021,5,DE -> LSQ polish | `ftol` termination condition is satisfied.,2.337221397222276,0.0214028313745839,0.0031142707764328,0.8220406910882321,0.0537161666731152,False,False,False,"dV/dQ valleys | R1=first_valley, R2=last_valley",31,3,0.2,0.5188209621202136,success,3,2,deformation_disabled,0.06,BOL,True,4.645216643163187
1,GMFEB23S_CELL076_C10C5C3Expansion_1_P25C_15P0PSI_20260206_R0_36_1_2_2818579691.xlsx,1,C/5,0.4999265060575556,0.02,2.337221397222276,1.3910367037932432,1.161705199428496,0.9452108548938584,2.7221249015211813,0.0271739076656911,2.5527419032217393,2.48685012739601,0.0296379196619264,0.8857757285873494,0.5449186625712757,,0.4909857906304128,0.0637842503398339,0.0395069426236192,0.0178206589859419,0.954024924812608,0.9346568048880456,2.48685012739601,1.0,0.0,True,0.0585738788320164,9,DE -> LSQ polish | `ftol` termination condition is satisfied.,2.337221397222276,0.0238281709666063,0.0030829171754169,0.8624346853308377,0.0385846515988697,False,False,False,"dV/dQ valleys | R1=first_valley, R2=last_valley",31,3,0.2,0.521831585992507,success,3,2,deformation_disabled,0.07,BOL,True,5.172636080188619
1,GMFEB23S_CELL076_C10C5C3Expansion_1_P25C_15P0PSI_20260206_R0_36_1_2_2818579691.xlsx,1,C/5,0.4999265060575556,0.02,2.337221397222276,1.3858041019961662,1.1671918562467445,0.9443683895407796,2.721445768653408,0.0271159928893781,2.552995958242911,2.4847633857016116,0.0288865652644659,0.885932076657511,0.5428148436826905,,0.495994175340463,0.0639682146782072,0.0385384856405758,0.0174268632645182,0.9535453595846916,0.9334725949353893,2.4847633857016116,1.0,0.0,True,0.0562080305203418,16,DE -> LSQ polish | `ftol` termination condition is satisfied.,2.337221397222276,0.0232393600901432,0.0030783557613297,0.8526668983214285,0.0309819393104065,False,False,False,"dV/dQ valleys | R1=first_valley, R2=last_valley",31,3,0.2,0.5212112106639357,success,3,2,deformation_disabled,0.08,BOL,True,5.032212488967043
1,GMFEB23S_CELL076_C10C5C3Expansion_1_P25C_15P0PSI_20260206_R0_36_1_2_2818579691.xlsx,1,C/5,0.4999265060575556,0.02,2.337221397222276,1.3626408018806695,1.1957454731509636,0.938923716934937,2.72132997423722,0.0269103636239881,2.5583862750316335,2.4753615298556113,0.0253707401885396,0.8857629905926788,0.5326173045795523,,0.5206121871536846,0.065147648304706,0.0339555895206208,0.0155876665825274,0.9504053846843216,0.9258395035297874,2.4753615298556113,1.0,0.0,True,0.0528345199068955,11,DE -> LSQ polish | `ftol` termination condition is satisfied.,2.337221397222276,0.0203796328031231,0.0029939132653937,0.8079494512945701,0.0314844839054303,False,False,False,"dV/dQ valleys | R1=first_valley, R2=last_valley",31,3,0.2,0.5166461299838386,success,3,2,deformation_disabled,0.09,BOL,True,4.394856321392329
1,GMFEB23S_CELL076_C10C5C3Expansion_1_P25C_15P0PSI_20260206_R0_36_1_2_2818579691.xlsx,1,C/5,0.4999265060575556,0.02,2.337221397222276,1.3196470423520816,1.2664713182431837,0.9232027073311148,2.7219717115420403,0.0263324175571406,2.5861183605952656,2.459187567667303,0.0194461612910871,0.8849825597726902,0.5102809919528698,,0.5653926844045999,0.0676242968147808,0.0259918381853282,0.0126256490305646,0.9434465388925924,0.9021088917340624,2.459187567667303,1.0,0.0,True,0.0477743688548708,8,DE -> LSQ polish | `ftol` termination condition is satisfied.,2.337221397222276,0.0152534127779975,0.0028473567951898,0.7541190631987523,0.0327359919026667,False,False,False,"dV/dQ valleys | R1=first_valley, R2=last_valley",31,3,0.2,0.5098220376302713,success,3,2,deformation_disabled,0.1,BOL,True,3.0747525903490693
