cell,rpt_seq,rpt_key,Ah_throughput,Cn_Si,Cn_Gr,x100,Cp,y100,Cn,LLI,x0,y0,alpha,R,Un0,Un100,x0_si,x0_gr,x100_si,x100_gr,lli_theta,si_scale_a,si_shift_b,success,cost,nfev,message,Qcc_max_meas,rmse_v_global,rmse_v_weighted,rmse_dvdq_global,rmse_dvdq_weighted,flag_bad_qmax,flag_peak_missing,flag_fit_suspect,feature_definition,dvdq_sg_window_used,dvdq_sg_poly_used,is_calendar,day,source_file,transition_soc,transition_reason,transition_n_candidates,transition_n_valid,calendar_day_status,q_at_vmax,q_at_vmin,C_est,model_v_min,model_v_max,v_window_inside_model,Vmax_meas,Vmin_meas,AhTh,C,lli,CnSi,CnGr,RMSE_V,RMSE_dVdQ,cycle_group,calendar_group,aging_type
3,0,2,32.96126599641623,1.0685624512251068,1.5296471988958913,0.9793827881199492,2.677359232387174,0.0255924878379037,2.598209650120998,2.6131620948482293,0.001211477301902,0.974846554492576,0.4112687562280989,,0.8912095257831799,0.0531036031675081,0.0004598751112005,0.0017365224756008,0.9830537043923624,0.9768184502039275,2.6131620948482293,0.903420385992056,0.0333090944460936,True,0.0665832849866023,15,DE -> LSQ polish | `ftol` termination condition is satisfied.,2.5414941392389565,0.0031089438504008,0.0031089438504008,0.0573843761738608,0.0573843761738608,False,False,False,"dV/dQ valleys | R1=first_valley, R2=last_valley",31,3,True,0.0,code/diagnostic_algorithm_lifetime_crate/batch_results/A01_cell_lifetime_diagnostics/cell003/cell003_voltage_fit_summary.csv,0.4643107104820076,success,2,1,raw_missing_day_preserved,,,,,,,,,32.96126599641623,2.5414941392389565,2.6131620948482293,1.0685624512251068,1.5296471988958913,3.1089438504008,0.0573843761738608,,Cal_100SOC_60C,calendar
3,2,10,59.46738827074768,1.057634443206311,1.427592438389796,0.8478069856426448,2.666705982934632,0.0153123812593221,2.485226881596107,2.1478263298412763,0.0017715529956287,0.8037720065245411,0.4255685672155042,,0.8410097269006351,0.0723170794591595,0.0007128178281351,0.0025559188617284,0.9623943671227422,0.7629147165669802,2.1478263298412763,0.9163231753894177,0.0365315689817557,True,0.1814555482817268,26,DE -> LSQ polish | `ftol` termination condition is satisfied.,2.102589999997157,0.0048705986593524,0.0048705986593524,0.106396217936285,0.106396217936285,False,False,False,"dV/dQ valleys | R1=first_valley, R2=last_valley",31,3,True,32.05857638888889,code/diagnostic_algorithm_lifetime_crate/batch_results/A01_cell_lifetime_diagnostics/cell003/cell003_voltage_fit_summary.csv,0.555920177142102,success,2,1,raw_missing_day_preserved,,,,,,,,,59.46738827074768,2.102589999997157,2.1478263298412763,1.057634443206311,1.427592438389796,4.8705986593524,0.106396217936285,,Cal_100SOC_60C,calendar
3,3,14,68.51226827073987,1.127828057222967,1.4998245513961086,0.787643180605837,2.777264109015302,0.0129784852119639,2.6276526086190755,2.1056973393485263,0.0015156715045503,0.7567572253367586,0.4292150543506132,,0.865013505354799,0.0729831813688351,0.000662355766932,0.0021573421784034,0.9615884161257428,0.6568410032064927,2.1056973393485263,0.9457882607340468,0.0318901359697511,True,0.2211872634996257,38,DE -> LSQ polish | `ftol` termination condition is satisfied.,2.065669999997212,0.0053480735010226,0.0053480735010226,0.1244444817163892,0.1244444817163892,False,False,False,"dV/dQ valleys | R1=first_valley, R2=last_valley",31,3,True,74.82116435185185,code/diagnostic_algorithm_lifetime_crate/batch_results/A01_cell_lifetime_diagnostics/cell003/cell003_voltage_fit_summary.csv,0.6006349884612218,success,2,1,raw_missing_day_preserved,,,,,,,,,68.51226827073987,2.065669999997212,2.1056973393485263,1.127828057222967,1.4998245513961086,5.348073501022601,0.1244444817163892,,Cal_100SOC_60C,calendar
3,4,18,77.37101827073216,1.1651784377632368,1.5315608035186474,0.7515822131324255,2.7967287791636304,0.0114936612590242,2.696739241281884,2.058965900424768,0.0012612443777655,0.7349889158122525,0.4320693747198835,,0.8868718222411558,0.0735050949621678,0.0005466371985815,0.0018049021122433,0.9605703396184424,0.592588552436356,2.058965900424768,0.9421971247889972,0.0316201800927558,True,0.2906705674676197,60,DE -> LSQ polish | `ftol` termination condition is satisfied.,2.02341999999733,0.0062259268153346,0.0062259268153346,0.1460725201616953,0.1460725201616953,False,False,False,"dV/dQ valleys | R1=first_valley, R2=last_valley",31,3,True,116.8581550925926,code/diagnostic_algorithm_lifetime_crate/batch_results/A01_cell_lifetime_diagnostics/cell003/cell003_voltage_fit_summary.csv,0.631056239889193,success,2,1,raw_missing_day_preserved,,,,,,,,,77.37101827073216,2.02341999999733,2.058965900424768,1.1651784377632368,1.5315608035186474,6.2259268153346,0.1460725201616953,,Cal_100SOC_60C,calendar
3,5,22,85.91582827072435,1.184011879998359,1.5344933532665193,0.7266289896371517,2.7999999999999994,0.0077872326198601,2.718505233264878,1.997148962306176,0.001337025556757,0.7119693754761156,0.4355378336264525,,0.8788509390490221,0.0751988902009545,0.0005667825496402,0.0019313434591256,0.958027137039902,0.54808466976707,1.997148962306176,0.9326314417886375,0.0325625152485852,True,0.3612395569327749,74,DE -> LSQ polish | `ftol` termination condition is satisfied.,1.9717099999975147,0.0069079702141062,0.0069079702141062,0.1629109409264794,0.1629109409264794,False,False,False,"dV/dQ valleys | R1=first_valley, R2=last_valley",31,3,True,150.82521527777777,code/diagnostic_algorithm_lifetime_crate/batch_results/A01_cell_lifetime_diagnostics/cell003/cell003_voltage_fit_summary.csv,0.6593586336994651,success,2,1,raw_missing_day_preserved,,,,,,,,,85.91582827072435,1.9717099999975147,1.997148962306176,1.184011879998359,1.5344933532665193,6.9079702141062,0.1629109409264794,,Cal_100SOC_60C,calendar
3,6,26,94.26839827071686,1.199835325975665,1.535387090865597,0.7017371673598409,2.7999999999999994,0.0032936899182929,2.735222416841262,1.9286295626645455,0.0012968710967781,0.6875294042031732,0.4386609727194616,,0.8810218834032163,0.0847629175995381,0.0005287528388748,0.0018971206532855,0.9418884841957256,0.514073107604519,1.9286295626645455,0.915698001769536,0.0350169669437084,True,0.404609205528105,79,DE -> LSQ polish | `ftol` termination condition is satisfied.,1.9158599999976644,0.0073825352393251,0.0073825352393251,0.1729087359195694,0.1729087359195694,False,False,False,"dV/dQ valleys | R1=first_valley, R2=last_valley",31,3,True,187.7400590277778,code/diagnostic_algorithm_lifetime_crate/batch_results/A01_cell_lifetime_diagnostics/cell003/cell003_voltage_fit_summary.csv,0.682987055229132,success,2,1,raw_missing_day_preserved,,,,,,,,,94.26839827071686,1.9158599999976644,1.9286295626645455,1.199835325975665,1.535387090865597,7.3825352393251,0.1729087359195694,,Cal_100SOC_60C,calendar
3,8,30,102.33295827070955,1.1776395449719952,1.5234730211578895,0.7000000112410716,2.7999999999999994,0.0027098828218047,2.701112566129885,1.8983664985553723,0.0014100954933553,0.6766277399638672,0.4359831425534775,,0.8711393890317113,0.084934003484632,0.0005749975264774,0.0020556234259561,0.9410028123268211,0.5137060046254184,1.8983664985553723,0.917631460933596,0.0343483188192013,True,0.4029276254346456,39,DE -> LSQ polish | `ftol` termination condition is satisfied.,1.886969999997774,0.0072456088243886,0.0072456088243886,0.1769146239225164,0.1769146239225164,False,False,False,"dV/dQ valleys | R1=first_valley, R2=last_valley",31,3,True,209.809875,code/diagnostic_algorithm_lifetime_crate/batch_results/A01_cell_lifetime_diagnostics/cell003/cell003_voltage_fit_summary.csv,0.6826841672126754,success,2,1,raw_missing_day_preserved,,,,,,,,,102.33295827070955,1.886969999997774,1.8983664985553723,1.1776395449719952,1.5234730211578895,7.2456088243886,0.1769146239225164,,Cal_100SOC_60C,calendar
4,0,2,33.04510095436046,1.0728462047164928,1.538099383603943,0.9775286791519688,2.6864912858522447,0.024861548756693,2.610945588320436,2.6190645263761825,0.0012224807790029,0.9737134489716374,0.4109033177541747,,0.8902301767724672,0.0541824457321147,0.0004633849061501,0.0017519609510176,0.9818352307000244,0.9745247981719756,2.6190645263761825,0.9032329158483472,0.0331330142994049,True,0.0672108669948277,13,DE -> LSQ polish | `ftol` termination condition is satisfied.,2.5490823614917915,0.0031170783168867,0.0031170783168867,0.0579203353492663,0.0579203353492663,False,False,False,"dV/dQ valleys | R1=first_valley, R2=last_valley",31,3,True,0.0,code/diagnostic_algorithm_lifetime_crate/batch_results/A01_cell_lifetime_diagnostics/cell004/cell004_voltage_fit_summary.csv,0.4652735964018425,success,2,1,raw_missing_day_preserved,,,,,,,,,33.04510095436046,2.5490823614917915,2.6190645263761825,1.0728462047164928,1.538099383603943,3.1170783168867002,0.0579203353492663,,Cal_80SOC_45C,calendar
4,2,10,60.49910887153624,1.1874407635980242,1.3642365473274638,0.942554036920935,2.6533736527314495,0.0163810470228743,2.551677310925488,2.4485587889070244,0.0011066251693002,0.9217454300313566,0.4653569471789291,,0.8938227390892713,0.0657821059117174,0.0004302718058677,0.0016953277340495,0.9675901291884732,0.9207624520393284,2.4485587889070244,0.896939797581204,0.0281664419651728,True,0.0334591558540247,27,DE -> LSQ polish | `ftol` termination condition is satisfied.,2.4022699999961716,0.0021867173469072,0.0021867173469072,0.0446172685725258,0.0446172685725258,False,False,False,"dV/dQ valleys | R1=first_valley, R2=last_valley",31,3,True,29.003679398148147,code/diagnostic_algorithm_lifetime_crate/batch_results/A01_cell_lifetime_diagnostics/cell004/cell004_voltage_fit_summary.csv,0.5084563654316469,success,3,2,raw_missing_day_preserved,,,,,,,,,60.49910887153624,2.4022699999961716,2.4485587889070244,1.1874407635980242,1.3642365473274638,2.1867173469072,0.0446172685725258,,Cal_80SOC_45C,calendar
4,3,14,71.29481887152782,1.1932000896023658,1.3514242821337357,0.9310792201807676,2.648225385705208,0.0158394015801182,2.5446243717361012,2.4111931810478735,0.0011030609169272,0.9094340377353534,0.468910108248429,,0.8936212761977602,0.0677439463654844,0.0004286596109174,0.0016985035986942,0.9653432989150574,0.9008275856059412,2.4111931810478735,0.8929793537019141,0.0300189033109898,True,0.0345185497038809,22,DE -> LSQ polish | Both `ftol` and `xtol` termination conditions are satisfied.,2.3664399999963024,0.0022587227389736,0.0022587227389736,0.042718453490491,0.042718453490491,False,False,False,"dV/dQ valleys | R1=first_valley, R2=last_valley",31,3,True,94.8072476851852,code/diagnostic_algorithm_lifetime_crate/batch_results/A01_cell_lifetime_diagnostics/cell004/cell004_voltage_fit_summary.csv,0.5189356117518983,success,3,2,raw_missing_day_preserved,,,,,,,,,71.29481887152782,2.3664399999963024,2.4111931810478735,1.1932000896023658,1.3514242821337357,2.2587227389736,0.042718453490491,,Cal_80SOC_45C,calendar
4,4,18,81.9599488715195,1.204174269915392,1.3255691270009062,0.9261810476654636,2.6498485328050863,0.0157635587038233,2.5297433969162983,2.384771432583839,0.0010318792362625,0.8989800788265327,0.476006488003192,,0.8997247414974231,0.0685820252983803,0.0004039660859664,0.0016022884619502,0.9646754820695672,0.8912123473629574,2.384771432583839,0.8907752218889662,0.031790028837937,True,0.0395306697992534,19,DE -> LSQ polish | `ftol` termination condition is satisfied.,2.3403899999963755,0.0024592039845584,0.0024592039845584,0.0429551936614936,0.0429551936614936,False,False,False,"dV/dQ valleys | R1=first_valley, R2=last_valley",31,3,True,142.8286574074074,code/diagnostic_algorithm_lifetime_crate/batch_results/A01_cell_lifetime_diagnostics/cell004/cell004_voltage_fit_summary.csv,0.5297105544631499,success,3,2,raw_missing_day_preserved,,,,,,,,,81.9599488715195,2.3403899999963755,2.384771432583839,1.204174269915392,1.3255691270009062,2.4592039845584,0.0429551936614936,,Cal_80SOC_45C,calendar
4,5,22,92.5316688715114,1.2016492688526652,1.3247306190774852,0.9226090606425704,2.6579998039007173,0.0158103783750025,2.5263798879301502,2.3728849578498714,0.0010611924382073,0.8917246642149464,0.4756407674845647,,0.8969059650264717,0.069091341731863,0.0004156869504087,0.0016467237049291,0.9644499014448762,0.8846557147601642,2.3728849578498714,0.8886747024867029,0.0337624388603652,True,0.0435437733138441,13,DE -> LSQ polish | `ftol` termination condition is satisfied.,2.328179999996408,0.0025946723721417,0.0025946723721417,0.0433897095747891,0.0433897095747891,False,False,False,"dV/dQ valleys | R1=first_valley, R2=last_valley",31,3,True,184.04105787037037,code/diagnostic_algorithm_lifetime_crate/batch_results/A01_cell_lifetime_diagnostics/cell004/cell004_voltage_fit_summary.csv,0.5360027205266888,success,3,2,raw_missing_day_preserved,,,,,,,,,92.5316688715114,2.328179999996408,2.3728849578498714,1.2016492688526652,1.3247306190774852,2.5946723721416998,0.0433897095747891,,Cal_80SOC_45C,calendar
4,6,26,103.03495887150332,1.1985050680391949,1.331490428955736,0.9089467080351062,2.6662685804770305,0.0157746636345067,2.529995496994931,2.3416905683534637,0.0010478589166814,0.8772707697715467,0.4737182613418684,,0.8986325004728157,0.0704018148574512,0.0004127816039245,0.0016195065691042,0.963342935003758,0.859983416759126,2.3416905683534637,0.8891272606210555,0.0359008621360462,True,0.048919756238583,28,DE -> LSQ polish | `ftol` termination condition is satisfied.,2.296979999996495,0.0027778544407039,0.0027778544407039,0.0435000161087148,0.0435000161087148,False,False,False,"dV/dQ valleys | R1=first_valley, R2=last_valley",31,3,True,225.80489236111111,code/diagnostic_algorithm_lifetime_crate/batch_results/A01_cell_lifetime_diagnostics/cell004/cell004_voltage_fit_summary.csv,0.5475349303099545,success,2,1,raw_missing_day_preserved,,,,,,,,,103.03495887150332,2.296979999996495,2.3416905683534637,1.1985050680391949,1.331490428955736,2.7778544407039,0.0435000161087148,,Cal_80SOC_45C,calendar
5,0,2,32.61438301236355,1.0953656699526084,1.5110304347198749,0.9785568114675354,2.681464909380378,0.0262009599312604,2.6063961046724833,2.6207636162574657,0.0011592705712311,0.9762358212478882,0.4202606303734676,,0.8946194045782432,0.0534880915102725,0.0004371170397978,0.0016827690849547,0.9820898913834244,0.9759956988605284,2.6207636162574657,0.9058208273534576,0.0266477601875327,True,0.0497548471402469,15,DE -> LSQ polish | `ftol` termination condition is satisfied.,2.5474851433085917,0.0026657864486535,0.0026657864486535,0.0512038862046778,0.0512038862046778,False,False,False,"dV/dQ valleys | R1=first_valley, R2=last_valley",31,3,True,6.50488625,code/diagnostic_algorithm_lifetime_crate/batch_results/A01_cell_lifetime_diagnostics/cell005/cell005_voltage_fit_summary.csv,0.4594493269851488,success,2,1,raw_missing_day_preserved,,,,,,,,,32.61438301236355,2.5474851433085917,2.6207636162574657,1.0953656699526084,1.5110304347198749,2.6657864486535,0.0512038862046778,,Cal_100SOC_25C,calendar
5,2,6,67.14823693970676,1.1095889053436965,1.488362794112534,0.8834730502888186,2.7627236870380174,0.0198268903265881,2.59795169945623,2.349996531967186,0.0008411952191647,0.8498175761960209,0.4271014374808974,,0.9238673737085632,0.0715424462047513,0.0003307949485066,0.0012217035736108,0.9632691975393226,0.8239842520631834,2.349996531967186,0.90404828673491,0.0394046981809641,True,0.0820898715114393,92,DE -> LSQ polish | `ftol` termination condition is satisfied.,2.2930349278724123,0.0035370851459188,0.0035370851459188,0.064132598828806,0.064132598828806,False,False,False,"dV/dQ valleys | R1=first_valley, R2=last_valley",31,3,True,120.74822585648148,code/diagnostic_algorithm_lifetime_crate/batch_results/A01_cell_lifetime_diagnostics/cell005/cell005_voltage_fit_summary.csv,0.5356032659378108,success,2,1,raw_missing_day_preserved,,,,,,,,,67.14823693970676,2.2930349278724123,2.349996531967186,1.1095889053436965,1.488362794112534,3.5370851459188,0.064132598828806,,Cal_100SOC_25C,calendar
5,4,10,77.3983005036985,1.139410319015614,1.4425539608744795,0.8781815431030252,2.76461488045663,0.0189084551160337,2.5819642798900935,2.319707971931007,0.0002108429499583,0.8388740143735653,0.4412959264735123,,0.98123373414765,0.0717404423210938,9.211729392322004e-05,0.0003046191561088,0.9623966045452788,0.8116637471478089,2.319707971931007,0.9490227199450548,0.0292770273630879,True,0.0563592749884391,31,DE -> LSQ polish | `ftol` termination condition is satisfied.,2.2668889865853146,0.0029321048318274,0.0029321048318274,0.0640948928617169,0.0640948928617169,False,False,False,"dV/dQ valleys | R1=first_valley, R2=last_valley",31,3,True,194.39479993055556,code/diagnostic_algorithm_lifetime_crate/batch_results/A01_cell_lifetime_diagnostics/cell005/cell005_voltage_fit_summary.csv,0.5383138730097223,success,2,1,raw_missing_day_preserved,,,,,,,,,77.3983005036985,2.2668889865853146,2.319707971931007,1.139410319015614,1.4425539608744795,2.9321048318274,0.0640948928617169,,Cal_100SOC_25C,calendar
5,6,14,86.74718511551514,1.1325013592144988,1.4878270924963612,0.8533117501205363,2.7875342793764397,0.0189582540706449,2.62032845171086,2.28880384011908,0.0001759189761182,0.8209200839433819,0.432198245405101,,0.9844937336437816,0.0722467813443238,7.561358930786377e-05,0.0002522692371614,0.9628584609769444,0.7699297561829429,2.28880384011908,0.9424818000561968,0.0333247230029262,True,0.0564748227794447,137,DE -> LSQ polish | `ftol` termination condition is satisfied.,2.2354960915217106,0.0029327994745714,0.0029327994745714,0.0651220891111432,0.0651220891111432,False,False,False,"dV/dQ valleys | R1=first_valley, R2=last_valley",31,3,True,234.43783233796296,code/diagnostic_algorithm_lifetime_crate/batch_results/A01_cell_lifetime_diagnostics/cell005/cell005_voltage_fit_summary.csv,0.5542123125244882,success,2,1,raw_missing_day_preserved,,,,,,,,,86.74718511551514,2.2354960915217106,2.28880384011908,1.1325013592144988,1.4878270924963612,2.9327994745713997,0.0651220891111432,,Cal_100SOC_25C,calendar
5,8,18,95.98147365086876,1.1395853695072962,1.4719390561543075,0.8405393691525056,2.798053815400354,0.0188501515036365,2.611524425661604,2.2478328316075893,0.0001431917408118,0.8032221791121387,0.4363678770565561,,0.9873992659288516,0.0724736170156186,6.25676799762896e-05,0.0002056114447897,0.9627482918066356,0.7459243783364069,2.2478328316075893,0.9472428647727776,0.0331617480768354,True,0.0516483965981517,17,DE -> LSQ polish | `ftol` termination condition is satisfied.,2.194715144543281,0.0027881647499109,0.0027881647499109,0.0653046874470027,0.0653046874470027,False,False,False,"dV/dQ valleys | R1=first_valley, R2=last_valley",31,3,True,306.38164020833335,code/diagnostic_algorithm_lifetime_crate/batch_results/A01_cell_lifetime_diagnostics/cell005/cell005_voltage_fit_summary.csv,0.5666465203734248,success,2,1,raw_missing_day_preserved,,,,,,,,,95.98147365086876,2.194715144543281,2.2478328316075893,1.1395853695072962,1.4719390561543075,2.7881647499109,0.0653046874470027,,Cal_100SOC_25C,calendar
5,10,22,105.0879194970082,1.147491073331621,1.463797152873499,0.826963361508996,2.7999999999999994,0.0182394984592857,2.61128822620512,2.21051028509745,0.0001333082362309,0.7893436353106158,0.4394348589390393,,0.9882527692498756,0.0726157177048211,5.8558415622194e-05,0.0001919056666968,0.9626241838174192,0.7206169443881835,2.21051028509745,0.94818004266664,0.0331941513928501,True,0.0601394369280394,28,DE -> LSQ polish | `ftol` termination condition is satisfied.,2.1590915831837236,0.0030026686844843,0.0030026686844843,0.0724223088366183,0.0724223088366183,False,False,False,"dV/dQ valleys | R1=first_valley, R2=last_valley",31,3,True,379.5050777083333,code/diagnostic_algorithm_lifetime_crate/batch_results/A01_cell_lifetime_diagnostics/cell005/cell005_voltage_fit_summary.csv,0.5776262910845733,success,2,1,raw_missing_day_preserved,,,,,,,,,105.0879194970082,2.1590915831837236,2.21051028509745,1.147491073331621,1.463797152873499,3.0026686844843,0.0724223088366183,,Cal_100SOC_25C,calendar
5,12,26,114.069938223584,1.149687365536067,1.468813670573386,0.8151963614636978,2.7999999999999994,0.0177464336487629,2.6185010361094534,2.1842825313418857,0.0001626082501972,0.7799488362393803,0.4390631699899049,,0.9856600279470232,0.0727328706919076,7.198676550211462e-05,0.0002335405802043,0.9626854814200788,0.6997525735032131,2.1842825313418857,0.9492669430227456,0.0337394593645011,True,0.0680491878950815,33,DE -> LSQ polish | `ftol` termination condition is satisfied.,2.134166727253728,0.003181936118078,0.003181936118078,0.0782861843204358,0.0782861843204358,False,False,False,"dV/dQ valleys | R1=first_valley, R2=last_valley",31,3,True,418.5386656712963,code/diagnostic_algorithm_lifetime_crate/batch_results/A01_cell_lifetime_diagnostics/cell005/cell005_voltage_fit_summary.csv,0.5878863321681612,success,2,1,raw_missing_day_preserved,,,,,,,,,114.069938223584,2.134166727253728,2.1842825313418857,1.149687365536067,1.468813670573386,3.1819361180779997,0.0782861843204358,,Cal_100SOC_25C,calendar
36,0,2,33.79372608907939,1.0734119926128285,1.5257174993677258,0.977415371269704,2.691172505604677,0.0252602717646754,2.5991294919805545,2.6084088662394076,0.0012796250613431,0.9680103930827204,0.4129890395706607,,0.8842052651458385,0.0541974759897565,0.0004732628002145,0.0018469377662472,0.981569898074324,0.9744924717830308,2.6084088662394076,0.8943653820931472,0.0324719656183244,True,0.0477311235977078,17,DE -> LSQ polish | `ftol` termination condition is satisfied.,2.537103206146597,0.0026000020360586,0.0026000020360586,0.0496386457133033,0.0496386457133033,False,False,False,"dV/dQ valleys | R1=first_valley, R2=last_valley",31,3,True,0.0,code/diagnostic_algorithm_lifetime_crate/batch_results/A01_cell_lifetime_diagnostics/cell036/cell036_voltage_fit_summary.csv,0.4639102363940498,success,2,1,raw_missing_day_preserved,,,,,,,,,33.79372608907939,2.537103206146597,2.6084088662394076,1.0734119926128285,1.5257174993677258,2.6000020360586,0.0496386457133033,,Cal_100SOC_45C,calendar
36,2,10,53.80601685796808,1.1677378382353103,1.288281458069462,0.9555015589502124,2.7320526712262674,0.0192048821534796,2.456019296304772,2.399199016019013,0.0010465171989236,0.8772264073916363,0.4754595535923686,,0.8995374265760774,0.062886027531081,0.0004301169478468,0.0016052412977388,0.9721192274053646,0.9404388191995924,2.399199016019013,0.908267274542874,0.0323687197326059,True,0.0725634141128848,25,DE -> LSQ polish | `ftol` termination condition is satisfied.,2.344159999996542,0.0032520116073493,0.0032520116073493,0.0627934834592699,0.0627934834592699,False,False,False,"dV/dQ valleys | R1=first_valley, R2=last_valley",31,3,True,28.97245023148148,code/diagnostic_algorithm_lifetime_crate/batch_results/A01_cell_lifetime_diagnostics/cell036/cell036_voltage_fit_summary.csv,0.5193038468682148,success,3,2,raw_missing_day_preserved,,,,,,,,,53.80601685796808,2.344159999996542,2.399199016019013,1.1677378382353103,1.288281458069462,3.2520116073493,0.0627934834592699,,Cal_100SOC_45C,calendar
36,3,14,63.534296857959475,1.166397436482281,1.3929620763204495,0.860603604812367,2.7602315437716056,0.0407788699669378,2.55935951280273,2.3151531459309553,0.0010682448942961,0.8377627334984459,0.4557380198630125,,0.9017069795827204,0.0721910296703676,0.0004677848069502,0.0015710404251265,0.962246972446586,0.7754932083804007,2.3151531459309553,0.9379210338919974,0.0319035054483256,True,0.1111383441633149,39,DE -> LSQ polish | `ftol` termination condition is satisfied.,2.199859999996633,0.0038692241088311,0.0038692241088311,0.0831645139731379,0.0831645139731379,False,False,False,"dV/dQ valleys | R1=first_valley, R2=last_valley",31,3,True,94.77394097222222,code/diagnostic_algorithm_lifetime_crate/batch_results/A01_cell_lifetime_diagnostics/cell036/cell036_voltage_fit_summary.csv,0.5468787987024618,success,2,1,raw_missing_day_preserved,,,,,,,,,63.534296857959475,2.199859999996633,2.3151531459309553,1.166397436482281,1.3929620763204495,3.8692241088311,0.0831645139731379,,Cal_100SOC_45C,calendar
36,4,18,72.8524268579516,1.1600451867768793,1.4729366777476744,0.8337015970908123,2.779529299262541,0.0154082824828774,2.6329818645245537,2.237948958177737,0.001117055004441,0.8040957773686195,0.4405822928014555,,0.8986025831498611,0.0725501048639155,0.0004784816030555,0.0016199781863212,0.9624507110024848,0.7323022686937429,2.237948958177737,0.9320073051313764,0.0349743927292598,True,0.1671233639677887,38,DE -> LSQ polish | `ftol` termination condition is satisfied.,2.1921799999968954,0.004820297142039,0.004820297142039,0.1062276301099614,0.1062276301099614,False,False,False,"dV/dQ valleys | R1=first_valley, R2=last_valley",31,3,True,142.79733333333334,code/diagnostic_algorithm_lifetime_crate/batch_results/A01_cell_lifetime_diagnostics/cell036/cell036_voltage_fit_summary.csv,0.5775243239306277,success,2,1,raw_missing_day_preserved,,,,,,,,,72.8524268579516,2.1921799999968954,2.237948958177737,1.1600451867768793,1.4729366777476744,4.820297142039,0.1062276301099614,,Cal_100SOC_45C,calendar
36,5,22,82.16917685794368,1.1667958151217572,1.467470011824369,0.8191708007963447,2.7946738437494965,0.0149615436825243,2.6342658269461268,2.1997262817615706,0.0011516100394682,0.7860282657676506,0.4429301717338109,,0.8952096941592574,0.0727020513549949,0.0004952786917412,0.0016734637493843,0.9624589892107952,0.7052413458492492,2.1997262817615706,0.9313224693365352,0.0358910896523747,True,0.1773008570489365,31,DE -> LSQ polish | `xtol` termination condition is satisfied.,2.154879999996965,0.0049276312718406,0.0049276312718406,0.1110895219120038,0.1110895219120038,False,False,False,"dV/dQ valleys | R1=first_valley, R2=last_valley",31,3,True,184.00919097222223,code/diagnostic_algorithm_lifetime_crate/batch_results/A01_cell_lifetime_diagnostics/cell036/cell036_voltage_fit_summary.csv,0.5905589018483227,success,2,1,raw_missing_day_preserved,,,,,,,,,82.16917685794368,2.154879999996965,2.1997262817615706,1.1667958151217572,1.467470011824369,4.927631271840601,0.1110895219120038,,Cal_100SOC_45C,calendar
36,6,26,91.55953685793638,1.193786238486129,1.4031977211141686,0.8130878193806029,2.785529464460926,0.0142205602673865,2.5969839596002977,2.1511878143037575,0.0011112986162883,0.771236426335445,0.459681791284481,,0.8972244128111605,0.0728086905078709,0.0004878509969788,0.0016417036883245,0.9621759250903106,0.6862494371340201,2.1511878143037575,0.933743242991606,0.0348155155945168,True,0.1890365897292112,67,DE -> LSQ polish | `ftol` termination condition is satisfied.,2.108689999996983,0.0050650836101245,0.0050650836101245,0.1181575304392677,0.1181575304392677,False,False,False,"dV/dQ valleys | R1=first_valley, R2=last_valley",31,3,True,225.7729907407407,code/diagnostic_algorithm_lifetime_crate/batch_results/A01_cell_lifetime_diagnostics/cell036/cell036_voltage_fit_summary.csv,0.6061077314414527,success,2,1,raw_missing_day_preserved,,,,,,,,,91.55953685793638,2.108689999996983,2.1511878143037575,1.193786238486129,1.4031977211141686,5.0650836101245,0.1181575304392677,,Cal_100SOC_45C,calendar
42,0,2,33.9041018530874,1.0745145960807678,1.5226698169112558,0.9798437193713336,2.691170781513541,0.0265336918452639,2.5971844129920236,2.616241531339017,0.0012531080338574,0.9709480337090008,0.4137228726253209,,0.8866318170939709,0.0527854543964374,0.0004658119565455,0.0018086855576996,0.9831634881752818,0.977501109568974,2.616241531339017,0.8964015237998249,0.0321156298118694,True,0.047903546436167,9,DE -> LSQ polish | `ftol` termination condition is satisfied.,2.541580282466029,0.0026157263321481,0.0026157263321481,0.0489970006840584,0.0489970006840584,False,False,False,"dV/dQ valleys | R1=first_valley, R2=last_valley",31,3,True,0.0,code/diagnostic_algorithm_lifetime_crate/batch_results/A01_cell_lifetime_diagnostics/cell042/cell042_voltage_fit_summary.csv,0.4621852892026215,success,2,1,raw_missing_day_preserved,,,,,,,,,33.9041018530874,2.541580282466029,2.616241531339017,1.0745145960807678,1.5226698169112558,2.6157263321480997,0.0489970006840584,,Cal_80SOC_60C,calendar
42,2,10,61.410345785775135,1.2066549588745945,1.3365433119462378,0.9236490756771174,2.614023808649651,0.014966218290896,2.5431982708208323,2.388144783045155,0.0011846233718899,0.9124370034587784,0.4744635810424405,,0.884427691188701,0.0687797747047865,0.0004548990142486,0.0018434314381076,0.9623770830142556,0.8886854012266809,2.388144783045155,0.8889149878966102,0.0273123342461556,True,0.0290941974468554,33,DE -> LSQ polish | `ftol` termination condition is satisfied.,2.3460099999963404,0.0020440953100738,0.0020440953100738,0.0409020980835765,0.0409020980835765,False,False,False,"dV/dQ valleys | R1=first_valley, R2=last_valley",31,3,True,32.09950231481481,code/diagnostic_algorithm_lifetime_crate/batch_results/A01_cell_lifetime_diagnostics/cell042/cell042_voltage_fit_summary.csv,0.5198940889472458,success,3,2,raw_missing_day_preserved,,,,,,,,,61.410345785775135,2.3460099999963404,2.388144783045155,1.2066549588745945,1.3365433119462378,2.0440953100738,0.0409020980835765,,Cal_80SOC_60C,calendar
42,3,14,71.96589578576683,1.2088847544871744,1.322409201177024,0.9000480241593541,2.6205121624776515,0.0148363491434509,2.5312939556641982,2.317164956739256,0.001108572696277,0.8831704223748256,0.4775758073384129,,0.8920441986447234,0.0710506742297517,0.0004360465767314,0.0017233646776013,0.9609811281439248,0.8443471162198664,2.317164956739256,0.8925686731463317,0.0309671957515987,True,0.0354019890155909,32,DE -> LSQ polish | `ftol` termination condition is satisfied.,2.275479999996577,0.0023142292105124,0.0023142292105124,0.0415815912189117,0.0415815912189117,False,False,False,"dV/dQ valleys | R1=first_valley, R2=last_valley",31,3,True,74.86272106481482,code/diagnostic_algorithm_lifetime_crate/batch_results/A01_cell_lifetime_diagnostics/cell042/cell042_voltage_fit_summary.csv,0.5462008220106299,success,3,2,raw_missing_day_preserved,,,,,,,,,71.96589578576683,2.275479999996577,2.317164956739256,1.2088847544871744,1.322409201177024,2.3142292105124,0.0415815912189117,,Cal_80SOC_60C,calendar
42,4,18,82.25142578575888,1.2126284336215385,1.290364417393789,0.8892821230714936,2.6265868475163656,0.0151108222687632,2.502992851015327,2.2655566836099723,0.0010854192355708,0.861513446304914,0.484471393168239,,0.8934532164168788,0.071584026761086,0.0004302137463108,0.0017011528961023,0.9615191947487854,0.8213968606629369,2.2655566836099723,0.8878167143904905,0.0348358116497058,True,0.0508131132966578,48,DE -> LSQ polish | `ftol` termination condition is satisfied.,2.223149999996693,0.0028055399272765,0.0028055399272765,0.0469313399225353,0.0469313399225353,False,False,False,"dV/dQ valleys | R1=first_valley, R2=last_valley",31,3,True,116.89841782407407,code/diagnostic_algorithm_lifetime_crate/batch_results/A01_cell_lifetime_diagnostics/cell042/cell042_voltage_fit_summary.csv,0.5637504213851842,success,3,2,raw_missing_day_preserved,,,,,,,,,82.25142578575888,2.223149999996693,2.2655566836099723,1.2126284336215385,1.290364417393789,2.8055399272765,0.0469313399225353,,Cal_80SOC_60C,calendar
42,5,22,92.33677578575096,1.2149794878253963,1.281257827466351,0.8788398296251049,2.63165263750978,0.0151589186007653,2.496237315291747,2.2336857849923284,0.0011348187372524,0.8477004055616045,0.4867243512395759,,0.8888654058338231,0.0719172762176263,0.0004613229031879,0.0017734752246374,0.9612843598603714,0.800660082370542,2.2336857849923284,0.8971610595947623,0.0340369320341435,True,0.0541392316622866,28,DE -> LSQ polish | `ftol` termination condition is satisfied.,2.1909599999968066,0.0028963933385813,0.0028963933385813,0.0477234486482404,0.0477234486482404,False,False,False,"dV/dQ valleys | R1=first_valley, R2=last_valley",31,3,True,150.86519560185187,code/diagnostic_algorithm_lifetime_crate/batch_results/A01_cell_lifetime_diagnostics/cell042/cell042_voltage_fit_summary.csv,0.5733329002126646,success,3,2,raw_missing_day_preserved,,,,,,,,,92.33677578575096,2.1909599999968066,2.2336857849923284,1.2149794878253963,1.281257827466351,2.8963933385812997,0.0477234486482404,,Cal_80SOC_60C,calendar
42,6,26,102.29447578574322,1.2182778196508737,1.2635743486174618,0.8710147901013199,2.6373630346224126,0.015270826620794,2.481852168268335,2.20200465904456,0.0011120506874472,0.8338801616477335,0.4908744506329333,,0.8906912340414819,0.0721067383277959,0.0004558864055466,0.0017446928359375,0.9613642144741044,0.7839046303481954,2.20200465904456,0.8974296143405861,0.034981974741117,True,0.0631810077724848,31,DE -> LSQ polish | `ftol` termination condition is satisfied.,2.1589699999968843,0.0031209173243704,0.0031209173243704,0.052644245696418,0.052644245696418,False,False,False,"dV/dQ valleys | R1=first_valley, R2=last_valley",31,3,True,187.7800347222222,code/diagnostic_algorithm_lifetime_crate/batch_results/A01_cell_lifetime_diagnostics/cell042/cell042_voltage_fit_summary.csv,0.5824854266724807,success,2,1,raw_missing_day_preserved,,,,,,,,,102.29447578574322,2.1589699999968843,2.20200465904456,1.2182778196508737,1.2635743486174618,3.1209173243704,0.052644245696418,,Cal_80SOC_60C,calendar
42,7,30,112.13877578573558,1.2192754328933884,1.2564087889305078,0.8678495088151783,2.644471756516173,0.0154774799672727,2.4756842218238964,2.189451094526853,0.0011073043445005,0.8268985112978432,0.4925003852046682,,0.8911712146650693,0.0721772524500671,0.0004583008784499,0.0017371264127557,0.9616018471069202,0.7768680353787062,2.189451094526853,0.8993640321937605,0.0357575217430329,True,0.069726631124561,32,DE -> LSQ polish | `ftol` termination condition is satisfied.,2.1457799999969183,0.0032798357480236,0.0032798357480236,0.0552620952379347,0.0552620952379347,False,False,False,"dV/dQ valleys | R1=first_valley, R2=last_valley",31,3,True,209.85023958333332,code/diagnostic_algorithm_lifetime_crate/batch_results/A01_cell_lifetime_diagnostics/cell042/cell042_voltage_fit_summary.csv,0.5882412027788618,success,2,1,raw_missing_day_preserved,,,,,,,,,112.13877578573558,2.1457799999969183,2.189451094526853,1.2192754328933884,1.2564087889305078,3.2798357480236002,0.0552620952379347,,Cal_80SOC_60C,calendar
45,0,2,33.87154969145682,1.077197614165556,1.518676766537157,0.97941398985609,2.6850644408574644,0.0261670104875804,2.595874380702713,2.612695793752998,0.0012425671327739,0.971846413016964,0.4149652318206377,,0.8874967609891344,0.0530407351819616,0.0004636536411481,0.0017950505665817,0.9828833197170403,0.9769533475318364,2.612695793752998,0.8975115920856777,0.0319483957100632,True,0.0479469496463562,9,DE -> LSQ polish | `ftol` termination condition is satisfied.,2.53921013618298,0.0026192435600842,0.0026192435600842,0.0491719456650943,0.0491719456650943,False,False,False,"dV/dQ valleys | R1=first_valley, R2=last_valley",31,3,True,0.0,code/diagnostic_algorithm_lifetime_crate/batch_results/A01_cell_lifetime_diagnostics/cell045/cell045_voltage_fit_summary.csv,0.463523288665395,success,2,1,raw_missing_day_preserved,,,,,,,,,33.87154969145682,2.53921013618298,2.612695793752998,1.077197614165556,1.518676766537157,2.6192435600842003,0.0491719456650943,,Cal_50SOC_45C,calendar
45,2,10,57.02551131573529,1.2238072385388037,1.3285131284125766,0.963672618851037,2.6835823940911236,0.0178813614106601,2.5523203669513803,2.507587358830904,0.0010348435119067,0.9334336490559788,0.4794880981185682,,0.8999763302827708,0.0602186657944981,0.0004231547650714,0.0015983224118136,0.9748299092993352,0.9533947327277856,2.507587358830904,0.907724353793557,0.029923402549629,True,0.0447985948724616,35,DE -> LSQ polish | `ftol` termination condition is satisfied.,2.4569599999948295,0.0025506003954026,0.0025506003954026,0.0504413183893935,0.0504413183893935,False,False,False,"dV/dQ valleys | R1=first_valley, R2=last_valley",31,3,True,6.029221064814815,code/diagnostic_algorithm_lifetime_crate/batch_results/A01_cell_lifetime_diagnostics/cell045/cell045_voltage_fit_summary.csv,0.5139858220985241,success,3,2,raw_missing_day_preserved,,,,,,,,,57.02551131573529,2.4569599999948295,2.507587358830904,1.2238072385388037,1.3285131284125766,2.5506003954026,0.0504413183893935,,Cal_50SOC_45C,calendar
45,3,14,69.52617131572673,1.2424700106104367,1.285962724857698,0.9640385027310736,2.686871259232655,0.0178695443846261,2.528432735468135,2.4855196737795677,0.0009794638897102,0.9241392406448046,0.4913992740172285,,0.9035265002733496,0.0602081908540693,0.000396866198122,0.0015423574682385,0.9750200176266404,0.953428569732339,2.4855196737795677,0.8935089205574633,0.0348201645146567,True,0.0517925655689774,29,DE -> LSQ polish | Both `ftol` and `xtol` termination conditions are satisfied.,2.435029999994981,0.0027683811654125,0.0027683811654125,0.05320537646406,0.05320537646406,False,False,False,"dV/dQ valleys | R1=first_valley, R2=last_valley",31,3,True,69.12585648148148,code/diagnostic_algorithm_lifetime_crate/batch_results/A01_cell_lifetime_diagnostics/cell045/cell045_voltage_fit_summary.csv,0.5304273559268777,success,3,2,raw_missing_day_preserved,,,,,,,,,69.52617131572673,2.435029999994981,2.4855196737795677,1.2424700106104367,1.285962724857698,2.7683811654125,0.05320537646406,,Cal_50SOC_45C,calendar
45,4,18,81.93477131571818,1.265224818808364,1.2477081742866207,0.9643628906195308,2.687789181765104,0.0179672420111638,2.512932993094985,2.471671483858031,0.0009707083976664,0.9186852062099922,0.5034852987663967,,0.90320375803598,0.060195027461195,0.0004019563542616,0.0015474451826724,0.9751040036837604,0.9534710911946472,2.471671483858031,0.8964640836178672,0.0347107800667475,True,0.0520157935603224,52,DE -> LSQ polish | `ftol` termination condition is satisfied.,2.420939999995099,0.002786448176805,0.002786448176805,0.0523679539230675,0.0523679539230675,False,False,False,"dV/dQ valleys | R1=first_valley, R2=last_valley",31,3,True,120.15257060185183,code/diagnostic_algorithm_lifetime_crate/batch_results/A01_cell_lifetime_diagnostics/cell045/cell045_voltage_fit_summary.csv,0.5493353428407134,success,3,2,raw_missing_day_preserved,,,,,,,,,81.93477131571818,2.420939999995099,2.471671483858031,1.265224818808364,1.2477081742866207,2.786448176805,0.0523679539230675,,Cal_50SOC_45C,calendar
45,5,22,94.2938613157098,1.2689400940569593,1.232468606826491,0.9655900174717238,2.690148972970155,0.0181794684382224,2.5014087008834505,2.4642407495382,0.0009935486328017,0.9151000569404788,0.5072901895674999,,0.9003379196330077,0.0597482723008336,0.0004116933468355,0.0015926223107939,0.9757493377416498,0.9551301519318935,2.4642407495382,0.8926539661804259,0.0365727933443983,True,0.0555375472731316,22,DE -> LSQ polish | `ftol` termination condition is satisfied.,2.4128499999951316,0.0028963198810992,0.0028963198810992,0.0523877871332876,0.0523877871332876,False,False,False,"dV/dQ valleys | R1=first_valley, R2=last_valley",31,3,True,167.22265162037036,code/diagnostic_algorithm_lifetime_crate/batch_results/A01_cell_lifetime_diagnostics/cell045/cell045_voltage_fit_summary.csv,0.5564661552521989,success,3,2,raw_missing_day_preserved,,,,,,,,,94.2938613157098,2.4128499999951316,2.4642407495382,1.2689400940569593,1.232468606826491,2.8963198810992004,0.0523877871332876,,Cal_50SOC_45C,calendar
45,6,26,106.60993131570146,1.282581289287552,1.2033093233038497,0.964791924568551,2.693332782955944,0.0181903927100781,2.485890612591402,2.447359969409849,0.0009804085430638,0.9077685447888952,0.5159443793669315,,0.9006524278772666,0.0601809180867157,0.0004106850978625,0.0015876643971755,0.9753702956480448,0.9535166684436774,2.447359969409849,0.8916807093489989,0.0375586439176121,True,0.0603387378832502,53,DE -> LSQ polish | `ftol` termination condition is satisfied.,2.3959299999952464,0.0030323749827977,0.0030323749827977,0.0536834127495873,0.0536834127495873,False,False,False,"dV/dQ valleys | R1=first_valley, R2=last_valley",31,3,True,196.84549305555555,code/diagnostic_algorithm_lifetime_crate/batch_results/A01_cell_lifetime_diagnostics/cell045/cell045_voltage_fit_summary.csv,0.5637791829415715,success,3,2,raw_missing_day_preserved,,,,,,,,,106.60993131570146,2.3959299999952464,2.447359969409849,1.282581289287552,1.2033093233038497,3.0323749827977,0.0536834127495873,,Cal_50SOC_45C,calendar
46,0,2,33.91543935471292,1.076557321346756,1.51983002768625,0.9806377030726372,2.6880991767685387,0.0264584400637532,2.596387349033006,2.6172382371965357,0.0012368438817927,0.9724443703492874,0.4146366379992212,,0.8880439425765834,0.0523228691938087,0.0004609729229554,0.0017864247861971,0.9836645143842592,0.9784936897168658,2.6172382371965357,0.8975498308744774,0.0316852665986151,True,0.0474118286502802,16,DE -> LSQ polish | `ftol` termination condition is satisfied.,2.542904000435165,0.0026054020851986,0.0026054020851986,0.0487860816389494,0.0487860816389494,False,False,False,"dV/dQ valleys | R1=first_valley, R2=last_valley",31,3,True,7.980752314814815,code/diagnostic_algorithm_lifetime_crate/batch_results/A01_cell_lifetime_diagnostics/cell046/cell046_voltage_fit_summary.csv,0.4636804770731175,success,2,1,raw_missing_day_preserved,,,,,,,,,33.91543935471292,2.542904000435165,2.6172382371965357,1.076557321346756,1.51983002768625,2.6054020851986,0.0487860816389494,,Cal_100SOC_25C,calendar
46,1,6,44.28374197136393,1.1119645730325924,1.474071821456001,0.9650547407260256,2.700087868717585,0.0203303642242696,2.586036394488593,2.5505604519998153,0.0010452908063628,0.9436201397185824,0.429987982923377,,0.9048568096310712,0.0593736625037757,0.0004141563385155,0.0015213864476001,0.9760416530370248,0.9567667903569624,2.5505604519998153,0.9154409543386964,0.030367390795656,True,0.0445154827207818,23,DE -> LSQ polish | `ftol` termination condition is satisfied.,2.4929635221231763,0.0025416530297273,0.0025416530297273,0.0497632349295466,0.0497632349295466,False,False,False,"dV/dQ valleys | R1=first_valley, R2=last_valley",31,3,True,91.01512731481482,code/diagnostic_algorithm_lifetime_crate/batch_results/A01_cell_lifetime_diagnostics/cell046/cell046_voltage_fit_summary.csv,0.4822530522626361,success,2,1,raw_missing_day_preserved,,,,,,,,,44.28374197136393,2.4929635221231763,2.5505604519998153,1.1119645730325924,1.474071821456001,2.5416530297273,0.0497632349295466,,Cal_100SOC_25C,calendar
46,3,10,55.29684854405191,1.1625700668129897,1.3237133996137664,0.9629866445874504,2.7187289790786826,0.0208694198325039,2.486283466426756,2.4509960693027444,0.0003337746589902,0.901217528389642,0.4675935316755396,,0.9692362682542868,0.0605449588293393,0.000147608668207,0.0004972775806998,0.9750331929963012,0.952409296675122,2.4509960693027444,0.950294769087751,0.0233685806337496,True,0.0524329001648422,23,DE -> LSQ polish | `ftol` termination condition is satisfied.,2.3934279144113972,0.0027970983446824,0.0027970983446824,0.0611233267482292,0.0611233267482292,False,False,False,"dV/dQ valleys | R1=first_valley, R2=last_valley",31,3,True,172.80063657407408,code/diagnostic_algorithm_lifetime_crate/batch_results/A01_cell_lifetime_diagnostics/cell046/cell046_voltage_fit_summary.csv,0.4998998403878317,success,3,2,raw_missing_day_preserved,,,,,,,,,55.29684854405191,2.3934279144113972,2.4509960693027444,1.1625700668129897,1.3237133996137664,2.7970983446824,0.0611233267482292,,Cal_100SOC_25C,calendar
46,5,14,65.1441829217633,1.1818289545385976,1.261739264691936,0.9617969006306492,2.7312480787297453,0.0211917690947094,2.4435682192305337,2.4080963183602915,0.0002720321361716,0.8814401035285622,0.4836488481220913,,0.9745932647177106,0.0613378762782428,0.0001233971661886,0.0004112535395935,0.9742814989645234,0.9501029950753213,2.4080963183602915,0.95263263083231,0.0240261797005363,True,0.0550561894631691,9,DE -> LSQ polish | `ftol` termination condition is satisfied.,2.3495516106529237,0.0028877040052616,0.0028877040052616,0.0619816421449935,0.0619816421449935,False,False,False,"dV/dQ valleys | R1=first_valley, R2=last_valley",31,3,True,212.8515277777778,code/diagnostic_algorithm_lifetime_crate/batch_results/A01_cell_lifetime_diagnostics/cell046/cell046_voltage_fit_summary.csv,0.514012776859546,success,3,2,raw_missing_day_preserved,,,,,,,,,65.1441829217633,2.3495516106529237,2.4080963183602915,1.1818289545385976,1.261739264691936,2.8877040052616,0.0619816421449935,,Cal_100SOC_25C,calendar
46,7,18,74.82105001017426,1.1610404678574635,1.3635920473860756,0.907250155175713,2.756114141360413,0.0196022181600005,2.5246325152435394,2.3444991918891613,0.0002426298390472,0.8504316296390381,0.4598849380443251,,0.9780099165575225,0.0704464832941247,0.0001090257097459,0.0003563880566086,0.9638857792045746,0.859029346031708,2.3444991918891613,0.9530472696671716,0.0280187244022433,True,0.0627005125213893,38,DE -> LSQ polish | `ftol` termination condition is satisfied.,2.2898606900355247,0.003112670600075,0.003112670600075,0.0645342732155173,0.0645342732155173,False,False,False,"dV/dQ valleys | R1=first_valley, R2=last_valley",31,3,True,284.7930671296296,code/diagnostic_algorithm_lifetime_crate/batch_results/A01_cell_lifetime_diagnostics/cell046/cell046_voltage_fit_summary.csv,0.5340216529086066,success,2,1,raw_missing_day_preserved,,,,,,,,,74.82105001017426,2.2898606900355247,2.3444991918891613,1.1610404678574635,1.3635920473860756,3.1126706000750004,0.0645342732155173,,Cal_100SOC_25C,calendar
46,9,22,84.314321849923,1.1521699801931995,1.4404529713756853,0.862881480120598,2.785886970613439,0.018936891009338,2.592622951568885,2.2898823677712343,0.0002141046764431,0.8217588506718745,0.4444032170184955,,0.9809871435099484,0.0721177677711525,9.599208627397964e-05,0.0003085789726402,0.9629987581840264,0.7828040036490403,2.2898823677712343,0.9532369390710608,0.0316094133525647,True,0.0615205336305841,66,DE -> LSQ polish | Both `ftol` and `xtol` termination conditions are satisfied.,2.236571237146208,0.0030517820291422,0.0030517820291422,0.0691249216323288,0.0691249216323288,False,False,False,"dV/dQ valleys | R1=first_valley, R2=last_valley",31,3,True,357.9111226851852,code/diagnostic_algorithm_lifetime_crate/batch_results/A01_cell_lifetime_diagnostics/cell046/cell046_voltage_fit_summary.csv,0.5558035127941937,success,2,1,raw_missing_day_preserved,,,,,,,,,84.314321849923,2.236571237146208,2.2898823677712343,1.1521699801931995,1.4404529713756853,3.0517820291422,0.0691249216323288,,Cal_100SOC_25C,calendar
46,11,26,93.56044921842364,1.1588061039586002,1.4353467023746944,0.8492226212413201,2.7945519878970977,0.0187720740915425,2.5941528063332946,2.255472783064359,0.0001860317622354,0.8069236850888469,0.4466992465245387,,0.9835215902633826,0.0723725549057312,8.465083308060886e-05,0.0002678801681538,0.9629864202316184,0.7573788290638255,2.255472783064359,0.9569622870419174,0.0320240186469036,True,0.0679960837363551,50,DE -> LSQ polish | `ftol` termination condition is satisfied.,2.202530651276817,0.0031951956198578,0.0031951956198578,0.0754472904012263,0.0754472904012263,False,False,False,"dV/dQ valleys | R1=first_valley, R2=last_valley",31,3,True,396.9465509259259,code/diagnostic_algorithm_lifetime_crate/batch_results/A01_cell_lifetime_diagnostics/cell046/cell046_voltage_fit_summary.csv,0.5687482576290772,success,2,1,raw_missing_day_preserved,,,,,,,,,93.56044921842364,2.202530651276817,2.255472783064359,1.1588061039586002,1.4353467023746944,3.1951956198578,0.0754472904012263,,Cal_100SOC_25C,calendar
48,0,2,33.909499846968316,1.0787470543847004,1.5190235409555213,0.9801194384512522,2.68717949441559,0.0261679466515466,2.5977705953402217,2.61644342678303,0.0012416160364119,0.9724761589553814,0.4152587824035403,,0.8874978021241857,0.0526217748584336,0.0004623275596945,0.00179503415411,0.9833118506855386,0.977852320660601,2.61644342678303,0.8970836088558731,0.0315882574058486,True,0.0472819390812084,20,DE -> LSQ polish | `ftol` termination condition is satisfied.,2.5429000234999393,0.0026038352891962,0.0026038352891962,0.0485546894683716,0.0485546894683716,False,False,False,"dV/dQ valleys | R1=first_valley, R2=last_valley",31,3,True,0.0,code/diagnostic_algorithm_lifetime_crate/batch_results/A01_cell_lifetime_diagnostics/cell048/cell048_voltage_fit_summary.csv,0.4640442347233341,success,2,1,raw_missing_day_preserved,,,,,,,,,33.909499846968316,2.5429000234999393,2.61644342678303,1.0787470543847004,1.5190235409555213,2.6038352891962,0.0485546894683716,,Cal_80SOC_60C,calendar
48,2,10,61.28102868654023,1.2007547373469392,1.343806508496989,0.9222538556424452,2.6150089268221635,0.0148433481051505,2.544561245843928,2.385546907696805,0.0011756132443032,0.9111079749508164,0.4718906802923886,,0.8854368799744561,0.0689435512687915,0.000446038781837,0.0018275225679405,0.9621788019668392,0.8865791657791281,2.385546907696805,0.8847658396455808,0.0278903083606824,True,0.0294330251690675,15,DE -> LSQ polish | `ftol` termination condition is satisfied.,2.3437399999963517,0.0020601923644343,0.0020601923644343,0.0409723306857756,0.0409723306857756,False,False,False,"dV/dQ valleys | R1=first_valley, R2=last_valley",31,3,True,32.09189814814815,code/diagnostic_algorithm_lifetime_crate/batch_results/A01_cell_lifetime_diagnostics/cell048/cell048_voltage_fit_summary.csv,0.5193574755742385,success,3,2,raw_missing_day_preserved,,,,,,,,,61.28102868654023,2.3437399999963517,2.385546907696805,1.2007547373469392,1.343806508496989,2.0601923644343003,0.0409723306857756,,Cal_80SOC_60C,calendar
48,3,14,71.82574868653201,1.2030194822312912,1.332706216860462,0.8975037400596879,2.62234070863558,0.014710030879052,2.535725699091753,2.3143980114997396,0.0010897466964755,0.8815157790837729,0.4744280829200843,,0.8940786551543208,0.0711552018215271,0.000423352565058,0.0016912934685979,0.9609192901777136,0.8402624863732919,2.3143980114997396,0.8884708968130709,0.0316737155390417,True,0.0353600691070203,16,DE -> LSQ polish | Both `ftol` and `xtol` termination conditions are satisfied.,2.273059999996562,0.0023139911802253,0.0023139911802253,0.0416913516613993,0.0416913516613993,False,False,False,"dV/dQ valleys | R1=first_valley, R2=last_valley",31,3,True,74.85430555555556,code/diagnostic_algorithm_lifetime_crate/batch_results/A01_cell_lifetime_diagnostics/cell048/cell048_voltage_fit_summary.csv,0.5464516303466065,success,3,2,raw_missing_day_preserved,,,,,,,,,71.82574868653201,2.273059999996562,2.3143980114997396,1.2030194822312912,1.332706216860462,2.3139911802253,0.0416913516613993,,Cal_80SOC_60C,calendar
48,4,18,82.08766868652388,1.20885066200647,1.3073816592569345,0.8831153826091853,2.6270716650910293,0.014829621153732,2.516232321263405,2.2610819466631344,0.0011300503158577,0.8596029212075074,0.4804209260770897,,0.8897498005172046,0.0717489788242422,0.0004492590976615,0.0017595336109442,0.9609702581303524,0.8111325547641266,2.2610819466631344,0.8925341856098639,0.033240374133089,True,0.0443490114075926,23,DE -> LSQ polish | `ftol` termination condition is satisfied.,2.219279999996715,0.0026133607757991,0.0026133607757991,0.0440575196478793,0.0440575196478793,False,False,False,"dV/dQ valleys | R1=first_valley, R2=last_valley",31,3,True,116.8919351851852,code/diagnostic_algorithm_lifetime_crate/batch_results/A01_cell_lifetime_diagnostics/cell048/cell048_voltage_fit_summary.csv,0.5606447201593301,success,3,2,raw_missing_day_preserved,,,,,,,,,82.08766868652388,2.219279999996715,2.2610819466631344,1.20885066200647,1.3073816592569345,2.6133607757991,0.0440575196478793,,Cal_80SOC_60C,calendar
48,5,22,92.158278686516,1.2127956698770233,1.2886053405759397,0.8761617383646545,2.6347035909068786,0.0150336605456809,2.5014010104529625,2.2312410970897516,0.0011161175905433,0.8458064304128945,0.4848465579125219,,0.8907885304953563,0.0719841224592558,0.0004498808969186,0.0017431590528889,0.9611852694953972,0.7961404517121993,2.2312410970897516,0.8944077004668108,0.0344151814046621,True,0.0513805954803392,41,DE -> LSQ polish | `ftol` termination condition is satisfied.,2.1888399999968016,0.0028253983554914,0.0028253983554914,0.0462904202708502,0.0462904202708502,False,False,False,"dV/dQ valleys | R1=first_valley, R2=last_valley",31,3,True,150.8585,code/diagnostic_algorithm_lifetime_crate/batch_results/A01_cell_lifetime_diagnostics/cell048/cell048_voltage_fit_summary.csv,0.5720383760143634,success,3,2,raw_missing_day_preserved,,,,,,,,,92.158278686516,2.1888399999968016,2.2312410970897516,1.2127956698770233,1.2886053405759397,2.8253983554914,0.0462904202708502,,Cal_80SOC_60C,calendar
48,6,26,102.10554868650826,1.216472394304602,1.2714573376564875,0.8684266504237547,2.641246794580432,0.0151759633141789,2.48792973196109,2.200667948074884,0.0011031194267613,0.8321537650192532,0.4889496590989842,,0.8917254491611036,0.0721503825836324,0.0004495869972287,0.0017283894501932,0.9613215973179524,0.779549375809459,2.200667948074884,0.8957388493368035,0.0352949121290582,True,0.0589118133196728,31,DE -> LSQ polish | `ftol` termination condition is satisfied.,2.157839999996895,0.0030225488987747,0.0030225488987747,0.049963955126644,0.049963955126644,False,False,False,"dV/dQ valleys | R1=first_valley, R2=last_valley",31,3,True,187.77338541666663,code/diagnostic_algorithm_lifetime_crate/batch_results/A01_cell_lifetime_diagnostics/cell048/cell048_voltage_fit_summary.csv,0.5830889254571945,success,2,1,raw_missing_day_preserved,,,,,,,,,102.10554868650826,2.157839999996895,2.200667948074884,1.216472394304602,1.2714573376564875,3.0225488987747,0.049963955126644,,Cal_80SOC_60C,calendar
48,7,30,111.9408886865006,1.2178807970866357,1.2601659180782236,0.8664881139285391,2.6478368177188325,0.0153881836754996,2.4780467151648593,2.1879434237438184,0.0010968414906972,0.82528703606945,0.4914680541063216,,0.8921452498571281,0.0722000066559156,0.0004502135461069,0.0017217717044717,0.9615693000159928,0.7745973961754963,2.1879434237438184,0.8960713406317533,0.0363262719995155,True,0.0647143270007499,52,DE -> LSQ polish | `ftol` termination condition is satisfied.,2.144479999996932,0.0031766929990887,0.0031766929990887,0.051435877339684,0.051435877339684,False,False,False,"dV/dQ valleys | R1=first_valley, R2=last_valley",31,3,True,209.84316550925925,code/diagnostic_algorithm_lifetime_crate/batch_results/A01_cell_lifetime_diagnostics/cell048/cell048_voltage_fit_summary.csv,0.5890320059856204,success,2,1,raw_missing_day_preserved,,,,,,,,,111.9408886865006,2.144479999996932,2.1879434237438184,1.2178807970866357,1.2601659180782236,3.1766929990887,0.051435877339684,,Cal_80SOC_60C,calendar
52,0,2,33.88453102830742,1.065264089425941,1.5309531674286556,0.9809718293639418,2.6833200897411205,0.0268951953732642,2.5962172568545965,2.6189844099454804,0.001283633674318,0.9747818860854156,0.4103139236954861,,0.8839904543661747,0.0521126701889885,0.0004692098802661,0.0018503240472408,0.9838853335923418,0.9789447187734382,2.6189844099454804,0.8906378903282507,0.0329184868534717,True,0.0494705935545076,22,DE -> LSQ polish | `ftol` termination condition is satisfied.,2.543483399986144,0.0026532554220592,0.0026532554220592,0.0498451891876484,0.0498451891876484,False,False,False,"dV/dQ valleys | R1=first_valley, R2=last_valley",31,3,True,0.0,code/diagnostic_algorithm_lifetime_crate/batch_results/A01_cell_lifetime_diagnostics/cell052/cell052_voltage_fit_summary.csv,0.4614927135500469,success,2,1,raw_missing_day_preserved,,,,,,,,,33.88453102830742,2.543483399986144,2.6189844099454804,1.065264089425941,1.5309531674286556,2.6532554220591997,0.0498451891876484,,Cal_100SOC_45C,calendar
52,2,10,59.77512588111155,1.1611016928716758,1.2893995300080303,0.9603546479923696,2.737497131312165,0.019105360369013,2.450501222879706,2.40565110850637,0.0010733474778271,0.8778167625138437,0.4738221234214311,,0.8970212769852288,0.0616214705945003,0.0004386337418481,0.0016449059251375,0.9735177401607508,0.9485013098730064,2.40565110850637,0.906504525812629,0.0325951481882982,True,0.070753570414676,20,DE -> LSQ polish | `ftol` termination condition is satisfied.,2.350719999996521,0.0032219772563352,0.0032219772563352,0.0604914560639632,0.0604914560639632,False,False,False,"dV/dQ valleys | R1=first_valley, R2=last_valley",31,3,True,28.963019675925924,code/diagnostic_algorithm_lifetime_crate/batch_results/A01_cell_lifetime_diagnostics/cell052/cell052_voltage_fit_summary.csv,0.5145144705519313,success,2,1,raw_missing_day_preserved,,,,,,,,,59.77512588111155,2.350719999996521,2.40565110850637,1.1611016928716758,1.2893995300080303,3.2219772563352,0.0604914560639632,,Cal_100SOC_45C,calendar
52,3,14,69.45986588110277,1.139180260021101,1.401612344282532,0.8778008018470425,2.7520904521337046,0.0162399468267047,2.540792604303633,2.2750035879896977,0.0011334200922298,0.8255992461440378,0.4483562562688273,,0.8951495178497435,0.0717886019086672,0.0004677998378871,0.0016744123698096,0.9628645407916504,0.8086669689968948,2.2750035879896977,0.9156784755632352,0.0359423956591161,True,0.1179463321541056,21,DE -> LSQ polish | `ftol` termination condition is satisfied.,2.2274299999968576,0.004097610932384,0.004097610932384,0.0848866494100363,0.0848866494100363,False,False,False,"dV/dQ valleys | R1=first_valley, R2=last_valley",31,3,True,94.74160416666666,code/diagnostic_algorithm_lifetime_crate/batch_results/A01_cell_lifetime_diagnostics/cell052/cell052_voltage_fit_summary.csv,0.5516939917741629,success,2,1,raw_missing_day_preserved,,,,,,,,,69.45986588110277,2.2274299999968576,2.2750035879896977,1.139180260021101,1.401612344282532,4.097610932384,0.0848866494100363,,Cal_100SOC_45C,calendar
52,4,18,78.74942588109442,1.1529305674220982,1.4842166589231374,0.822667991918699,2.7974423605064116,0.014895892050953,2.6371472263452356,2.2111670125122687,0.0011856043011799,0.7893068434904785,0.4371885482555782,,0.8927189005358279,0.0726524034480172,0.0005070146410562,0.0017127286648566,0.962453572931478,0.7140833939318914,2.2111670125122687,0.931727493847722,0.0355386046519976,True,0.1623498176903517,51,DE -> LSQ polish | `ftol` termination condition is satisfied.,2.166369999997002,0.0047216335713627,0.0047216335713627,0.1048793534328983,0.1048793534328983,False,False,False,"dV/dQ valleys | R1=first_valley, R2=last_valley",31,3,True,142.78577430555555,code/diagnostic_algorithm_lifetime_crate/batch_results/A01_cell_lifetime_diagnostics/cell052/cell052_voltage_fit_summary.csv,0.5827516433548089,success,2,1,raw_missing_day_preserved,,,,,,,,,78.74942588109442,2.166369999997002,2.2111670125122687,1.1529305674220982,1.4842166589231374,4.7216335713627,0.1048793534328983,,Cal_100SOC_45C,calendar
52,5,22,87.93808588108652,1.165080033189862,1.4857746239123648,0.8089797699934809,2.7999999999999994,0.0139393876331754,2.6508546571022267,2.1835180761615978,0.0011120152452671,0.7787751019178263,0.43951109506074,,0.8994150363314776,0.0727940920731968,0.0004805656205356,0.0016071706597557,0.9621767432597558,0.6888493465597683,2.1835180761615978,0.9359615114316232,0.034379051783368,True,0.1656468633002132,61,DE -> LSQ polish | `ftol` termination condition is satisfied.,2.141539999997022,0.0047737276379292,0.0047737276379292,0.1083387938203072,0.1083387938203072,False,False,False,"dV/dQ valleys | R1=first_valley, R2=last_valley",31,3,True,183.99770949074073,code/diagnostic_algorithm_lifetime_crate/batch_results/A01_cell_lifetime_diagnostics/cell052/cell052_voltage_fit_summary.csv,0.5966897748639146,success,2,1,raw_missing_day_preserved,,,,,,,,,87.93808588108652,2.141539999997022,2.1835180761615978,1.165080033189862,1.4857746239123648,4.7737276379292,0.1083387938203072,,Cal_100SOC_45C,calendar
52,6,26,97.17547588107912,1.1877745860063926,1.4342287740333404,0.79668196833532,2.7999999999999994,0.0133997286182177,2.622003360039733,2.126422037989286,0.0010918360764992,0.758414014331462,0.4530026940882308,,0.8996674957131204,0.0729617476984133,0.0004743790358423,0.0016031908855234,0.9618788870470006,0.6598720637477161,2.126422037989286,0.9330509180950834,0.0345318346649076,True,0.17441030901491,58,DE -> LSQ polish | `ftol` termination condition is satisfied.,2.086039999997084,0.0048821191268586,0.0048821191268586,0.1134779041422463,0.1134779041422463,False,False,False,"dV/dQ valleys | R1=first_valley, R2=last_valley",31,3,True,225.76200347222223,code/diagnostic_algorithm_lifetime_crate/batch_results/A01_cell_lifetime_diagnostics/cell052/cell052_voltage_fit_summary.csv,0.6158955025967082,success,2,1,raw_missing_day_preserved,,,,,,,,,97.17547588107912,2.086039999997084,2.126422037989286,1.1877745860063926,1.4342287740333404,4.8821191268585995,0.1134779041422463,,Cal_100SOC_45C,calendar
57,0,2,33.72469747985619,1.060388475846333,1.5271873455896745,0.980572931993671,2.6824154437188836,0.0266742936258685,2.587575821436007,2.608858347153759,0.0013336703953513,0.971291520105798,0.4097999629853772,,0.879096247432026,0.0523235931184447,0.0004784620852827,0.0019274764133645,0.9835697249717966,0.978492136374405,2.608858347153759,0.8830975919204257,0.0335670695375891,True,0.0482110425041988,27,DE -> LSQ polish | `ftol` termination condition is satisfied.,2.533855836712661,0.0026010713127328,0.0026010713127328,0.0498978295308114,0.0498978295308114,False,False,False,"dV/dQ valleys | R1=first_valley, R2=last_valley",31,3,True,0.0,code/diagnostic_algorithm_lifetime_crate/batch_results/A01_cell_lifetime_diagnostics/cell057/cell057_voltage_fit_summary.csv,0.4608472469945899,success,2,1,raw_missing_day_preserved,,,,,,,,,33.72469747985619,2.533855836712661,2.608858347153759,1.060388475846333,1.5271873455896745,2.6010713127328002,0.0498978295308114,,Cal_80SOC_45C,calendar
57,2,10,55.46714817410119,1.1763873290025633,1.367238229485359,0.9442152097559556,2.6466063114878384,0.0163875843232601,2.543625558487922,2.445101424348262,0.0011558070103113,0.9227520819759736,0.4624844742092762,,0.8893119284139431,0.0654381922216958,0.0004461125083561,0.0017664362346544,0.9681737802112654,0.9236026959762736,2.445101424348262,0.8941601910230995,0.0290867151169154,True,0.0346993517649212,18,DE -> LSQ polish | `ftol` termination condition is satisfied.,2.3987899999961755,0.0022380399154724,0.0022380399154724,0.0440568089433646,0.0440568089433646,False,False,False,"dV/dQ valleys | R1=first_valley, R2=last_valley",31,3,True,29.007505787037037,code/diagnostic_algorithm_lifetime_crate/batch_results/A01_cell_lifetime_diagnostics/cell057/cell057_voltage_fit_summary.csv,0.5054077552285712,success,3,2,raw_missing_day_preserved,,,,,,,,,55.46714817410119,2.3987899999961755,2.445101424348262,1.1763873290025633,1.367238229485359,2.2380399154723998,0.0440568089433646,,Cal_80SOC_45C,calendar
57,3,14,66.25329817409268,1.1879287391627436,1.347537625988629,0.9319561643315494,2.644087331269758,0.0157633194792774,2.5354663651513727,2.404623101792044,0.0011293813639851,0.9083510839170524,0.468524747750626,,0.8910368164475293,0.0676122236099768,0.0004375769975277,0.0017392450686739,0.9656673586671368,0.9022384205536472,2.404623101792044,0.8910032930115674,0.0307866863354426,True,0.0355748761521512,14,DE -> LSQ polish | `ftol` termination condition is satisfied.,2.360079999996316,0.00229697423571,0.00229697423571,0.0427926696504662,0.0427926696504662,False,False,False,"dV/dQ valleys | R1=first_valley, R2=last_valley",31,3,True,94.80958564814814,code/diagnostic_algorithm_lifetime_crate/batch_results/A01_cell_lifetime_diagnostics/cell057/cell057_voltage_fit_summary.csv,0.5191369940059103,success,3,2,raw_missing_day_preserved,,,,,,,,,66.25329817409268,2.360079999996316,2.404623101792044,1.1879287391627436,1.347537625988629,2.29697423571,0.0427926696504662,,Cal_80SOC_45C,calendar
57,4,18,76.88878817408445,1.191579490515604,1.335845298950437,0.9238942269597638,2.647255518397539,0.0156047826571283,2.527424789466041,2.3763830190651487,0.0011051454737293,0.8966228724440178,0.4714599205807996,,0.8931436092499618,0.0688606167630221,0.0004315072338965,0.0017060335490493,0.964531358975206,0.8876457383802697,2.3763830190651487,0.8905347784573577,0.0326008996154287,True,0.039775007102917,34,DE -> LSQ polish | `ftol` termination condition is satisfied.,2.332279999996402,0.0024622063066895,0.0024622063066895,0.0427589010416753,0.0427589010416753,False,False,False,"dV/dQ valleys | R1=first_valley, R2=last_valley",31,3,True,142.83227430555556,code/diagnostic_algorithm_lifetime_crate/batch_results/A01_cell_lifetime_diagnostics/cell057/cell057_voltage_fit_summary.csv,0.5311420125010532,success,3,2,raw_missing_day_preserved,,,,,,,,,76.88878817408445,2.332279999996402,2.3763830190651487,1.191579490515604,1.335845298950437,2.4622063066895,0.0427589010416753,,Cal_80SOC_45C,calendar
57,5,22,87.42179817407637,1.193993922275811,1.3254042456187114,0.9212336843686896,2.65413536616135,0.0157587502537301,2.519398167894522,2.3627803129761262,0.0010972686413669,0.8891844351498343,0.4739202947319913,,0.8934963252991656,0.0692285921046855,0.0004276755753756,0.0017004733269067,0.9643442799196774,0.8823976767601858,2.3627803129761262,0.8865797714114736,0.0344517144370712,True,0.0433269219874303,39,DE -> LSQ polish | `ftol` termination condition is satisfied.,2.3181899999964486,0.0025908010784484,0.0025908010784484,0.0425871323097205,0.0425871323097205,False,False,False,"dV/dQ valleys | R1=first_valley, R2=last_valley",31,3,True,184.04422685185185,code/diagnostic_algorithm_lifetime_crate/batch_results/A01_cell_lifetime_diagnostics/cell057/cell057_voltage_fit_summary.csv,0.5366135312387172,success,2,1,raw_missing_day_preserved,,,,,,,,,87.42179817407637,2.3181899999964486,2.3627803129761262,1.193993922275811,1.3254042456187114,2.5908010784483997,0.0425871323097205,,Cal_80SOC_45C,calendar
57,6,26,97.88162817406835,1.192518296117365,1.3299873501468702,0.907736183967754,2.662099376609319,0.0157016030701804,2.5225056462642352,2.331568877121904,0.0010543680583698,0.8748393272634797,0.47275148734888,,0.898027310666224,0.0704970480885427,0.0004134425071677,0.0016290467920986,0.9632622745309236,0.8579493353175489,2.331568877121904,0.8870564084389537,0.0365173035253691,True,0.0483018343026784,38,DE -> LSQ polish | `ftol` termination condition is satisfied.,2.287109999996531,0.0027656130756982,0.0027656130756982,0.0425769935749524,0.0425769935749524,False,False,False,"dV/dQ valleys | R1=first_valley, R2=last_valley",31,3,True,225.80849652777775,code/diagnostic_algorithm_lifetime_crate/batch_results/A01_cell_lifetime_diagnostics/cell057/cell057_voltage_fit_summary.csv,0.5485988066185267,success,2,1,raw_missing_day_preserved,,,,,,,,,97.88162817406835,2.287109999996531,2.331568877121904,1.192518296117365,1.3299873501468702,2.7656130756982,0.0425769935749524,,Cal_80SOC_45C,calendar
