x_plot,U_si
0.0,0.8633
0.0012515644555694619,0.8633
0.0025031289111389237,0.8293878785632036
0.003754693366708386,0.7939411967505892
0.0050062578222778474,0.7670764979311365
0.006257822277847309,0.7452588992733237
0.007509386733416772,0.7267600943240948
0.008760951188986232,0.7106050180860335
0.010012515644555695,0.6961890179559729
0.011264080100125157,0.6831104191173548
0.012515644555694618,0.6710886253729328
0.01376720901126408,0.6599194365048389
0.015018773466833543,0.6494493207824861
0.016270337922403004,0.6395606063961744
0.017521902377972465,0.630159517486061
0.01877346683354193,0.6211715437878382
0.02002503128911139,0.6125346205748164
0.02127659574468085,0.6041984830403475
0.022528160200250315,0.596120436966336
0.023779724655819776,0.5882635861046265
0.025031289111389236,0.5805969108410344
0.0262828535669587,0.5730936942643289
0.02753441802252816,0.5657311313263075
0.028785982478097622,0.5584895517569303
0.030037546933667086,0.5513523376276251
0.03128911138923655,0.5443059360987951
0.03254067584480601,0.5373402738729179
0.03379224030037547,0.5304483955794491
0.03504380475594493,0.5236272726522095
0.0362953692115144,0.5168780314967283
0.03754693366708386,0.5102071192646629
0.03879849812265332,0.5036254084678858
0.04005006257822278,0.49714937114203894
0.04130162703379224,0.4908001406524633
0.0425531914893617,0.48460208540931754
0.04380475594493116,0.47858169260847216
0.04505632040050063,0.4727628537391767
0.04630788485607009,0.4671675778058483
0.04755944931163955,0.4618093378378516
0.04881101376720901,0.4566971807027061
0.05006257822277847,0.45182813838485114
0.05131414267834793,0.4471968163548632
0.0525657071339174,0.4427912100652882
0.05381727158948686,0.43859397792965904
0.05506883604505632,0.4345882242147297
0.056320400500625784,0.43075403166414516
0.057571964956195244,0.42707343169751605
0.058823529411764705,0.4235282214743333
0.06007509386733417,0.4201007562234384
0.061326658322903634,0.41677462764915474
0.0625782227784731,0.4135375721902861
0.06382978723404255,0.41037338002082413
0.06508135168961202,0.4072724897433994
0.06633291614518148,0.4042227076995157
0.06758448060075094,0.40121477188244004
0.0688360450563204,0.3982411275927058
0.07008760951188986,0.39529446841859694
0.07133917396745933,0.3923690605836862
0.0725907384230288,0.3894607329524225
0.07384230287859825,0.38656673577632944
0.07509386733416772,0.38368583722815486
0.07634543178973717,0.3808185779128911
0.07759699624530664,0.3779667968962717
0.07884856070087609,0.375134065940487
0.08010012515644556,0.37232537677046046
0.08135168961201503,0.3695468998079586
0.08260325406758448,0.36680563649271153
0.08385481852315395,0.36410897935924375
0.0851063829787234,0.36146421100289855
0.08635794743429287,0.35887798719332015
0.08760951188986232,0.3563583270520063
0.08886107634543179,0.3539082986809975
0.09011264080100126,0.35153049328208813
0.09136420525657071,0.34923198555191604
0.09261576971214018,0.3470084574229693
0.09386733416770963,0.3448647819292311
0.0951188986232791,0.3427978296539371
0.09637046307884857,0.3408057412907736
0.09762202753441802,0.33888700009355843
0.09887359198998749,0.33703942113071705
0.10012515644555695,0.335260246622358
0.10137672090112641,0.33354624698872537
0.10262828535669587,0.33189382298807657
0.10387984981226533,0.33029910507900145
0.1051314142678348,0.3287623414340837
0.10638297872340426,0.32727848332749004
0.10763454317897372,0.32584207494612094
0.10888610763454318,0.32445715785791324
0.11013767209011265,0.3231130939946649
0.1113892365456821,0.3218148923499343
0.11264080100125157,0.3205549225254099
0.11389236545682103,0.31933137318205634
0.11514392991239049,0.31814728496790096
0.11639549436795996,0.31699548586423354
0.11764705882352941,0.31587474907968505
0.11889862327909888,0.3147838617802934
0.12015018773466835,0.31372474542808565
0.1214017521902378,0.31269263639604844
0.12265331664580727,0.3116862500946872
0.12390488110137672,0.3107044785433285
0.1251564455569462,0.30974624021968894
0.12640801001251564,0.3088104814047261
0.1276595744680851,0.30789617730859026
0.12891113892365458,0.30700233299439195
0.13016270337922403,0.306127984116014
0.13141426783479349,0.30527219748562173
0.13266583229036297,0.3044340714858774
0.13391739674593242,0.30361273634116354
0.13516896120150187,0.3028073542613849
0.13642052565707136,0.30201947808829344
0.1376720901126408,0.30124686376001053
0.13892365456821026,0.3004881604525806
0.14017521902377972,0.2997426338759583
0.1414267834793492,0.29900958140834377
0.14267834793491865,0.29828944368124766
0.1439299123904881,0.2975840118695767
0.1451814768460576,0.2968893118285966
0.14643304130162704,0.2962047417869006
0.1476846057571965,0.2955307737744083
0.14893617021276595,0.29487031230910493
0.15018773466833543,0.2942184605926862
0.15143929912390489,0.29357471331901147
0.15269086357947434,0.2929431861709334
0.15394242803504382,0.2923204227553487
0.15519399249061328,0.2917044555142901
0.15644555694618273,0.2910992597318283
0.15769712140175218,0.2905022754009608
0.15894868585732166,0.2899109187656082
0.16020025031289112,0.28933055996001167
0.16145181476846057,0.28875635413103135
0.16270337922403005,0.28818787337242985
0.1639549436795995,0.28762978850736126
0.16520650813516896,0.28707565586835004
0.16645807259073842,0.28652988948361124
0.1677096370463079,0.28599029321857244
0.16896120150187735,0.2854553785236397
0.1702127659574468,0.28492941966748264
0.17146433041301629,0.2844060380216221
0.17271589486858574,0.2838918532683809
0.1739674593241552,0.28338075410354435
0.17521902377972465,0.28287646225654495
0.17647058823529413,0.28237686783960086
0.17772215269086358,0.2818821637412196
0.17897371714643304,0.2813933369007025
0.18022528160200252,0.280907922387455
0.18147684605757197,0.2804291653310576
0.18272841051314143,0.2799527490930752
0.18397997496871088,0.27948340222808715
0.18523153942428036,0.2790156996654756
0.18648310387984982,0.27855514042579543
0.18773466833541927,0.27809587350241005
0.18898623279098875,0.2776435151853091
0.1902377972465582,0.2771924122804343
0.19148936170212766,0.27674770289584283
0.19274092615769714,0.27630449865422096
0.1939924906132666,0.27586691978892963
0.19524405506883605,0.2754313549695447
0.1964956195244055,0.27500042066837593
0.19774718397997498,0.2745722419923593
0.19899874843554444,0.27414749765805
0.2002503128911139,0.2737264576560422
0.20150187734668337,0.2733074789692974
0.20275344180225283,0.2728933358285671
0.20400500625782228,0.27247972768948686
0.20525657071339173,0.27207224510107914
0.20650813516896122,0.27166476251267135
0.20775969962453067,0.2712625875990868
0.20901126408010012,0.270861534605245
0.2102628285356696,0.2704637978172496
0.21151439299123906,0.27006894865933045
0.2127659574468085,0.26967534147852573
0.21401752190237797,0.2692864754456032
0.21526908635794745,0.26889760941268065
0.2165206508135169,0.2685136156965841
0.21777221526908636,0.2681305169749172
0.21902377972465584,0.26774989901706686
0.2202753441802253,0.26737235654058616
0.22152690863579474,0.2669948828202495
0.2227784730913642,0.26662269012220013
0.22403003754693368,0.26625049742415074
0.22528160200250313,0.26588110635551376
0.2265331664580726,0.26551406142137507
0.22778473091364207,0.265147219488565
0.22903629536921152,0.2647851246103532
0.23028785982478098,0.2644230297321413
0.23153942428035043,0.26406333002843607
0.2327909887359199,0.2637059916604824
0.23404255319148937,0.2633486532925288
0.23529411764705882,0.26299557285370534
0.2365456821026283,0.2626428014699904
0.23779724655819776,0.26229146634343403
0.2390488110137672,0.26194307629654673
0.2403003754693367,0.2615946862496595
0.24155193992490614,0.26124919608635877
0.2428035043804756,0.2609050054681404
0.24405506883604505,0.26056089967652857
0.24530663329161453,0.26022073018045255
0.246558197747184,0.2598805606843766
0.24780976220275344,0.25954162235505557
0.24906132665832292,0.2592052991403866
0.2503128911138924,0.2588689759257176
0.25156445556946183,0.25853481421529184
0.2528160200250313,0.2582021657730601
0.25406758448060074,0.2578695173308284
0.2553191489361702,0.2575397656818436
0.2565707133917397,0.2572106237026667
0.25782227784730916,0.2568815974408887
0.2590738423028786,0.25655579668466555
0.26032540675844806,0.2562299959284425
0.2615769712140175,0.25590487707945186
0.26282853566958697,0.2555822552469531
0.2640801001251564,0.25525963341445435
0.26533166458072593,0.2549381184979764
0.2665832290362954,0.25461851610434844
0.26783479349186484,0.25429891371072044
0.2690863579474343,0.2539807191045019
0.27033792240300375,0.25366397935470336
0.2715894868585732,0.25334723960490485
0.2728410513141427,0.25303210047141284
0.27409261576971217,0.25271806913759837
0.2753441802252816,0.25240403780378384
0.2765957446808511,0.2520917070419156
0.27784730913642053,0.2517802323427817
0.27909887359199,0.2514687576436478
0.28035043804755944,0.2511590048645594
0.28160200250312895,0.25084993734666833
0.2828535669586984,0.25054086982877727
0.28410513141426785,0.25023348035492166
0.2853566958698373,0.2499266727760188
0.28660826032540676,0.2496198651971159
0.2878598247809762,0.2493146390835666
0.28911138923654567,0.2490099462979088
0.2903629536921152,0.24870525351225095
0.29161451814768463,0.24840200458938247
0.2928660826032541,0.2480992834350984
0.29411764705882354,0.24779656228081434
0.295369211514393,0.24749511721740866
0.29662077596996245,0.24719422640591385
0.2978723404255319,0.246893335594419
0.2991239048811014,0.24659353298027273
0.30037546933667086,0.24629433298776668
0.3016270337922403,0.24599513299526066
0.30287859824780977,0.24569682244237773
0.3041301627033792,0.24539917540345602
0.3053817271589487,0.24510152836453433
0.30663329161451813,0.2448045696260048
0.30788485607008764,0.24450833922942322
0.3091364205256571,0.24421210883284164
0.31038798498122655,0.24391637093852897
0.311639549436796,0.2436214223251647
0.31289111389236546,0.24332647371180044
0.3141426783479349,0.2430318341199867
0.31539424280350437,0.24273803378304826
0.3166458072590739,0.24244423344610982
0.31789737171464333,0.2421505772102813
0.3191489361702128,0.2418577928978274
0.32040050062578224,0.24156500858537353
0.3216520650813517,0.241272227535369
0.32290362953692114,0.240980328155206
0.3241551939924906,0.24068842877504304
0.3254067584480601,0.24039652939488002
0.32665832290362956,0.2401052762388704
0.327909887359199,0.2398141317659079
0.32916145181476847,0.2395229872929454
0.3304130162703379,0.23923228105548142
0.3316645807259074,0.2389417624416378
0.33291614518147683,0.23865124382779423
0.33416770963704634,0.23836099277720385
0.3354192740926158,0.2380709718639652
0.33667083854818525,0.23778095095072654
0.3379224030037547,0.2374910669014446
0.33917396745932415,0.2372014163351945
0.3404255319148936,0.2369117657689444
0.34167709637046306,0.23662216332757874
0.34292866082603257,0.23633275647783164
0.344180225281602,0.23604334962808457
0.3454317897371715,0.23575394545056036
0.34668335419274093,0.23546465633124702
0.3479349186483104,0.23517536721193372
0.34918648310387984,0.23488607809262038
0.3504380475594493,0.23459678246541832
0.3516896120150188,0.23430748565938955
0.35294117647058826,0.23401818885336081
0.3541927409261577,0.23372880311194785
0.35544430538172717,0.23343937369888196
0.3566958698372966,0.2331499442858161
0.3579474342928661,0.23286038731271172
0.3591989987484355,0.2325707008006314
0.36045056320400504,0.23228101428855108
0.3617021276595745,0.2319912040866786
0.36295369211514394,0.23170113634730513
0.3642052565707134,0.23141106860793167
0.36545682102628285,0.23112092161563427
0.3667083854818523,0.23083034882383086
0.36795994993742176,0.23053977603202744
0.36921151439299127,0.23024920324022402
0.3704630788485607,0.22995800502734826
0.3717146433041302,0.229666803604929
0.37296620775969963,0.22937560218250974
0.3742177722152691,0.22908376929852006
0.37546933667083854,0.22879181586272956
0.37672090112640805,0.22849986242693904
0.3779724655819775,0.22820730277568968
0.37922403003754696,0.22791447409268556
0.3804755944931164,0.22762164540968144
0.38172715894868586,0.22732826267366102
0.3829787234042553,0.22703443561736394
0.38423028785982477,0.2267406085610669
0.3854818523153943,0.22644630158919296
0.38673341677096373,0.22615135310590057
0.3879849812265332,0.2258564046226082
0.38923654568210264,0.22556106683564547
0.3904881101376721,0.22526487391484132
0.39173967459324155,0.2249686809940372
0.392991239048811,0.22467219980958747
0.3942428035043805,0.22437463946141298
0.39549436795994997,0.2240770791132385
0.3967459324155194,0.22377933539258393
0.3979974968710889,0.22348028463247882
0.3992490613266583,0.22318123387237374
0.4005006257822278,0.2228821013918166
0.40175219023779724,0.2225814372328744
0.40300375469336674,0.22228077307393218
0.4042553191489362,0.22198010891498998
0.40550688360450565,0.22167771747729373
0.4067584480600751,0.2213753169309195
0.40801001251564456,0.22107291638454526
0.409261576971214,0.22076873753040582
0.41051314142678347,0.2204644776159078
0.411764705882353,0.22016021770140973
0.41301627033792243,0.21985410110042722
0.4142678347934919,0.21954785886421746
0.41551939924906134,0.2192416166280077
0.4167709637046308,0.21893340309195705
0.41802252816020025,0.2186250556370832
0.4192740926157697,0.21831670818220938
0.4205256570713392,0.2180062293244981
0.42177722152690866,0.2176956538512735
0.4230287859824781,0.21738507837804893
0.42428035043804757,0.2170721563237374
0.425531914893617,0.2167592301822849
0.4267834793491865,0.2164461504377713
0.42803504380475593,0.2161307511933419
0.42928660826032544,0.21581535194891252
0.4305381727158949,0.21549956606376167
0.43178973717146435,0.21518157157573564
0.4330413016270338,0.21486357708770962
0.43429286608260326,0.21454487719553436
0.4355444305381727,0.21422416571105696
0.43679599499374216,0.21390345422657958
0.4380475594493117,0.21358162234100125
0.43929912390488113,0.21325807260424678
0.4405506883604506,0.21293452286749232
0.44180225281602004,0.21260933093287873
0.4430538172715895,0.2122828223109766
0.44430538172715894,0.21195631368907444
0.4455569461827284,0.21162752372719348
0.4468085106382979,0.21129793635388308
0.44806007509386736,0.2109683489805727
0.4493116395494368,0.21063571334320683
0.45056320400500627,0.21030292828131802
0.4518147684605757,0.2099695055337826
0.4530663329161452,0.20963340495765787
0.45431789737171463,0.20929730438153313
0.45556946182728414,0.20895962976790364
0.4568210262828536,0.2086200971668922
0.45807259073842305,0.20828056456588076
0.4593241551939925,0.20793836262689186
0.46057571964956195,0.20759528303104505
0.4618272841051314,0.20725193085677335
0.46307884856070086,0.2069051910858594
0.46433041301627037,0.20655845131494543
0.4655819774718398,0.20621011006692624
0.4668335419274093,0.2058595990038539
0.46808510638297873,0.20550908794078157
0.4693366708385482,0.20515545988838574
0.47058823529411764,0.2048010687780799
0.4718397997496871,0.20444583768999336
0.4730913642052566,0.20408746046469772
0.47434292866082606,0.2037290832394021
0.4755944931163955,0.20336806054044484
0.47684605757196497,0.20300559417233507
0.4780976220275344,0.2026426582517161
0.4793491864831039,0.20227600313358593
0.4806007509386734,0.20190934801545574
0.48185231539424284,0.20154009559543762
0.4831038798498123,0.20116915595007046
0.48435544430538174,0.20079765067670297
0.4856070087609512,0.20042233499535483
0.48685857321652065,0.2000470193140067
0.4881101376720901,0.19966866362624736
0.4893617021276596,0.19928888513644383
0.49061326658322907,0.19890791654853998
0.4918648310387985,0.1985235937111233
0.493116395494368,0.1981392708737066
0.49436795994993743,0.1977509230254862
0.4956195244055069,0.19736198006053915
0.49687108886107634,0.19697065059041602
0.49812265331664585,0.1965770180313298
0.4993742177722153,0.19618255507566054
0.5006257822277848,0.19578417035020584
0.5018773466833542,0.19538578562475117
0.5031289111389237,0.1949832261466208
0.5043804755944932,0.19458003418341957
0.5056320400500626,0.1941739801057322
0.5068836045056321,0.1937659339640147
0.5081351689612015,0.193356234623635
0.509386733416771,0.19294329614359942
0.5106382978723404,0.1925298021247683
0.5118898623279099,0.1921119425952435
0.5131414267834794,0.19169408306571872
0.5143929912390488,0.1912717083752904
0.5156445556946183,0.19084890921473696
0.5168961201501877,0.19042244435342753
0.5181476846057572,0.18999469779960637
0.5193992490613266,0.18956401997195585
0.5206508135168961,0.18913132977485042
0.5219023779724656,0.1886963261164105
0.523153942428035,0.18825870822822524
0.5244055068836045,0.1878192780750925
0.5256570713391739,0.18737676133037068
0.5269086357947435,0.18693281856018376
0.5281602002503129,0.1864854453383169
0.5294117647058824,0.18603692075803083
0.5306633291614519,0.18558474761968008
0.5319148936170213,0.18513159137099483
0.5331664580725908,0.18467468965924058
0.5344180225281602,0.1842168736081248
0.5356695869837297,0.18375533000452193
0.5369211514392992,0.18329285007697224
0.5381727158948686,0.18282676710214882
0.5394242803504381,0.1823596455243236
0.5406758448060075,0.18188914197233982
0.541927409261577,0.18141742936968586
0.5431789737171464,0.18094264066510796
0.5444305381727159,0.18046641797225846
0.5456821026282854,0.17998749643881734
0.5469336670838548,0.17950687657008368
0.5481852315394243,0.1790239915999188
0.5494367959949937,0.1785391208293376
0.5506883604505632,0.17805245894219343
0.5519399249061326,0.17756351794252523
0.5531914893617021,0.177073282724895
0.5544430538172717,0.17658048721687453
0.5556946182728411,0.17608689913199263
0.5569461827284106,0.1755905000986565
0.55819774718398,0.1750936462871032
0.5594493116395495,0.1745940795855897
0.5607008760951189,0.17409395989925644
0.5619524405506884,0.17359179898797059
0.5632040050062579,0.17308875188713713
0.5644555694618273,0.17258428000965498
0.5657071339173968,0.17207867596193302
0.5669586983729662,0.17157219013237907
0.5682102628285357,0.17106442936736183
0.5694618272841051,0.17055623930091549
0.5707133917396746,0.1700467490227573
0.5719649561952441,0.16953703179763527
0.5732165206508135,0.16902640700147373
0.574468085106383,0.16851554188069706
0.5757196495619524,0.1680042053876004
0.5769712140175219,0.16749267169444967
0.5782227784730913,0.16698097057050515
0.5794743429286608,0.16646926036394122
0.5807259073842304,0.1659575470525577
0.5819774718397998,0.16544616030987644
0.5832290362953693,0.16493489819533477
0.5844806007509387,0.16442423042700516
0.5857321652065082,0.16391393742990426
0.5869837296620776,0.16340432905965965
0.5882352941176471,0.16289550014699664
0.5894868585732166,0.16238730689304923
0.590738423028786,0.1618804261917905
0.5919899874843555,0.1613739998832597
0.5932415519399249,0.16086953563732814
0.5944931163954944,0.16036548387206054
0.5957446808510638,0.1598636221116582
0.5969962453066333,0.1593625275430696
0.5982478097622028,0.15886344650160572
0.5994993742177722,0.15836571323951384
0.6007509386733417,0.15786973113965228
0.6020025031289111,0.15737573201846233
0.6032540675844806,0.15688315456830368
0.60450563204005,0.15639322798875477
0.6057571964956195,0.1559043469617162
0.607008760951189,0.15541879431397798
0.6082603254067585,0.15493388626781002
0.609511889862328,0.15445296997026245
0.6107634543178974,0.15397243605803368
0.6120150187734669,0.15349623728871023
0.6132665832290363,0.15302051821355092
0.6145181476846058,0.15254902029393388
0.6157697121401753,0.15207827490731018
0.6170212765957447,0.1516116838324552
0.6182728410513142,0.1511460309499467
0.6195244055068836,0.15068453346815797
0.6207759699624531,0.15022405280826143
0.6220275344180225,0.1497678161070857
0.623279098873592,0.14931254975139288
0.6245306633291615,0.14886172130100772
0.6257822277847309,0.14841167562208762
0.6270337922403004,0.14796638316860333
0.6282853566958698,0.14752153116559216
0.6295369211514393,0.14708188286498747
0.6307884856070087,0.14664223456438283
0.6320400500625782,0.14620825152465855
0.6332916145181477,0.14577433620659894
0.6345431789737171,0.14534547359972347
0.6357947434292867,0.1449173611493729
0.6370463078848561,0.14449349051430363
0.6382978723404256,0.14407123235943772
0.639549436795995,0.14365220455712646
0.6408010012515645,0.14323583424736896
0.642052565707134,0.14282148293719293
0.6433041301627034,0.14241101680200588
0.6445556946182729,0.1420011619317849
0.6458072590738423,0.14159659980392422
0.6470588235294118,0.1411920376760635
0.6483103879849812,0.1407923770530836
0.6495619524405507,0.1403937030445441
0.6508135168961202,0.13999812055238162
0.6520650813516896,0.13960530387037073
0.6533166458072591,0.13921358459598165
0.6545682102628285,0.13882658038713952
0.655819774718398,0.13843957617829736
0.6570713391739674,0.13805725993055953
0.6583229036295369,0.13767601014245048
0.6595744680851064,0.1372970607196895
0.6608260325406758,0.1369214949694896
0.6620775969962454,0.13654592921928965
0.6633291614518148,0.1361757318658805
0.6645807259073843,0.13580576830714683
0.6658322903629537,0.13543842067868195
0.6670838548185232,0.13507396685808531
0.6683354192740927,0.13470951303748865
0.6695869837296621,0.13435021665838587
0.6708385481852316,0.13399117035528751
0.672090112640801,0.13363421481810495
0.6733416770963705,0.13328046486084605
0.6745932415519399,0.13292671490358718
0.6758448060075094,0.13257709332928855
0.6770963704630789,0.13222852038301436
0.6783479349186483,0.13188076335270943
0.6795994993742178,0.13153724067445638
0.6808510638297872,0.13119371799620333
0.6821026282853567,0.13085258943037814
0.6833541927409261,0.13051398358800254
0.6846057571964956,0.13017537774562693
0.6858573216520651,0.12984046695929796
0.6871088861076345,0.1295066385116075
0.688360450563204,0.12917290798731787
0.6896120150187734,0.12884371212348125
0.690863579474343,0.12851451625964458
0.6921151439299124,0.12818635192733155
0.6933667083854819,0.12786163906428197
0.6946182728410514,0.1275369262012324
0.6958698372966208,0.1272139472941502
0.6971214017521903,0.12689356363126664
0.6983729662077597,0.12657317996838308
0.6996245306633292,0.12625501864279212
0.7008760951188986,0.12593880667363722
0.7021276595744681,0.1256225947044823
0.7033792240300376,0.12530889790846164
0.704630788485607,0.12499669688978332
0.7058823529411765,0.12468449587110496
0.7071339173967459,0.12437492687688258
0.7083854818523154,0.12406657325544634
0.7096370463078848,0.12375821963401015
0.7108886107634543,0.1234524592549366
0.7121401752190238,0.12314778705305694
0.7133917396745932,0.12284311485117731
0.7146433041301627,0.12254086236527888
0.7158948685857321,0.12223970352616098
0.7171464330413017,0.12193854468704304
0.718397997496871,0.12163951848937958
0.7196495619524406,0.12134170318357614
0.7209011264080101,0.12104388787777269
0.7221526908635795,0.1207478258836846
0.723404255319149,0.12045318277811934
0.7246558197747184,0.1201585396725541
0.7259073842302879,0.11986519949338736
0.7271589486858573,0.1195735559845023
0.7284105131414268,0.1192819124756172
0.7296620775969963,0.11899107138773693
0.7309136420525657,0.11870225380039079
0.7321652065081352,0.11841343621304463
0.7334167709637046,0.11812489093995267
0.7346683354192741,0.11783872469373746
0.7359198998748435,0.11755255844752228
0.737171464330413,0.11726639220130708
0.7384230287859825,0.11698243451839213
0.7396745932415519,0.1166987442630468
0.7409261576971214,0.11641505400770144
0.7421777221526908,0.11613286621872698
0.7434292866082604,0.11585147594031638
0.7446808510638298,0.1155700856619058
0.7459324155193993,0.11528951934263262
0.7471839799749688,0.1150102524421331
0.7484355444305382,0.1147309855416336
0.7496871088861077,0.11445190938079286
0.7509386733416771,0.11417458872667924
0.7521902377972466,0.1138972680725656
0.7534418022528161,0.11361994741845195
0.7546933667083855,0.11334401490502932
0.755944931163955,0.11306846286140262
0.7571964956195244,0.11279291081777595
0.7584480600750939,0.11251807525775771
0.7596996245306633,0.11224411368948718
0.7609511889862328,0.11197015212121664
0.7622027534418023,0.11169632712401383
0.7634543178973717,0.11142377738029113
0.7647058823529412,0.11115122763656841
0.7659574468085106,0.11087867789284572
0.7672090112640801,0.11060702255261315
0.7684605757196495,0.11033570543024011
0.769712140175219,0.11006438830786706
0.7709637046307886,0.10979342826992275
0.772215269086358,0.1095231639575692
0.7734668335419275,0.10925289964521563
0.7747183979974969,0.10898263533286208
0.7759699624530664,0.10871319059952671
0.7772215269086358,0.10844379860411152
0.7784730913642053,0.10817440660869633
0.7797246558197748,0.10790538011353888
0.7809762202753442,0.10763667916980102
0.7822277847309137,0.10736797822606314
0.7834793491864831,0.10709933300494265
0.7847309136420526,0.1068311409691835
0.785982478097622,0.1065629489334244
0.7872340425531915,0.10629475689766525
0.788485607008761,0.10602678755334907
0.7897371714643304,0.1057589212822431
0.7909887359198999,0.10549105501113709
0.7922403003754693,0.1052232246112599
0.7934918648310388,0.10495549982654626
0.7947434292866082,0.10468777504183263
0.7959949937421777,0.104420050257119
0.7972465581977473,0.10415228925760543
0.7984981226533167,0.10388452039739428
0.7997496871088862,0.1036167515371831
0.8010012515644556,0.10334889247597569
0.8022528160200251,0.10308089253332187
0.8035043804755945,0.10281289259066807
0.804755944931164,0.10254489264801425
0.8060075093867335,0.10227648895160175
0.8072590738423029,0.10200806930092506
0.8085106382978724,0.10173964965024833
0.8097622027534418,0.10147090113917841
0.8110137672090113,0.10120187135103456
0.8122653316645807,0.10093284156289074
0.8135168961201502,0.10066371244605582
0.8147684605757197,0.10039388009069466
0.8160200250312891,0.10012404773533354
0.8172715894868586,0.09985421537997238
0.818523153942428,0.09958366634221556
0.8197747183979975,0.09931283678229397
0.8210262828535669,0.0990420072223724
0.8222778473091364,0.09877078814403248
0.823529411764706,0.09849876431678771
0.8247809762202754,0.09822674048954297
0.8260325406758449,0.0979547166622982
0.8272841051314143,0.09768137061869163
0.8285356695869838,0.09740795280781887
0.8297872340425532,0.09713453499694615
0.8310387984981227,0.09686017823611832
0.8322903629536922,0.09658516383353909
0.8335419274092616,0.09631014943095988
0.8347934918648311,0.09603468951631561
0.8360450563204005,0.09575787277396856
0.83729662077597,0.09548105603162149
0.8385481852315394,0.09520423928927445
0.8397997496871089,0.0949255558340569
0.8410513141426784,0.0946467276057904
0.8423028785982478,0.09436789937752392
0.8435544430538173,0.09408766358476338
0.8448060075093867,0.09380661105835955
0.8460575719649562,0.09352555853195571
0.8473091364205256,0.09324361824824696
0.8485607008760951,0.09296012466755972
0.8498122653316647,0.09267663108687248
0.851063829787234,0.09239281089480962
0.8523153942428036,0.09210665527195386
0.853566958698373,0.09182049964909811
0.8548185231539425,0.09153434402624235
0.8560700876095119,0.09124555536356822
0.8573216520650814,0.09095651218105466
0.8585732165206509,0.0906674689985411
0.8598247809762203,0.09037614008122354
0.8610763454317898,0.09008397898389268
0.8623279098873592,0.08979181788656185
0.8635794743429287,0.08949768409775301
0.8648310387984981,0.08920216957432178
0.8660826032540676,0.08890665505089052
0.8673341677096371,0.08860941839442295
0.8685857321652065,0.08831030944842001
0.869837296620776,0.08801120050241704
0.8710888610763454,0.08771052691550472
0.8723404255319149,0.08740757672533461
0.8735919899874843,0.08710462653516451
0.8748435544430538,0.08680014309557933
0.8760951188986233,0.08649309866341905
0.8773466833541927,0.08618605423125879
0.8785982478097623,0.0858773462517855
0.8798498122653317,0.08556594804098423
0.8811013767209012,0.08525454983018294
0.8823529411764706,0.08494115783285053
0.8836045056320401,0.08462513939346905
0.8848560700876096,0.08430912095408757
0.886107634543179,0.08399053751636196
0.8873591989987485,0.08366962509845675
0.8886107634543179,0.08334871268055159
0.8898623279098874,0.08302437914535304
0.8911138923654568,0.08269829129957712
0.8923654568210263,0.08237220345380118
0.8936170212765958,0.08204150649487656
0.8948685857321652,0.08170995365993888
0.8961201501877347,0.08137798478234187
0.8973717146433041,0.08104066885883543
0.8986232790988736,0.08070335293532895
0.899874843554443,0.08036392253683769
0.9011264080100125,0.08002053644691638
0.902377972465582,0.07967715035699507
0.9036295369211514,0.07932946834868725
0.904881101376721,0.07897969558104019
0.9061326658322904,0.078629615401204
0.9073842302878599,0.07827312954074675
0.9086357947434293,0.07791664368028953
0.9098873591989988,0.07755685553946964
0.9111389236545683,0.0771933197811397
0.9123904881101377,0.0768297840228098
0.9136420525657072,0.07645928698066229
0.9148936170212766,0.07608835362667701
0.9161451814768461,0.07571382093963074
0.9173967459324155,0.07533513087953372
0.918648310387985,0.07495613380513762
0.9198998748435545,0.07456931597792872
0.9211514392991239,0.07418249815071988
0.9224030037546934,0.07379004157554438
0.9236545682102628,0.07339471241315705
0.9249061326658323,0.07299636911939285
0.9261576971214017,0.0725921319707487
0.9274092615769712,0.07218728500436616
0.9286608260325407,0.07177372953920601
0.9299123904881101,0.07136017407404589
0.9311639549436797,0.07093839812828238
0.932415519399249,0.07051509971993718
0.9336670838548186,0.07008494678218884
0.934918648310388,0.0696514658684208
0.9361702127659575,0.06921209610777762
0.937421777221527,0.06876797752878595
0.9386733416770964,0.06831847357975834
0.9399249061326659,0.06786324589240789
0.9411764705882353,0.0674026086117742
0.9424280350438048,0.06693578337906854
0.9436795994993742,0.06646292738170356
0.9449311639549437,0.06598399843648449
0.9461827284105132,0.06549774739906551
0.9474342928660826,0.06500619008088367
0.9486858573216521,0.06450527180190282
0.9499374217772215,0.06400054216596066
0.951188986232791,0.06348358336997746
0.9524405506883604,0.0629634256146697
0.9536921151439299,0.062430638240560186
0.9549436795994994,0.06189197489855403
0.9561952440550688,0.06134425931250661
0.9574468085106383,0.06078540271377187
0.9586983729662077,0.0602207525585742
0.9599499374217773,0.059641268072446144
0.9612015018773468,0.05905334948021466
0.9624530663329162,0.05845697592193422
0.9637046307884857,0.0578437354947453
0.9649561952440551,0.05722129941817882
0.9662077596996246,0.056588836017912994
0.967459324155194,0.05593746499993579
0.9687108886107635,0.05527420146270964
0.969962453066333,0.05459820907523801
0.9712140175219024,0.053906282914761364
0.9724655819774719,0.05319493502433382
0.9737171464330413,0.052467708474285044
0.9749687108886108,0.05172330268694506
0.9762202753441802,0.0509603213001877
0.9774718397997497,0.05017682709757338
0.9787234042553192,0.04936850172355578
0.9799749687108886,0.04853747457310557
0.9812265331664581,0.047681991480662864
0.9824780976220275,0.04680017959457525
0.983729662077597,0.045890041288009706
0.9849812265331664,0.04494944776087806
0.986232790988736,0.04397613231869818
0.9874843554443055,0.04296768331370731
0.9887359198998749,0.04192153673290002
0.9899874843554444,0.040830129244697554
0.9912390488110138,0.03969289703467765
0.9924906132665833,0.03850758891805638
0.9937421777221527,0.0373
0.9949937421777222,0.0373
0.9962453066332917,0.0373
0.9974968710888611,0.0373
0.9987484355444306,0.0373
1.0,0.0373
