Q_exp,V_fit,dqdv_fit,dvdq_fit,V_fit_anode,dqdv_fit_anode,dvdq_fit_anode,V_fit_cathode,dqdv_fit_cathode,dvdq_fit_cathode,dqdv_fit_si,dqdv_fit_gr,SoCs,Q_si,x_si,x_gr
5.489148580968281,,,,,,,,,,,,2.2096774193548385,,,
5.479131886477463,,,,,,,,,,,,2.2056451612903225,,,
5.469115191986645,,,,,,,,,,,,2.2016129032258065,,,
5.459098497495827,,,,,,,,,,,,2.19758064516129,,,
5.449081803005009,,,,,,,,,,,,2.193548387096774,,,
5.439065108514191,,,,,,,,,,,,2.189516129032258,,,
5.429048414023372,,,,,,,,,,,,2.1854838709677415,,,
5.419031719532555,,,,,,,,,,,,2.181451612903226,,,
5.409015025041736,,,,,,,,,,,,2.1774193548387095,,,
5.398998330550919,,,,,,,,,,,,2.1733870967741935,,,
5.3889816360601,,,,,,,,,,,,2.169354838709677,,,
5.378964941569283,,,,,,,,,,,,2.1653225806451615,,,
5.368948247078464,,,,,,,,,,,,2.161290322580645,,,
5.358931552587647,,,,,,,,,,,,2.157258064516129,,,
5.348914858096828,,,,,,,,,,,,2.1532258064516125,,,
5.338898163606011,,,,,,,,,,,,2.149193548387097,,,
5.328881469115192,,,,,,,,,,,,2.1451612903225805,,,
5.318864774624374,,,,,,,,,,,,2.1411290322580645,,,
5.308848080133556,,,,,,,,,,,,2.137096774193548,,,
5.298831385642738,,,,,,,,,,,,2.133064516129032,,,
5.28881469115192,,,,,,,,,,,,2.129032258064516,,,
5.278797996661102,,,,,,,,,,,,2.125,,,
5.268781302170284,,,,,,,,,,,,2.1209677419354835,,,
5.258764607679466,,,,,,,,,,,,2.1169354838709675,,,
5.248747913188648,,,,,,,,,,,,2.1129032258064515,,,
5.23873121869783,,,,,,,,,,,,2.1088709677419355,,,
5.228714524207012,,,,,,,,,,,,2.1048387096774195,,,
5.218697829716194,,,,,,,,,,,,2.100806451612903,,,
5.208681135225376,,,,,,,,,,,,2.096774193548387,,,
5.198664440734557,,,,,,,,,,,,2.0927419354838706,,,
5.18864774624374,,,,,,,,,,,,2.088709677419355,,,
5.178631051752921,,,,,,,,,,,,2.0846774193548385,,,
5.168614357262104,,,,,,,,,,,,2.0806451612903225,,,
5.158597662771285,,,,,,,,,,,,2.076612903225806,,,
5.148580968280468,,,,,,,,,,,,2.0725806451612905,,,
5.138564273789649,,,,,,,,,,,,2.068548387096774,,,
5.128547579298832,,,,,,,,,,,,2.064516129032258,,,
5.118530884808013,,,,,,,,,,,,2.0604838709677415,,,
5.108514190317196,,,,,,,,,,,,2.056451612903226,,,
5.098497495826377,,,,,,,,,,,,2.0524193548387095,,,
5.088480801335559,,,,,,,,,,,,2.0483870967741935,,,
5.078464106844741,,,,,,,,,,,,2.044354838709677,,,
5.068447412353923,,,,,,,,,,,,2.040322580645161,,,
5.058430717863105,,,,,,,,,,,,2.036290322580645,,,
5.048414023372287,,,,,,,,,,,,2.032258064516129,,,
5.038397328881469,,,,,,,,,,,,2.028225806451613,,,
5.028380634390651,,,,,,,,,,,,2.0241935483870965,,,
5.018363939899833,,,,,,,,,,,,2.0201612903225805,,,
5.008347245409015,,,,,,,,,,,,2.0161290322580645,,,
4.9983305509181974,,,,,,,,,,,,2.0120967741935485,,,
4.9883138564273795,,,,,,,,,,,,2.008064516129032,,,
4.9782971619365615,,,,,,,,,,,,2.004032258064516,,,
4.968280467445743,,,,,,,,,,,,1.9999999999999996,,,
4.9582637729549255,,,,,,,,,,,,1.995967741935484,,,
4.948247078464107,,,,,,,,,,,,1.9919354838709675,,,
4.9382303839732895,,,,,,,,,,,,1.9879032258064517,,,
4.928213689482471,,,,,,,,,,,,1.9838709677419353,,,
4.9181969949916535,,,,,,,,,,,,1.9798387096774195,,,
4.908180300500835,,,,,,,,,,,,1.975806451612903,,,
4.8981636060100175,,,,,,,,,,,,1.9717741935483872,,,
4.888146911519199,,,,,,,,,,,,1.9677419354838708,,,
4.878130217028381,,,,,,,,,,,,1.9637096774193545,,,
4.868113522537563,,,,,,,,,,,,1.9596774193548385,,,
4.858096828046745,,,,,,,,,,,,1.9556451612903225,,,
4.848080133555927,,,,,,,,,,,,1.9516129032258063,,,
4.838063439065109,,,,,,,,,,,,1.9475806451612903,,,
4.828046744574291,,,,,,,,,,,,1.943548387096774,,,
4.818030050083473,,,,,,,,,,,,1.939516129032258,,,
4.808013355592655,,,,,,,,,,,,1.9354838709677418,,,
4.797996661101837,,,,,,,,,,,,1.9314516129032258,,,
4.787979966611019,,,,,,,,,,,,1.9274193548387095,,,
4.777963272120201,,,,,,,,,,,,1.9233870967741935,,,
4.767946577629383,,,,,,,,,,,,1.9193548387096775,,,
4.757929883138565,,,,,,,,,,,,1.9153225806451613,,,
4.747913188647747,,,,,,,,,,,,1.9112903225806452,,,
4.737896494156928,,,,,,,,,,,,1.9072580645161288,,,
4.727879799666111,,,,,,,,,,,,1.903225806451613,,,
4.717863105175292,,,,,,,,,,,,1.8991935483870965,,,
4.707846410684475,,,,,,,,,,,,1.8951612903225807,,,
4.697829716193656,,,,,,,,,,,,1.8911290322580643,,,
4.687813021702839,,,,,,,,,,,,1.8870967741935485,,,
4.67779632721202,,,,,,,,,,,,1.883064516129032,,,
4.667779632721203,,,,,,,,,,,,1.8790322580645162,,,
4.657762938230384,,,,,,,,,,,,1.8749999999999998,,,
4.647746243739566,,,,,,,,,,,,1.8709677419354838,,,
4.637729549248748,,,,,,,,,,,,1.8669354838709675,,,
4.62771285475793,,,,,,,,,,,,1.8629032258064515,,,
4.617696160267112,,,,,,,,,,,,1.8588709677419353,,,
4.607679465776294,,,,,,,,,,,,1.8548387096774193,,,
4.597662771285476,,,,,,,,,,,,1.850806451612903,,,
4.587646076794658,,,,,,,,,,,,1.846774193548387,,,
4.57762938230384,,,,,,,,,,,,1.842741935483871,,,
4.567612687813022,,,,,,,,,,,,1.8387096774193548,,,
4.557595993322204,,,,,,,,,,,,1.8346774193548387,,,
4.547579298831386,,,,,,,,,,,,1.8306451612903225,,,
4.537562604340568,,,,,,,,,,,,1.8266129032258065,,,
4.52754590984975,,,,,,,,,,,,1.8225806451612903,,,
4.517529215358932,,,,,,,,,,,,1.8185483870967742,,,
4.507512520868113,,,,,,,,,,,,1.8145161290322578,,,
4.497495826377296,,,,,,,,,,,,1.810483870967742,,,
4.487479131886477,,,,,,,,,,,,1.8064516129032255,,,
4.47746243739566,,,,,,,,,,,,1.8024193548387097,,,
4.467445742904841,,,,,,,,,,,,1.7983870967741933,,,
4.457429048414023,,,,,,,,,,,,1.7943548387096773,,,
4.447412353923205,,,,,,,,,,,,1.790322580645161,,,
4.437395659432387,,,,,,,,,,,,1.786290322580645,,,
4.427378964941569,,,,,,,,,,,,1.7822580645161288,,,
4.417362270450751,,,,,,,,,,,,1.7782258064516128,,,
4.407345575959933,,,,,,,,,,,,1.7741935483870965,,,
4.397328881469115,,,,,,,,,,,,1.7701612903225805,,,
4.387312186978297,,,,,,,,,,,,1.7661290322580645,,,
4.377295492487479,,,,,,,,,,,,1.7620967741935483,,,
4.367278797996661,,,,,,,,,,,,1.7580645161290323,,,
4.357262103505843,,,,,,,,,,,,1.754032258064516,,,
4.347245409015025,,,,,,,,,,,,1.75,,,
4.337228714524207,,,,,,,,,,,,1.7459677419354838,,,
4.3272120200333895,,,,,,,,,,,,1.7419354838709677,,,
4.3171953255425715,,,,,,,,,,,,1.7379032258064515,,,
4.3071786310517535,,,,,,,,,,,,1.7338709677419355,,,
4.2971619365609355,,,,,,,,,,,,1.7298387096774195,,,
4.2871452420701175,,,,,,,,,,,,1.7258064516129032,,,
4.277128547579299,,,,,,,,,,,,1.7217741935483868,,,
4.2671118530884815,,,,,,,,,,,,1.717741935483871,,,
4.257095158597663,,,,,,,,,,,,1.7137096774193545,,,
4.2470784641068455,,,,,,,,,,,,1.7096774193548387,,,
4.237061769616027,,,,,,,,,,,,1.7056451612903223,,,
4.227045075125209,,,,,,,,,,,,1.7016129032258063,,,
4.217028380634391,,,,,,,,,,,,1.69758064516129,,,
4.207011686143573,,,,,,,,,,,,1.693548387096774,,,
4.196994991652755,,,,,,,,,,,,1.689516129032258,,,
4.186978297161937,,,,,,,,,,,,1.6854838709677418,,,
4.176961602671119,,,,,,,,,,,,1.6814516129032258,,,
4.166944908180301,,,,,,,,,,,,1.6774193548387095,,,
4.156928213689483,,,,,,,,,,,,1.6733870967741935,,,
4.146911519198665,,,,,,,,,,,,1.6693548387096773,,,
4.136894824707847,,,,,,,,,,,,1.6653225806451613,,,
4.126878130217029,,,,,,,,,,,,1.661290322580645,,,
4.116861435726211,,,,,,,,,,,,1.657258064516129,,,
4.106844741235393,,,,,,,,,,,,1.653225806451613,,,
4.096828046744575,,,,,,,,,,,,1.6491935483870968,,,
4.086811352253757,,,,,,,,,,,,1.6451612903225807,,,
4.076794657762939,,,,,,,,,,,,1.6411290322580645,,,
4.06677796327212,,,,,,,,,,,,1.637096774193548,,,
4.056761268781303,,,,,,,,,,,,1.6330645161290323,,,
4.046744574290484,,,,,,,,,,,,1.6290322580645158,,,
4.036727879799667,,,,,,,,,,,,1.6250000000000002,,,
4.026711185308848,,,,,,,,,,,,1.6209677419354835,,,
4.016694490818031,,,,,,,,,,,,1.616935483870968,,,
4.006677796327212,,,,,,,,,,,,1.6129032258064515,,,
3.996661101836394,,,,,,,,,,,,1.6088709677419353,,,
3.986644407345576,,,,,,,,,,,,1.6048387096774193,,,
3.976627712854758,,,,,,,,,,,,1.600806451612903,,,
3.96661101836394,,,,,,,,,,,,1.596774193548387,,,
3.956594323873122,,,,,,,,,,,,1.5927419354838708,,,
3.946577629382304,,,,,,,,,,,,1.5887096774193548,,,
3.936560934891486,,,,,,,,,,,,1.5846774193548385,,,
3.926544240400668,,,,,,,,,,,,1.5806451612903225,,,
3.91652754590985,,,,,,,,,,,,1.5766129032258065,,,
3.906510851419032,,,,,,,,,,,,1.5725806451612903,,,
3.896494156928214,,,,,,,,,,,,1.5685483870967742,,,
3.886477462437396,,,,,,,,,,,,1.564516129032258,,,
3.876460767946578,,,,,,,,,,,,1.560483870967742,,,
3.86644407345576,,,,,,,,,,,,1.5564516129032258,,,
3.856427378964942,,,,,,,,,,,,1.5524193548387097,,,
3.846410684474124,,,,,,,,,,,,1.5483870967741937,,,
3.8363939899833057,,,,,,,,,,,,1.5443548387096773,,,
3.8263772954924877,,,,,,,,,,,,1.5403225806451613,,,
3.8163606010016697,,,,,,,,,,,,1.536290322580645,,,
3.8063439065108517,,,,,,,,,,,,1.532258064516129,,,
3.7963272120200338,,,,,,,,,,,,1.5282258064516128,,,
3.7863105175292153,,,,,,,,,,,,1.5241935483870965,,,
3.7762938230383973,,,,,,,,,,,,1.5201612903225805,,,
3.7662771285475793,,,,,,,,,,,,1.5161290322580643,,,
3.7562604340567614,,,,,,,,,,,,1.5120967741935483,,,
3.7462437395659434,,,,,,,,,,,,1.508064516129032,,,
3.7362270450751254,,,,,,,,,,,,1.504032258064516,,,
3.7262103505843074,,,,,,,,,,,,1.5,,,
3.7161936560934894,,,,,,,,,,,,1.4959677419354838,,,
3.7061769616026714,,,,,,,,,,,,1.4919354838709677,,,
3.6961602671118534,,,,,,,,,,,,1.4879032258064515,,,
3.6861435726210354,,,,,,,,,,,,1.4838709677419355,,,
3.6761268781302174,,,,,,,,,,,,1.4798387096774193,,,
3.6661101836393994,,,,,,,,,,,,1.4758064516129032,,,
3.6560934891485815,,,,,,,,,,,,1.4717741935483872,,,
3.6460767946577635,,,,,,,,,,,,1.467741935483871,,,
3.6360601001669455,,,,,,,,,,,,1.463709677419355,,,
3.6260434056761275,,,,,,,,,,,,1.4596774193548387,,,
3.616026711185309,,,,,,,,,,,,1.4556451612903225,,,
3.606010016694491,,,,,,,,,,,,1.4516129032258063,,,
3.595993322203673,,,,,,,,,,,,1.4475806451612903,,,
3.585976627712855,,,,,,,,,,,,1.4435483870967742,,,
3.575959933222037,,,,,,,,,,,,1.439516129032258,,,
3.565943238731219,,,,,,,,,,,,1.435483870967742,,,
3.5559265442404007,,,,,,,,,,,,1.4314516129032255,,,
3.5459098497495827,,,,,,,,,,,,1.4274193548387095,,,
3.5358931552587647,,,,,,,,,,,,1.4233870967741935,,,
3.5258764607679467,,,,,,,,,,,,1.4193548387096773,,,
3.5158597662771287,,,,,,,,,,,,1.4153225806451613,,,
3.5058430717863107,,,,,,,,,,,,1.411290322580645,,,
3.4958263772954927,,,,,,,,,,,,1.407258064516129,,,
3.4858096828046747,,,,,,,,,,,,1.4032258064516128,,,
3.4757929883138567,,,,,,,,,,,,1.3991935483870968,,,
3.4657762938230388,,,,,,,,,,,,1.3951612903225807,,,
3.4557595993322208,,,,,,,,,,,,1.3911290322580645,,,
3.4457429048414028,,,,,,,,,,,,1.3870967741935485,,,
3.435726210350585,,,,,,,,,,,,1.3830645161290323,,,
3.4257095158597664,,,,,,,,,,,,1.379032258064516,,,
3.4156928213689484,,,,,,,,,,,,1.3749999999999998,,,
3.4056761268781304,,,,,,,,,,,,1.3709677419354838,,,
3.3956594323873124,,,,,,,,,,,,1.3669354838709677,,,
3.3856427378964944,,,,,,,,,,,,1.3629032258064515,,,
3.3756260434056764,,,,,,,,,,,,1.3588709677419355,,,
3.3656093489148584,,,,,,,,,,,,1.3548387096774193,,,
3.3555926544240404,,,,,,,,,,,,1.3508064516129032,,,
3.3455759599332224,,,,,,,,,,,,1.346774193548387,,,
3.3355592654424044,,,,,,,,,,,,1.342741935483871,,,
3.3255425709515865,,,,,,,,,,,,1.338709677419355,,,
3.3155258764607685,,,,,,,,,,,,1.3346774193548387,,,
3.30550918196995,,,,,,,,,,,,1.3306451612903225,,,
3.295492487479132,,,,,,,,,,,,1.3266129032258063,,,
3.285475792988314,,,,,,,,,,,,1.3225806451612903,,,
3.275459098497496,,,,,,,,,,,,1.3185483870967742,,,
3.265442404006678,,,,,,,,,,,,1.314516129032258,,,
3.25542570951586,,,,,,,,,,,,1.310483870967742,,,
3.245409015025042,,,,,,,,,,,,1.3064516129032258,,,
3.235392320534224,,,,,,,,,,,,1.3024193548387097,,,
3.225375626043406,,,,,,,,,,,,1.2983870967741935,,,
3.215358931552588,,,,,,,,,,,,1.2943548387096775,,,
3.20534223706177,,,,,,,,,,,,1.2903225806451613,,,
3.1953255425709517,,,,,,,,,,,,1.286290322580645,,,
3.1853088480801337,,,,,,,,,,,,1.282258064516129,,,
3.1752921535893157,,,,,,,,,,,,1.2782258064516128,,,
3.1652754590984977,,,,,,,,,,,,1.2741935483870968,,,
3.1552587646076797,,,,,,,,,,,,1.2701612903225805,,,
3.1452420701168617,,,,,,,,,,,,1.2661290322580645,,,
3.1352253756260438,,,,,,,,,,,,1.2620967741935485,,,
3.1252086811352258,,,,,,,,,,,,1.2580645161290323,,,
3.1151919866444078,,,,,,,,,,,,1.2540322580645162,,,
3.10517529215359,,,,,,,,,,,,1.25,,,
3.095158597662772,,,,,,,,,,,,1.245967741935484,,,
3.0851419031719534,,,,,,,,,,,,1.2419354838709677,,,
3.0751252086811354,,,,,,,,,,,,1.2379032258064515,,,
3.0651085141903174,,,,,,,,,,,,1.2338709677419355,,,
3.0550918196994994,,,,,,,,,,,,1.2298387096774193,,,
3.0450751252086814,,,,,,,,,,,,1.2258064516129032,,,
3.0350584307178634,,,,,,,,,,,,1.221774193548387,,,
3.0250417362270454,,,,,,,,,,,,1.217741935483871,,,
3.0150250417362274,,,,,,,,,,,,1.2137096774193548,,,
3.0050083472454094,,,,,,,,,,,,1.2096774193548387,,,
2.9949916527545914,,,,,,,,,,,,1.2056451612903227,,,
2.9849749582637735,,,,,,,,,,,,1.2016129032258065,,,
2.974958263772955,,,,,,,,,,,,1.1975806451612903,,,
2.964941569282137,,,,,,,,,,,,1.193548387096774,,,
2.954924874791319,,,,,,,,,,,,1.189516129032258,,,
2.944908180300501,,,,,,,,,,,,1.185483870967742,,,
2.934891485809683,,,,,,,,,,,,1.1814516129032258,,,
2.924874791318865,,,,,,,,,,,,1.1774193548387097,,,
2.914858096828047,,,,,,,,,,,,1.1733870967741935,,,
2.904841402337229,,,,,,,,,,,,1.1693548387096775,,,
2.894824707846411,,,,,,,,,,,,1.1653225806451613,,,
2.884808013355593,,,,,,,,,,,,1.1612903225806452,,,
2.874791318864775,,,,,,,,,,,,1.157258064516129,,,
2.8647746243739567,,,,,,,,,,,,1.1532258064516128,,,
2.8547579298831387,,,,,,,,,,,,1.1491935483870968,,,
2.8447412353923207,,,,,,,,,,,,1.1451612903225805,,,
2.8347245409015027,,,,,,,,,,,,1.1411290322580645,,,
2.8247078464106847,,,,,,,,,,,,1.1370967741935483,,,
2.8146911519198667,,,,,,,,,,,,1.1330645161290323,,,
2.8046744574290488,,,,,,,,,,,,1.1290322580645162,,,
2.7946577629382308,,,,,,,,,,,,1.125,,,
2.7846410684474128,,,,,,,,,,,,1.120967741935484,,,
2.774624373956595,,,,,,,,,,,,1.1169354838709677,,,
2.764607679465777,,,,,,,,,,,,1.1129032258064517,,,
2.7545909849749584,,,,,,,,,,,,1.1088709677419355,,,
2.7445742904841404,,,,,,,,,,,,1.1048387096774193,,,
2.7345575959933224,,,,,,,,,,,,1.1008064516129032,,,
2.7245409015025044,,,,,,,,,,,,1.096774193548387,,,
2.7145242070116864,,,,,,,,,,,,1.092741935483871,,,
2.7045075125208684,,,,,,,,,,,,1.0887096774193548,,,
2.6944908180300504,,,,,,,,,,,,1.0846774193548387,,,
2.6844741235392324,,,,,,,,,,,,1.0806451612903225,,,
2.6744574290484144,,,,,,,,,,,,1.0766129032258065,,,
2.6644407345575964,,,,,,,,,,,,1.0725806451612905,,,
2.6544240400667785,,,,,,,,,,,,1.0685483870967742,,,
2.64440734557596,,,,,,,,,,,,1.064516129032258,,,
2.634390651085142,,,,,,,,,,,,1.0604838709677418,,,
2.624373956594324,,,,,,,,,,,,1.0564516129032258,,,
2.614357262103506,,,,,,,,,,,,1.0524193548387097,,,
2.604340567612688,,,,,,,,,,,,1.0483870967741935,,,
2.59432387312187,,,,,,,,,,,,1.0443548387096775,,,
2.584307178631052,,,,0.03904827111371707,2.6454507193069308,0.3780074195681805,,,,,,1.0403225806451613,2.0762371129982116,0.9981909197106785,0.9981641507520208
2.574290484140234,,,,0.04283465595079399,2.7446224353950814,0.3643488397908008,,,,,,1.0362903225806452,2.0679627638469382,0.994212867234105,0.9937007573721509
2.564273789649416,,,,0.04634741314625396,2.9634658953562947,0.3374427225793233,,,,,,1.032258064516129,2.060140794975738,0.9904523052767972,0.9889450256500832
2.554257095158598,,,,0.04959477727124786,3.211729853517976,0.3113586900544103,,,,,,1.028225806451613,2.052798053083152,0.9869221409053616,0.9837909838705641
2.54424040066778,,,,0.05258498289692659,3.495321170923425,0.2860967422160554,,,,,,1.0241935483870968,2.0459500065564518,0.9836298108444479,0.9780548851145966
2.5342237061769617,,,,0.055326264594441045,3.8217990047736428,0.2616568790642688,,,,,,1.0201612903225805,2.039610419547811,0.9805819324749091,0.971406885705065
2.5242070116861437,4.228052876400666,-1.3318303673887222,-0.750846372395509,0.057826856934942106,4.200990498970033,0.23803910059905453,4.285879408915548,-1.9529641641335866,-0.5120421656296188,0.7066038517120871,0.6091855483240901,1.0161290322580645,2.0337839721925177,0.9777807558617873,0.9632948983056074
2.5141903171953257,4.221208175450127,-1.3580903544347454,-0.7363280335027582,0.06009499448958068,4.64590304888836,0.215243406820397,4.281329124060552,-1.955361296604957,-0.5114144387210047,0.6840917243919441,0.6474873459233428,1.0120967741935483,2.0284696055269547,0.9752257718879589,0.9544839680550313
2.5041736227045077,4.213897181112177,-1.4121289574135725,-0.7081506223281337,0.06213891182950764,5.174114174868593,0.19326979772830333,4.276095394497777,-1.9602933268225364,-0.5101277376793973,0.6402813093083165,0.7477648388656984,1.0080645161290323,2.023662079870054,0.9729144614759874,0.9448139490101699
2.4941569282136897,4.206835873353178,-1.4669386981011254,-0.681691744375172,0.0639668435258739,5.809958354188977,0.172118273322734,4.2708555663862,-1.9654916964410234,-0.5087785421890771,0.5929791828117407,0.8593622483120137,1.004032258064516,2.019351235926624,0.9708419403493384,0.9338811527453598
2.4841402337228717,4.200045953313303,-1.5221826158558056,-0.6569513996438445,0.0655870241498295,6.60654537558325,0.15136503923757827,4.265697896233858,-1.970960451131003,-0.5073668522502146,0.5406770496978561,0.9738032780227289,1.0,2.015524611320987,0.9690022169812436,0.9221606375098652
2.4741235392320537,4.193575922329235,-1.5774622587711373,-0.6339295881341798,0.06699919823514089,7.659208248735052,0.13056179797241496,4.260608851877882,-1.9767038811310724,-0.5058926678627245,0.4824534447277656,1.0816488157531654,0.9959677419354839,2.0121866226534952,0.9673974147372574,0.9090225621149821
2.4641068447412358,4.187247914841029,-1.6323164446710312,-0.6126263098461493,0.06820261943475267,9.052183000282124,0.11047059035028717,4.255511475412753,-1.9827265299853563,-0.5043559890265783,0.4287963335584678,1.1215787133213575,0.9919354838709677,2.0093375889808525,0.9660276870100253,0.8957371564423474
2.4540901502504178,4.1811396084693575,-1.6862224494691016,-0.59304156477981,0.06921229854265916,10.859181463044765,0.09208797213704667,4.25046503724772,-1.989033203904893,-0.502756815741833,0.38160711200710906,1.2154599292283894,0.9879032258064516,2.0068795741571117,0.964845949113996,0.8825538072516144
2.4440734557595998,4.175334346105773,-1.7386002284296003,-0.5751753529350765,0.07004745360110418,13.207814310449415,0.07571275432066349,4.2454839764981145,-1.9956289817900486,-0.5010951480084316,0.3337747973785339,1.3485083229647523,0.9838709677419355,2.004763623431761,0.9638286651114234,0.8677224704562212
2.434056761268782,4.1696820092204865,-1.7888202068464258,-0.5590276743144216,0.07072908160083605,16.31389699330997,0.06129743251474995,4.24053393923795,-2.0025192259416786,-0.499370985828989,0.285736219717278,1.458748581484519,0.9798387096774195,2.002985271661235,0.9629736882986707,0.8526618345181243
2.424040066777964,4.164197747273273,-1.8307728943907897,-0.5462173943386688,0.07127544891024774,20.61784280733343,0.04850167931459426,4.235552455604796,-2.005843196564814,-0.4985434562943851,0.23461553569833354,1.7427263658711551,0.9758064516129034,2.001514202158603,0.9622664433454822,0.8361285017235329
2.4140233722871454,4.158925812552548,-1.8748357437065146,-0.5333800592168245,0.0717007346088079,26.657486775373656,0.03751291366760823,4.230610988764669,-2.016669200562797,-0.49586714554916966,0.18850926337388668,2.1487729355872363,0.971774193548387,2.0003520796609866,0.9617077306062436,0.8146204950190737
2.4040066777963274,4.153634700912185,-1.9211450326175146,-0.5205229084852192,0.0720269597015855,35.01740878650199,0.028557224382218305,4.225597711773509,-2.0326620988277675,-0.49196568410297914,0.1472254287475608,2.34968704617913,0.9677419354838709,1.999445005068764,0.9612716370522904,0.7918680502117318
2.3939899833055094,4.1485155028473155,-1.9581254870845552,-0.5106924998401894,0.07227283259309274,49.04499775563428,0.02038943920402403,4.220665531273088,-2.0395548800010506,-0.4903030606361938,0.10506166191624802,1.9133077554045381,0.9637096774193548,1.9987601637167354,0.9609423864022766,0.7673310969015499
2.3839732888146914,4.143445783185933,-1.9897818481357503,-0.5025676563171544,0.07243542926827713,74.22619879467587,0.013472332090805228,4.215778898412681,-2.0445912084351447,-0.48909532422638335,0.07089801206717386,1.7355527481638562,0.9596774193548387,1.9982937246165497,0.9607181368348796,0.7511047166652688
2.3739565943238734,4.138332663209956,-2.014337463557443,-0.4964411465762737,0.07254272906235762,113.07183992471754,0.008843934976788148,4.210823214357612,-2.0508730899417427,-0.48759721159947844,0.04683983747775924,1.4812074934619541,0.9556451612903226,1.9979859150051646,0.9605701514447906,0.7336158626790172
2.3639398998330554,4.133353963532331,-2.036238436689786,-0.4911016224728826,0.07261260325779542,201.60351490238446,0.004960230978533264,4.205949425557728,-2.0570147234865206,-0.4861413914943,0.020841948733942777,0.672837682957764,0.9516129032258065,1.9977854677524196,0.9604737825732786,0.7211716120870435
2.3539232053422374,4.128430365519265,-2.0558160784124455,-0.4864248365895776,0.07264209929898933,631.0672921929579,0.0015846170644100432,4.201130738422403,-2.0625351605099658,-0.48484021952515377,0.0014227344821854627,0.04592993604901855,0.9475806451612904,1.9977008528185782,0.9604331023166242,0.7159185122010495
2.3439065108514194,4.123485514309349,-2.0637657546305386,-0.48455111620893376,0.07264434850783369,1012.7254144561185,0.0009874344869058582,4.196290798090229,-2.0679799534133423,-0.48356368172207453,0.0014759611278191834,0.04764824432138842,0.9435483870967742,1.9976944005405826,0.9604300002598954,0.7155179391666489
2.3338898163606014,4.118564466565641,-2.0525993941964904,-0.48718712615203685,0.0726618809581594,196.15514387512272,0.005098005488128443,4.1914746612242615,-2.0743052625267655,-0.4820891206638862,0.01198695227845433,0.3869730848929401,0.9395161290322581,1.9976441054140388,0.9604058199105956,0.7123954959817588
2.3238731218697835,4.113649743412006,-2.0232668866967125,-0.49425016866294413,0.07274647883480788,72.63020959080427,0.013768375523545373,4.186684819282291,-2.0812443141003354,-0.48048179313934725,0.059500212007685016,1.9208369281545734,0.935483870967742,1.997401420516474,0.960289144479074,0.6973290301717918
2.3138564273789655,4.10864088987498,-1.9814555687304218,-0.5046794971237887,0.07293770818066782,38.69502622702956,0.025843114671452838,4.1818079498266085,-2.088396029722357,-0.4788363824523003,0.12932360656725514,3.9466702736661188,0.9314516129032259,1.9968528432229293,0.9600254053956391,0.6632720240694666
2.303839732888147,4.1037996930723475,-1.9304015520957276,-0.5180269353359961,0.07326420400351813,24.61190238989983,0.04063074784541554,4.17709873710532,-2.0946962422479634,-0.47739618749056945,0.21488944738669058,3.665014584684085,0.9274193548387096,1.9958925003862065,0.9595637021087531,0.6174693696131721
2.293823038397329,4.098787019459519,-1.8751581551298349,-0.533288350779543,0.07375167975686982,17.441445151873125,0.05733469854661699,4.172252131144148,-2.1010449133198392,-0.4759536522329313,0.3080391340017785,2.1674687777753556,0.9233870967741935,1.9944474857268775,0.9588689835225372,0.5852107748190465
2.283806343906511,4.093535786312766,-1.8197378732150158,-0.5495296958529821,0.07441281232164734,13.309153768061902,0.07513625715255534,4.167525028740354,-2.1079549555731667,-0.4743934387004458,0.4097096553396156,1.8097850734432221,0.9193548387096774,1.9924362281251622,0.9579020327524818,0.5662021230096816
2.273789649415693,4.088205204738227,-1.765775711849248,-0.5663233406652353,0.07525691362303119,10.707923249100716,0.09338879040657888,4.162769907715091,-2.1144574856141958,-0.4729345502586568,0.5165216241167171,1.0643933175703315,0.9153225806451613,1.9897816684005947,0.9566258021156705,0.546900251583019
2.263772954924875,4.082787851391568,-1.7174831911667883,-0.5822473286161483,0.07628370628638681,9.003367375895055,0.11106955411786545,4.15803716744781,-2.122341192906894,-0.4711777744983294,0.6255710962291926,0.5600363295711858,0.9112903225806451,1.9864403834147024,0.9550194151032223,0.5371312225346134
2.253756260434057,4.076762393774449,-1.6763114433901094,-0.5965478574659357,0.07748201320469125,7.8490059950227185,0.12740466762722935,4.153294321885555,-2.1315453824318342,-0.4691431898386895,0.7388570327552662,0.4080781843644848,0.907258064516129,1.9823564628840524,0.9530559917711791,0.5318224708903609
2.243739565943239,4.070221629530765,-1.6429682201098057,-0.6086544996793464,0.07883605355103915,7.051820389337495,0.14180735537621203,4.148588564999532,-2.1420287393912942,-0.46684714430310237,0.8534902338776512,0.34651358169951896,0.903225806451613,1.9774927456623812,0.9507176661838371,0.5275215292193428
2.233722871452421,4.063639588566506,-1.6181189236004858,-0.6180015482266867,0.0803228951154,6.507610192134603,0.15366624159643827,4.1439471535679315,-2.1536161168900216,-0.4643353066302609,0.9670435513961275,0.31159042336986,0.8991935483870969,1.9718474828275216,0.9480035975132315,0.5236456178816814
2.223706176961603,4.057096026603744,-1.6022534587776074,-0.624120980686115,0.08191450914228665,6.15391883119132,0.16249808088651907,4.139324813371463,-2.1662703484472448,-0.4616228997995506,1.078174059533114,0.29595890340064795,0.8951612903225807,1.9654319024303313,0.9449191838607361,0.5200741387338055
2.213689482470785,4.050639513732293,-1.5947661471781782,-0.6270511835038803,0.08357828237856899,5.957237980199405,0.16786302701416123,4.134705316251958,-2.1777565162927566,-0.45918815648974487,1.1810001150505867,0.29514041792468204,0.8911290322580646,1.9582951773073107,0.9414880660131302,0.5165289909397704
2.203672787979967,4.044320370602325,-1.5980260745376187,-0.6257720170738423,0.0852773744580962,5.906475273168542,0.1693057117402521,4.130126202129012,-2.1907422044420497,-0.4564663053335778,1.2703807698099754,0.3038123039468813,0.8870967741935485,1.9505477144027108,0.9377633242320724,0.5129439026279669
2.1936560934891487,4.038114908669883,-1.6123140158668139,-0.6202265750709728,0.08697004955867427,6.008576771862508,0.1664287630779535,4.1255614206299045,-2.203624551665884,-0.45379781199298463,1.3397770886830647,0.32068412755852427,0.8830645161290323,1.942339656340839,0.9338171424715572,0.5091963119667319
2.1836393989983307,4.032009197552653,-1.6339871204720147,-0.6119999279499382,0.08861150660656947,6.230969681799961,0.16048866405511486,4.120995600346823,-2.214784170329741,-0.4515112638949006,1.3877917752145312,0.344597120330076,0.8790322580645161,1.9338910165725522,0.9297552964291116,0.5052710390711711
2.1736227045075127,4.026129242368939,-1.6651603367478138,-0.6005427693245906,0.09018518139283349,6.580906694664853,0.15195474520413743,4.116558410665815,-2.2292168899532303,-0.44858802412042564,1.41324946018955,0.38117198262871577,0.875,1.9253211204556975,0.9256351540652391,0.5010446147111711
2.1636060100166947,4.020289149959295,-1.7071275605549854,-0.5857793073617188,0.09165567512484935,7.133835393533744,0.14017704990872382,4.112064725906789,-2.2441538014552314,-0.4456022574529186,1.4018680822641618,0.42430397080191873,0.8709677419354839,1.9168891880413796,0.9215813404045095,0.4964043899348703
2.1535893155258767,4.014559045454758,-1.7526097541612384,-0.5705776757351089,0.09299340275995316,7.8284960895751805,0.1277384555804595,4.107591831307148,-2.2581559050954563,-0.4428392201546103,1.3691064564485158,0.4628877097370683,0.8669354838709677,1.9088612702561196,0.9177217645462113,0.4914380559197762
2.1435726210350587,4.008992003293932,-1.7926433910225583,-0.5578354317472929,0.09421470929340611,8.49713964185447,0.1176866618825807,4.1032055253284705,-2.271959093074727,-0.44014876986480544,1.3415162259651807,0.49190356081026715,0.8629032258064516,1.9012293671627116,0.9140525803666882,0.48620914568257567
2.1335559265442408,4.0034448652312165,-1.8263677401748586,-0.5475348573033045,0.09535106543539716,9.091191117192384,0.10999658758783504,4.098780708713739,-2.285514363463924,-0.43753826971553167,1.3228768052977902,0.5210769017099459,0.8588709677419355,1.8938651879859392,0.9105121096086246,0.4808614974544432
2.1235392320534228,3.998013519553864,-1.8560515996092188,-0.538778124600924,0.09641831371920581,9.645901314355216,0.1036709756206795,4.094409074895013,-2.2982844624451806,-0.43510714898019387,1.3081378593936188,0.5489293417356892,0.8548387096774194,1.8867160827006138,0.9070750397599104,0.4751933192941369
2.1135225375626048,3.992628813717178,-1.884420874478741,-0.5306670147541297,0.09742794641611194,10.172053334167636,0.09830856830459478,4.090041434916844,-2.312895719308613,-0.4323584464495127,1.2973876488994682,0.5771419889999713,0.8508064516129034,1.879743958787406,0.9037230571093298,0.46946596000089696
2.103505843071787,3.987358872761632,-1.9119613199556182,-0.5230231331370305,0.09838776750827949,10.680981130980815,0.09362435788781998,4.085734665440644,-2.3288375692725882,-0.42939877524921144,1.289193933683529,0.6269930521155264,0.8467741935483872,1.8729224932059243,0.900443506349002,0.46336471500108123
2.093489148580969,3.982118319748136,-1.9371543536170994,-0.516221125143062,0.09930355959583453,11.179770186523548,0.08944727694004229,4.0814021604368484,-2.343161382101078,-0.4267738482030268,1.280355435919111,0.6577584826672318,0.8427419354838711,1.8662350569637833,0.8972283927710496,0.45679043132376224
2.0834724540901504,3.9770195830461104,-1.9586233180123649,-0.5105626951356896,0.1001796996005675,11.652984652725863,0.08581492465675566,4.077186962697505,-2.354338432129895,-0.4247477704789162,1.2712992285491722,0.6813033846180029,0.8387096774193548,1.8596804852886364,0.8940771563887675,0.4502834891263113
2.0734557595993324,3.971993803562228,-1.9794361551977975,-0.505194369302643,0.10102272336191316,12.077916211971942,0.08279573913658833,4.073001923013791,-2.3674319199543126,-0.42239863016601475,1.2671013340768846,0.7176110541164273,0.8346774193548386,1.8532311284310619,0.8909765040533951,0.4433594729315542
2.0634390651085144,3.966933631402137,-2.0005446625928656,-0.49986387142385524,0.10183837884871282,12.469432837736562,0.08019610939911193,4.068756610945959,-2.382837307243625,-0.4196677620247442,1.26625367594099,0.749460005673174,0.8306451612903225,1.8468564588476502,0.8879117590613702,0.43631306870768405
2.0534223706176964,3.9619637208281633,-2.019181049674552,-0.49525028979505237,0.1026293232163194,12.859617895735909,0.07776280820377934,4.064566634414587,-2.3952814014647057,-0.41748748159130855,1.264825991170067,0.7877803875426278,0.8266129032258065,1.840550817124101,0.8848802005404331,0.4289051067107204
2.0434056761268784,3.9570241768793615,-2.0377125355748356,-0.4907463553086018,0.10339623143376349,13.252321345657599,0.07545847809732376,4.060379479767079,-2.407968194773877,-0.41528787721131266,1.2627436754843284,0.7702994199507935,0.8225806451612904,1.8343073741296616,0.8818785452546449,0.421273672668508
2.0333889816360604,3.952079358240342,-2.0556368227710915,-0.48646725380797307,0.10414101226000534,13.619973032606758,0.07342158443382818,4.056196603620781,-2.4210397884458175,-0.413045669374128,1.2606713849931739,0.7573578280932755,0.8185483870967742,1.8281362225437667,0.878911645453734,0.41429021399532107
2.0233722871452424,3.9472421958013095,-2.0725621134564394,-0.48249458653486954,0.1048671145943744,13.96053540196235,0.07163049060850746,4.052097208505879,-2.4338948326582552,-0.41086409592637096,1.2599615471885888,0.7949543522218067,0.8145161290322581,1.8220213349472767,0.8759717956477292,0.4070698018374637
2.0133555926544244,3.9424975633085606,-2.089383318125039,-0.47861011970621803,0.105576013741311,14.2933809502412,0.06996245349377084,4.048062540948778,-2.447095830176993,-0.4086476662124312,1.2598280318907005,0.8395481333601769,0.810483870967742,1.815957424794379,0.8730564542280668,0.39949316560539394
2.0033388981636064,3.9376597733096794,-2.105921044764192,-0.47485161064619774,0.10626869963932473,14.639280960021043,0.06830936592657366,4.043910151286595,-2.4597689735534063,-0.40654224471958855,1.2584299039223819,0.8569893741872215,0.8064516129032259,1.8099418702215746,0.8701643606834493,0.3915714363762432
1.9933222036727885,3.932887024794411,-2.121430398120466,-0.4713800654907061,0.10694448184000696,15.014747177042821,0.06660118803258808,4.039814327197793,-2.47048464158906,-0.404778877458142,1.2538530018082952,0.8183348807345203,0.8024193548387097,1.8039859956224462,0.8673009594338683,0.3838132593652671
1.9833055091819705,3.928133809719274,-2.1371823004504584,-0.4679058027896019,0.10760294714582064,15.389981626020331,0.06497733553555829,4.035748306675758,-2.4818301045221993,-0.4029284672540143,1.2490287598433252,0.8161363634621852,0.7983870967741936,1.7981009469425095,0.8644716091069757,0.37666463677184225
1.973288814691152,3.923523768088655,-2.153679950399319,-0.46432154406906534,0.10824619807778109,15.757164159746726,0.0634631961602965,4.03179584533745,-2.494646812812338,-0.40085834790883723,1.2451793990497766,0.8904595811611025,0.7943548387096774,1.7922777646744772,0.8616720022473447,0.3690708489052137
1.963272120200334,3.9188668584299085,-2.169730452218807,-0.46088674239575766,0.10887433004051777,16.13743121655723,0.061967731207057675,4.027758434658547,-2.5067744879348024,-0.39891901118869555,1.2401563541278617,0.9612250692165034,0.7903225806451613,1.7865181441303544,0.8589029539088242,0.3606430730678899
1.953255425709516,3.914266069595853,-2.185110759499706,-0.45764270559399733,0.10948762174136153,16.55243901066292,0.06041405736978156,4.023760716067198,-2.517441791951676,-0.39722864822417137,1.2314191303682371,0.9511773995456204,0.7862903225806451,1.7808269389566145,0.8561667975752953,0.3519960737596419
1.943238731218698,3.9096997111137353,-2.1984114422693644,-0.4548739061181948,0.1100846283517655,17.018571074164022,0.05875933976138015,4.019802229965076,-2.52452215831696,-0.39611456635685727,1.2177746935876101,0.9269552762665403,0.782258064516129,1.7752274518609483,0.8534747364716098,0.34384670007184587
1.93322203672788,3.9051777777341856,-2.2108732477045767,-0.45230996441711113,0.11066477045110537,17.456046841472002,0.05728673903556469,4.015877588081233,-2.531496721576579,-0.39502322538155,1.2061988904370589,0.9616614327046521,0.7782258064516129,1.7697284909163087,0.8508310052482253,0.33575170985001157
1.923205342237062,3.9006730656697624,-2.2220679373769734,-0.450031244850436,0.11123227587835442,17.782628289126095,0.05623465686517726,4.01194184805855,-2.5393820833142726,-0.39379658798523565,1.2007156780764277,1.0333363607213335,0.7741935483870969,1.7642972776621828,0.8482198450298956,0.32704045837614876
1.913188647746244,3.8961938500086046,-2.2321081083345478,-0.44800697433339565,0.1117913412063343,17.96461387135035,0.055664987133109634,4.00801092154096,-2.548796796223487,-0.39234198720026825,1.2050247160096557,1.066217667802643,0.7701612903225807,1.7589031601657197,0.8456265193104421,0.3178028781079339
1.903171953255426,3.8916897104194392,-2.239471840352565,-0.446533857662871,0.11234743421824978,17.96967904708484,0.055649296650194024,4.0040540560391475,-2.5583000705099543,-0.3908845610126832,1.219468499650671,1.038496692174638,0.7661290322580646,1.753481795064572,0.8430200937810443,0.30863752930610766
1.893155258764608,3.887215855475284,-2.241341793994546,-0.4461613140304621,0.11290618521268209,17.814328767091766,0.056134587672328706,4.000139028884959,-2.5639268604422374,-0.39002672635814406,1.2401071814952913,1.0104429213330617,0.7620967741935485,1.7479933540456636,0.8403814202142613,0.29991631973151883
1.8831385642737901,3.882751282009754,-2.2392623831163734,-0.44657562576847454,0.11347200024841328,17.511595726358827,0.057105018618878844,3.9962355405755634,-2.567587852954144,-0.3894706071496046,1.2710172160623023,1.0217310367528265,0.7580645161290324,1.7423954155607468,0.8376901036349744,0.29126869779442716
1.8731218697829721,3.8782777167583005,-2.2373381567648245,-0.4469597038679183,0.11405019226347765,17.10978353151649,0.0584460930296391,3.992317555771934,-2.57391239869922,-0.38851361083825964,1.310544389648236,1.0421499751035745,0.7540322580645162,1.736616875321529,0.8349119592891966,0.2823285624188065
1.8631051752921537,3.873868674040718,-2.234552542945233,-0.44751688795912514,0.11464287356453293,16.67922404261877,0.059954827481470296,3.9884657223493405,-2.5802319214826026,-0.38756206047764863,1.3518111983333323,1.0126790967472532,0.75,1.7306549158583016,0.8320456326241834,0.2733229630477474
1.8530884808013357,3.869352563658434,-2.2306883304562293,-0.4482921196774612,0.11525129064374086,16.220486751488078,0.06165043104568113,3.9845237803340523,-2.5863739720841945,-0.38664168863181203,1.398660590572016,0.8774714050466952,0.7459677419354839,1.7244913079317645,0.829082359582579,0.26483690944389093
1.8430717863105177,3.864873382184436,-2.226855385735837,-0.44906373642649555,0.11587794063055659,15.707299622874615,0.063664667002576,3.9806605552839103,-2.5947130632534927,-0.38539906942392577,1.453124061223295,0.7203635383346417,0.7419354838709677,1.7180846490436723,0.8260022351171501,0.25787077389244184
1.8330550918196997,3.8604243283932274,-2.2204744907404113,-0.4503541941914193,0.11652670968218978,15.153853254426076,0.06598981679513916,3.976879481325541,-2.601697916893382,-0.38436437739630946,1.5117994930520962,0.5885371009074203,0.7379032258064516,1.7114081544934805,0.8227923819680194,0.2521351067005767
1.8230383973288817,3.8558189711286115,-2.2139962887673534,-0.4516719404966807,0.11719994029924051,14.614312222635148,0.06842607334275819,3.9729879751221446,-2.609291020999708,-0.3832458671539314,1.5737815611417203,0.4989085939916087,0.7338709677419355,1.7044329167480965,0.8194389022827386,0.24744753161225513
1.8130217028380637,3.851286686003906,-2.2082114160643913,-0.45285518982700523,0.11789751582595122,14.124332363537437,0.07079980662176588,3.9691983777501236,-2.617421567550349,-0.3820553832051985,1.6356864132197706,0.46678535781807706,0.7298387096774194,1.697155752600869,0.8159402656734946,0.2433680889798483
1.8030050083472458,3.8467190074696047,-2.202408291405346,-0.45404841777175875,0.11861830036511894,13.684617612880738,0.07307474920298418,3.965376203252742,-2.62485332321461,-0.380973668568771,1.695372960937195,0.4818320259089206,0.7258064516129032,1.6895825922837144,0.8122993232133242,0.23930362637449212
1.7929883138564278,3.842124492422589,-2.196740204102566,-0.45521996553458166,0.11936145070147008,13.284740450741248,0.07527433476836976,3.961514906558555,-2.631955519486808,-0.37994563076620125,1.7525431384206984,0.48926042860093344,0.7217741935483871,1.68172465763275,0.8085214700157451,0.23491574167566218
1.7829716193656098,3.8375839432740855,-2.1920419960261484,-0.4561956394142328,0.12012630039386758,12.92934407600496,0.07734344403873195,3.957717734334643,-2.639551815210503,-0.3788521953755435,1.8068239484866557,0.44070221742308635,0.7177419354838711,1.6735913188564968,0.8046112109887004,0.23071454314483417
1.7729549248747918,3.8330576048179297,-2.18988897724767,-0.4566441542880568,0.1209109020010774,12.635510759795324,0.0791420322462848,3.9539561121761415,-2.648991731732038,-0.3775021220417898,1.8564747622070132,0.3601441581506014,0.713709677419355,1.6652044956727703,0.8005790844580626,0.22708598223140705
1.7629382303839738,3.8284854638970303,-2.189902074234855,-0.4566414232697582,0.12171178351065458,12.41132872571976,0.08057155056474485,3.950177783770837,-2.6590803267678496,-0.3760698727050169,1.8985912688195674,0.2886758160034438,0.7096774193548389,1.6566026531987281,0.7964435832686193,0.22420774724325948
1.7529215358931554,3.823958256448152,-2.188676641050822,-0.4568970953698681,0.1225250232143945,12.249547748990388,0.08163566692349278,3.9464670225031466,-2.664808915054307,-0.3752614284464073,1.9299575636839001,0.23892437133851024,0.7056451612903225,1.6478327482377813,0.7922272828066256,0.22188866114707187
1.7429048414023374,3.8193096464857934,-2.1884817267611307,-0.456937788317731,0.12334722258090824,12.127335490559643,0.08245834386114215,3.9426490651149084,-2.670373540665468,-0.37447944445659687,1.9552910930239054,0.2070141410665176,0.7016129032258064,1.6389357140172371,0.787949862508287,0.21993838950475464
1.7328881469115194,3.8147116885848633,-2.1943813685977553,-0.4557093011772224,0.12417694329174626,12.016655407193845,0.08321783109477732,3.9388907118885474,-2.684625233911126,-0.3724914700824513,1.9832880498326588,0.18574695115369222,0.6975806451612904,1.6299326070386408,0.7836214456916543,0.2182164037469635
1.7228714524207014,3.8101774888807163,-2.200057667819146,-0.4545335400190993,0.125014357761438,11.900949210099071,0.08402691099222626,3.9352027485128085,-2.699007039702644,-0.37050662902686327,2.011058133314314,0.17018470861416918,0.6935483870967742,1.620827913432277,0.7792441891501332,0.21666110052306253
1.7128547579298834,3.805611242273101,-2.2050342658339144,-0.4535076916919536,0.12586028708457883,11.778873574281336,0.08489776154686446,3.931487747644999,-2.7128949011395402,-0.3686099301450838,2.0382971210398333,0.15804998791013491,0.6895161290322581,1.6116189317856635,0.7748167941277229,0.2152266225211358
1.7028380634390654,3.801081863132696,-2.2109174795816613,-0.45230091545036544,0.1267151476421765,11.664959651917217,0.08572682888239935,3.927814362003929,-2.7279615134897734,-0.3665740865679368,2.064025642241068,0.1493620180963405,0.685483870967742,1.6023078918478018,0.7703403326191355,0.21389274990167723
1.6928213689482474,3.7965399118583423,-2.215702248244781,-0.4513241798586307,0.12757768599374208,11.580778120051779,0.08634998353595336,3.9241318816799216,-2.7399197260396213,-0.36497419632269157,2.0822179157405047,0.14263122191094021,0.6814516129032259,1.5929157005028083,0.7658248560109655,0.21262109440120647
1.6828046744574294,3.7920516251714296,-2.2233947377506538,-0.4497626908174084,0.12844503045091013,11.528069095607066,0.08674479582890982,3.92050692238955,-2.7546851375786714,-0.36301789498853054,2.0958629340629753,0.13751133083545009,0.6774193548387097,1.583481108731292,0.761288994582352,0.21140994290724796
1.6727879799666114,3.7875751274451397,-2.2346535801010012,-0.447496654024917,0.12931547823071524,11.491805198510386,0.08701853039848118,3.916897174938725,-2.7740934455050077,-0.3604781236264216,2.1081627834793144,0.13418665659902007,0.6733870967741936,1.5740313167518682,0.756745825361475,0.21023729884671985
1.6627712854757934,3.7830362034898397,-2.2473822823104843,-0.4449621267690702,0.1301883065189932,11.458031726019685,0.08727502453402458,3.913228781478865,-2.7957396108255232,-0.3576871022350758,2.119798311775173,0.13214348410254864,0.6693548387096775,1.564581694844207,0.7522027379058688,0.20909588212777566
1.6527545909849755,3.7785990391576245,-2.26238307938286,-0.4420117923940552,0.13106389274558716,11.41854905655538,0.08757680113708499,3.9096660092005937,-2.8213918621678036,-0.3544349912569942,2.13303970814132,0.13159505792767554,0.6653225806451614,1.555135240710232,0.7476611734183807,0.20797186001587228
1.6427378964941575,3.774259187797289,-2.2773323770556813,-0.43911025464490194,0.13194276664193982,11.37302019788365,0.08792739154601037,3.9062046185239514,-2.847519355517026,-0.3511828630988987,2.145713023491294,0.13222256113621894,0.6612903225806454,1.5456936757250004,0.7431219594831733,0.20685498099489963
1.632721202003339,3.7698943609248925,-2.2864730286589965,-0.4373548200507287,0.132825376382569,11.321710532628241,0.08832587594587249,3.902722446660643,-2.86509189822266,-0.34902894410484464,2.152376315730555,0.1336055687701399,0.657258064516129,1.5362597251631465,0.7385864063284358,0.2057350188213201
1.622704507512521,3.765454840927596,-2.298736923555502,-0.43502150670346396,0.13371223327190726,11.264480500960751,0.08877462213323639,3.8991701203796283,-2.8881126287714984,-0.34624688457020625,2.161466489977191,0.13608541382648318,0.6532258064516129,1.5268352162462075,0.7340553924260613,0.204603660227902
1.612687813021703,3.7611249298782825,-2.315950562554877,-0.43178814615836814,0.13460383291946187,11.20276594970745,0.08926366974810485,3.895732319351428,-2.9194993901754303,-0.34252447641028994,2.174423114449438,0.13970427962995066,0.6491935483870968,1.5174227248530083,0.7295301561793309,0.20345384161014912
1.602671118530885,3.7567517665885264,-2.332039367983933,-0.428809227549408,0.13550048708989934,11.136647698287923,0.08979362794728019,3.8922566887505647,-2.9497167716579216,-0.3390155996021065,2.1855113960999923,0.14469720681266451,0.6451612903225806,1.5080261453447348,0.7250125698772764,0.2022789767676901
1.592654424040067,3.7525290253083403,-2.3493987174057924,-0.4256408214541807,0.13640270359620205,11.064587860663133,0.09037842281999531,3.8889367574172384,-2.9827383090794255,-0.3352623986341712,2.197310266524604,0.15117623197761404,0.6411290322580646,1.4986481802514195,0.7205039328131825,0.20106160296398193
1.582637729549249,3.748308521525999,-2.3680319968094996,-0.42229159122314286,0.13731107318979907,10.985482205921505,0.09102923123947804,3.885624684932282,-3.0187552852343846,-0.3312623599836968,2.2100774756919868,0.15802138568093405,0.6370967741935485,1.4892897288527975,0.7160046773330757,0.1997978807149484
1.572621035058431,3.744104150085059,-2.387475092612674,-0.418852537182147,0.1382263275943218,10.898180250774972,0.09175843828871244,3.882335343031224,-3.0572242158540996,-0.3270940988934399,2.223175021529844,0.16529120125017516,0.6330645161290324,1.4799511942583305,0.711514997239582,0.1984887699737513
1.562604340567613,3.7399117430817608,-2.402495130464025,-0.416233934179445,0.13914930567638428,10.801909615647036,0.09257622361063422,3.8790653305701888,-3.08968384606847,-0.3236577105688241,2.231884671078769,0.17244512713970475,0.6290322580645162,1.4706351193883824,0.7070361150905684,0.19712823631394433
1.5525876460767951,3.735750638398773,-2.416249588628531,-0.41386452985082656,0.14008094309236455,10.695646135715583,0.09349598774222123,3.8758352276525683,-3.1214050962000575,-0.32036854210861065,2.240157765509696,0.17710809330693172,0.6250000000000001,1.4613404954765035,0.7025675459021651,0.19572176747583045
1.5425709515859771,3.7315618946697424,-2.437065369797329,-0.41032957605202114,0.14102234716704648,10.578230691850797,0.0945337674258111,3.8725880660919545,-3.16660314255044,-0.3157958086262056,2.256164899420683,0.1802185937787333,0.620967741935484,1.4520618138471646,0.6981066412726753,0.19430417957890497
1.5325542570951591,3.72740681990924,-2.460323452175632,-0.40645062303320856,0.14197477482710533,10.449645626086832,0.09569702512241829,3.8693860876614807,-3.2179836588315998,-0.31075359791077517,2.2751980904215547,0.18582434975964518,0.6169354838709679,1.4427942590945422,0.6936510861031453,0.1928725473289574
1.5225375626043407,3.7235346764119983,-2.478731847226891,-0.40343210223355186,0.1429394828957093,10.309990273880556,0.09699330197560041,3.8664775775888236,-3.2632943320435643,-0.30643880025795056,2.29078850825205,0.19314486519650126,0.6129032258064516,1.4335358971111032,0.6891999505341841,0.1913923335337544
1.5125208681135227,3.71945687902693,-2.4970076259295215,-0.4004793536134059,0.14391787937419587,10.159695141118304,0.09842815026533636,3.8633752001117116,-3.310696957719587,-0.30205120334807134,2.3072151659643283,0.19592655035509404,0.6088709677419355,1.424279862428314,0.6847499338597663,0.18986910293811432
1.5025041736227047,3.715461644187346,-2.5143651059151413,-0.39771471440144524,0.14491133231671768,9.999705514851467,0.10000294493820938,3.8603715968743666,-3.358953533490017,-0.29771176946320566,2.3238546832354445,0.19443124687430344,0.6048387096774194,1.4150252172075224,0.6803005851959242,0.1883692721241283
1.4924874791318867,3.7115148997509437,-2.5325048637705967,-0.3948659741214158,0.14592127726945214,9.831213837120787,0.10171683950400823,3.8574335871365797,-3.4112329934216317,-0.29314913461743686,2.3420881298818568,0.19339780718831898,0.6008064516129032,1.4057643436539116,0.6758482421413036,0.18688980183109813
1.4824707846410687,3.7075390239819215,-2.556516044611583,-0.39115733386759644,0.14694906532848412,9.655919136010969,0.10356341907116651,3.854484500121718,-3.4771250313400595,-0.28759391479650276,2.365232004885939,0.1926070611621392,0.5967741935483871,1.3964980668285543,0.6713933013598818,0.18542717128539288
1.4724540901502507,3.703601483786342,-2.5790931398911807,-0.38773318595318074,0.14799600352797299,9.47523940051421,0.10553823051117117,3.8515933290449347,-3.5436494548025386,-0.28219495544198026,2.387152103507946,0.19191969966207667,0.592741935483871,1.3872298773958487,0.6669374410556964,0.18398714807041094
1.4624373956594328,3.6996723168748757,-2.597021957687218,-0.3850564285912128,0.14906335375274798,9.290689608134162,0.10763463662853212,3.848731181985107,-3.604619496275109,-0.27742179196260963,2.4051772490318193,0.19160635020385086,0.5887096774193549,1.3779555473894738,0.6624786285526316,0.18256031512352128
1.4524207011686148,3.6959249873032802,-2.613738640745159,-0.3825937239520272,0.15015229007144942,9.103302833213471,0.10985023988782316,3.8460734386688467,-3.6664487272023485,-0.2727434840642218,2.421747189835996,0.19146721486530024,0.5846774193548389,1.3686763448712302,0.6580174734957838,0.18114472322413191
1.4424040066777968,3.692133927434519,-2.630909587362543,-0.3800966801761092,0.15126402633814676,8.913931711176724,0.11218394221554906,3.8433949592583403,-3.7325586219312776,-0.2679127379605859,2.4367095666476626,0.19221035707894446,0.5806451612903227,1.3593936797918718,0.6535546537460921,0.17973814989056575
1.4323873121869788,3.6883003978143267,-2.645982026161063,-0.377931516583601,0.1523997146233469,8.72396573668496,0.11462676839673058,3.8406972235413357,-3.797880618888054,-0.26330474818684024,2.4504851383265476,0.19392720041797748,0.5766129032258066,1.3501217687490712,0.6490970042062842,0.17833007848553806
1.4223706176961608,3.6845149204287324,-2.6650642519089005,-0.37522547506452497,0.15356038897714636,8.535462065208847,0.11715827360724518,3.838072661657504,-3.8749596785373908,-0.258067201457294,2.468987669908927,0.19682887194980753,0.5725806451612905,1.3408403858760083,0.644634800901927,0.1769144708277443
1.4123539232053428,3.680825343650562,-2.6860208242798396,-0.37229793267448485,0.15474679189093776,8.350577648332484,0.11975219465202969,3.835568701877022,-3.959678780684646,-0.2525457380224907,2.486652040286884,0.20086618763118252,0.5685483870967744,1.3315623236004046,0.640174194038656,0.17548447628739333
1.4023372287145248,3.6770657124409922,-2.706222717953032,-0.36951873671225144,0.15595943127401507,8.169715497829309,0.12240328323130711,3.833021216084459,-4.04669147928101,-0.24711545348094432,2.5015859082179124,0.20543778591832187,0.5645161290322582,1.3222940214796606,0.6357182795575291,0.1740329717659421
1.3923205342237068,3.6734566751149953,-2.7265012981279866,-0.36677041037413005,0.1571989444765399,7.992596475073137,0.12511578723118877,3.8306510551687416,-4.138137259672687,-0.24165462314294928,2.5162371782709765,0.21113339450653723,0.5604838709677421,1.313043918256227,0.631271114546263,0.17255934778162607
1.3823038397328888,3.669758067591894,-2.7449215611713695,-0.3643091351482042,0.15846592450736108,7.819230355313169,0.12788982477290745,3.828219112925928,-4.229772933575688,-0.23641931037528252,2.527119052157663,0.2182252180228767,0.556451612903226,1.3038056432143883,0.6268296361607636,0.17104845951566522
1.3722871452420708,3.666033388856747,-2.759268473501277,-0.3624148971379668,0.15976101108300883,7.649787322299324,0.13072258846791396,3.825789257610545,-4.316069038890324,-0.23169230867009105,2.5326983685773476,0.22597042494704653,0.55241935483871,1.2946002368333347,0.6224039600160263,0.16949502083260856
1.362270450751252,3.6623755970605205,-2.770065542082467,-0.36100228850477833,0.16108474097082526,7.484637369084266,0.13360700735222775,3.8234549775443853,-4.397628635614155,-0.22739528115255325,2.5350845019396493,0.23485273199091466,0.5483870967741934,1.2854172678697413,0.6179890710912218,0.16789163543795516
1.352253756260434,3.6588487075292475,-2.785262701673272,-0.35903256069858,0.1624376122319684,7.324114675304183,0.1365352734538483,3.821280875899053,-4.494436819358236,-0.22249728724472106,2.5419715291597043,0.24504265728426372,0.5443548387096774,1.276266279560519,0.6135895574810187,0.16622608697152316
1.342237061769616,3.6552898738803705,-2.804072059993786,-0.3566242159990054,0.16382000521364024,7.168892707511669,0.13949155619977205,3.8191027293181397,-4.6054794378918285,-0.21713265979920493,2.552771566065957,0.2557584028703631,0.5403225806451613,1.267133870482329,0.6091989761934273,0.1644996124491302
1.332220367278798,3.6517221950377103,-2.8201869085068014,-0.35458642722707623,0.16523210083697215,7.019973455020098,0.14245068110405512,3.816944045573975,-4.713962725641408,-0.21213574612301045,2.5607306393040674,0.2660446492001295,0.5362903225806451,1.2580283832739483,0.6048213381124751,0.1627094269756401
1.32220367278798,3.6481632990032566,-2.8356359023315227,-0.3526545841720292,0.16667377511889675,6.8783535341777515,0.1453836292407935,3.8148226158148875,-4.824602657577567,-0.20727095493126058,2.568565441495017,0.27530732192282953,0.532258064516129,1.2489435959807595,0.6004536519138267,0.16086327137862957
1.312186978297162,3.6447165348431714,-2.8525142333989857,-0.3505679264598882,0.16814462763311494,6.745256046664461,0.1482523410648735,3.8128416544208115,-4.9427729358932,-0.20231558539504135,2.5774872349558158,0.28309053775139875,0.5282258064516129,1.2398818975429136,0.5960970661264007,0.1589673911055548
1.302170283806344,3.6412156440495376,-2.8657361446333236,-0.3489504788752811,0.16964377193488753,6.622124341795258,0.15100894341239446,3.810835618971459,-5.051996781077247,-0.1979415354628884,2.582980555370144,0.28842563397733656,0.5241935483870968,1.230841808377411,0.5917508694122169,0.15703915277091943
1.292153589315526,3.6376604821016496,-2.880932350657959,-0.3471098513547588,0.17116984853620126,6.510612931420432,0.15359536967310206,3.808803892114,-5.167571911467262,-0.19351448168160346,2.589856131389113,0.2929532561677819,0.5201612903225806,1.221825181640968,0.5874159527120039,0.15508960657503684
1.282136894824708,3.6342176756328715,-2.8996665096883913,-0.3448672447879062,0.17272080772132695,6.4123675366573485,0.15594864054241064,3.8069117363497336,-5.293284925505375,-0.18891860424545825,2.6005830311826195,0.2978058571954163,0.5161290322580645,1.2128326038715254,0.5830925980151564,0.15312127615971385
1.27212020033389,3.6306930608390053,-2.9163393105976203,-0.34289562821655295,0.17429402831334473,6.3285090322178545,0.15801510196305202,3.804961209456173,-5.408898493876075,-0.1848805262535791,2.610018615461871,0.3021425071258442,0.5120967741935484,1.2038581911708857,0.5787779765244643,0.15113254469564164
1.262103505843072,3.6273395358977396,-2.9329849909376975,-0.34094957972502016,0.17588638572392565,6.2599234280219695,0.15974636295447198,3.8032029860601533,-5.518665826259311,-0.1812032167705695,2.619149243777085,0.30690890133846827,0.5080645161290324,1.1949035063699895,0.5744728396009565,0.14912970330551392
1.252086811352254,3.623934059606459,-2.9539542204014135,-0.33852928156215967,0.17749428934081327,6.207360059444257,0.16109908083687507,3.8014093926232926,-5.636019098847729,-0.1774302007252686,2.6319278090442735,0.31331613543703035,0.5040322580645162,1.185968491892635,0.5701771595637668,0.14710069756783564
1.242070116861436,3.6205960864471116,-2.9827600968298453,-0.33525994968982786,0.1791137462749148,6.1718384347912,0.16202627637867373,3.7996960798060795,-5.772549764061473,-0.17323367331118789,2.6511745831225264,0.32150113902283184,0.5000000000000001,1.1770541887666193,0.5658914369070285,0.1450427546724557
1.232053422370618,3.6172363143750794,-3.015373152525858,-0.33163391375370566,0.1807402247607533,6.154115749646852,0.1624928812977533,3.797968415064867,-5.912225942340923,-0.16914103245588308,2.6733660671609916,0.33208669095576443,0.495967741935484,1.1681623544774151,0.5616165165756803,0.14294703715475607
1.2220367278798,3.6139356993695033,-3.047553412965975,-0.32813206677377593,0.1823690293726995,6.154485299000736,0.16248312432598766,3.7963014729117357,-6.036863171133449,-0.16564894244774564,2.694806375442887,0.3450977157715827,0.49193548387096786,1.1592931930126114,0.5573524966406785,0.1407979589385785
1.2120200333889821,3.6105802192321663,-3.0844044207460293,-0.32421169976086617,0.18399531239332734,6.173702256412815,0.1619773611468336,3.794575355664533,-6.163923177688163,-0.16223433861404146,2.7193407944891397,0.3619825611225015,0.48790322580645173,1.1504479714296076,0.5530999862642344,0.13858169398317458
1.2020033388981641,3.6073635333622174,-3.130264491541988,-0.31946182269965107,0.18561398485477293,6.2117763019893895,0.1609845479592913,3.792977123482647,-6.310052981656206,-0.1584772747403349,2.750305919019659,0.3837107909412513,0.48387096774193566,1.141631205194173,0.5488611563433524,0.13627145297359233
1.1919866444073461,3.60421211603621,-3.179417177666228,-0.3145230537925272,0.18722037846262865,6.270481129412139,0.1594773956514164,3.7914278184448684,-6.449713019952066,-0.15504565814114812,2.781888633324287,0.4078588646700296,0.47983870967741954,1.1328466806546795,0.5446378272378267,0.1338524234253615
1.1819699499165282,3.6011175841899745,-3.2215328777275682,-0.3104112352581012,0.18880885755563603,6.315334737509888,0.1583447341374491,3.7899151819626344,-6.576070289183377,-0.1520665011207143,2.8200009415639142,0.4349129559043919,0.4758064516129034,1.1241030544836175,0.5404341608094314,0.13132271737072498
1.1719532554257102,3.5980515494166165,-3.2779117459237064,-0.3050722769591232,0.19039256011479788,6.424463651912799,0.15565501716275776,3.7884066961639804,-6.6926672418090005,-0.14941725979636544,2.8482500338033425,0.46546408545425694,0.4717741935483873,1.115309407375414,0.5362064458535644,0.12864078815286653
1.1619365609348922,3.59502124975673,-3.378357808438784,-0.29600180226680095,0.19192715506140076,6.703157322810822,0.14918342981403754,3.786904303635726,-6.811136666986781,-0.14681837245271367,2.844883908325379,0.4977494577952642,0.46774193548387116,1.1066961165344391,0.5320654406415573,0.1258445992945681
1.1519198664440742,3.592074854792293,-3.499279397798123,-0.28577312249751685,0.1933812097938771,7.068301650210645,0.14147670112101096,3.785450824651932,-6.930178797649591,-0.14429642137648102,2.8288611311608296,0.5359538099978869,0.4637096774193551,1.0984376694714224,0.5280950333997223,0.12295843622050302
1.1419031719532562,3.589254749631401,-3.6189573808052007,-0.27632267937278243,0.19476141284679666,7.430479674695371,0.13458081359209118,3.7840830125630434,-7.0550785718248195,-0.14174186578071613,2.819664234472143,0.5858207839087906,0.45967741935483897,1.09049889690511,0.5242783158197644,0.11993273264630615
1.1318864774624373,3.5863923008527547,-3.737553846860544,-0.26755467371793884,0.19607731958203262,7.770063246760558,0.12869908110682537,3.782626865042354,-7.201726492938568,-0.13885559261109393,2.822979019593974,0.652400433336357,0.4556451612903225,1.0828287907743344,0.520590764795353,0.11670164102747971
1.1218697829716193,3.5836372762443225,-3.844432151308069,-0.2601164386942685,0.19733969160018894,8.070678781729036,0.12390531540715877,3.781223130055212,-7.341544331091541,-0.13621112328709728,2.8350214675264387,0.7429804959277283,0.4516129032258064,1.0753682307784806,0.5170039571050388,0.11317276854111337
1.1118530884808013,3.5810046505484543,-3.930685937879965,-0.25440852202487463,0.1985595629624765,8.31856720925194,0.12021300962596015,3.779876747637091,-7.451814014667832,-0.13419551239894645,2.852282708390015,0.8722159192007342,0.44758064516129026,1.0680563088441124,0.5134886100212078,0.10918979698121001
1.1018363939899833,3.578519606518214,-3.999830279775944,-0.2500106079641,0.19974796558267893,8.50395349559526,0.11759236460053124,3.778603383869508,-7.551829525894386,-0.1324182433635599,2.8811494100925095,1.062076435468678,0.44354838709677413,1.0608316616166393,0.5100152219310766,0.10449515580609844
1.0918196994991654,3.576037749385251,-4.054706977301468,-0.2466269463115509,0.20091533654378932,8.621396862518775,0.11599048459855332,3.7772387506510716,-7.654830717913022,-0.1306364617129816,2.9248375976559977,1.3445774891424311,0.43951612903225806,1.0536261637437194,0.5065510402614035,0.09872364546854298
1.0818030050083474,3.5736768360697906,-4.089076643966177,-0.24455398787293348,0.2020716480788102,8.668868350022597,0.11535531047687364,3.7758990703522572,-7.740017314066431,-0.1291986773960616,2.977855452419534,1.897852993533946,0.43548387096774194,1.0463800349602113,0.5030673245001015,0.0912913215835039
1.0717863105175294,3.5718320990047836,-4.107494329761332,-0.24345742677095927,0.2032262943496699,8.649530299578203,0.11561321428618676,3.774629509778403,-7.822020102152638,-0.1278442124848027,3.0441088917998025,0.5413539534569136,0.4314516129032258,1.0390349767745195,0.49953604652621125,0.07158714977650178
1.0617696160267114,3.5695913115394005,-4.1161454384091485,-0.24294574012586168,0.20438777257202265,8.570767767830285,0.11667566163132115,3.773339663662657,-7.919532575908096,-0.1262700784945423,3.127179831925481,0.3672891680891323,0.4274193548387097,1.0315291242561304,0.4959274635846781,0.06928609209857986
1.0517529215358934,3.566987980054316,-4.1144697353095445,-0.24304468481520303,0.2055637032638199,8.443758287189334,0.11843067577114041,3.7721102754592675,-8.024779939838359,-0.1246140090441088,3.2244526135336513,0.2751805895425201,0.4233870967741936,1.023808575721992,0.49221566140480383,0.06780809708845215
1.0417362270450754,3.564429068811617,-4.1016355827238336,-0.24380517962444515,0.2067603403671039,8.282015203541679,0.12074356004229081,3.770944596787657,-8.126010395406837,-0.12306161958213124,3.331251519030572,0.22860478330074108,0.4193548387096775,1.0158207073248602,0.4883753400600289,0.06663811684726527
1.0317195325542574,3.561818831753094,-4.080143647507224,-0.24508941017577968,0.20798260596917464,8.09992084314904,0.1234579966106466,3.7697242701056357,-8.22156029178293,-0.12163141356506912,3.447350612396367,0.20024845606839894,0.41532258064516137,1.007527757736536,0.4843883450656423,0.06563478174657193
1.0217028380634394,3.5591805946735966,-4.051484181780055,-0.24682312829878583,0.20923362243609847,7.913313546432879,0.12636931345286762,3.768461973274866,-8.301937147268603,-0.12045381484597328,3.567429896834286,0.18078647735371545,0.41129032258064524,0.9988818602970367,0.48023166360434455,0.0647353499409506
1.0116861435726214,3.556604151454075,-4.021203122894899,-0.2486817923487763,0.2105142115809182,7.7384458064766735,0.12922491479659293,3.7672441083594057,-8.371221653292423,-0.11945687755223844,3.6879520586303443,0.16451616941511812,0.40725806451612917,0.989875971027561,0.47590190914786584,0.06390894548870486
1.0016694490818034,3.554049030057968,-3.9977461621868784,-0.2501409442797069,0.2118224354203374,7.59175475968456,0.13172185241156953,3.7660271463430357,-8.444584266140083,-0.1184190918681054,3.808326140596899,0.15130431568911495,0.40322580645161304,0.9804962330558384,0.47139241973838386,0.06315249902321293
0.9916527545909855,3.5514981265862264,-3.986263708156282,-0.2508614766137782,0.21315304668766083,7.492474470856779,0.13346725489551758,3.764795817825076,-8.518306824333932,-0.11739422171825709,3.9195846913789016,0.14205615815578873,0.3991935483870969,0.9707815283163207,0.4667218886136157,0.062447065452500124
0.9816360601001675,3.5490379338946187,-3.9883671947316155,-0.2507291709050605,0.21449623685397046,7.460805621284928,0.13403378277904743,3.7636355317194172,-8.569318942752302,-0.11669538812600422,4.012047786671816,0.13445673578262315,0.3951612903225808,0.9607905720090654,0.46191854423512757,0.0617776458266089
0.9716193656093495,3.546660230193519,-4.041816500331591,-0.2474135082376847,0.2158381975947536,7.6078050653056275,0.13144395675440812,3.7625377136405347,-8.62295307009606,-0.11596955148323218,4.0587079186545605,0.12395410722207251,0.39112903225806467,0.9506257783105925,0.4570316241877848,0.06114615726209643
0.9616026711185315,3.544293095261197,-4.13396225474096,-0.24189867695409362,0.21712950476891685,7.8896108757313375,0.12674896338373642,3.7614327775507634,-8.68434639560537,-0.11514971357038917,4.0724922914677135,0.11666502302156903,0.3870967741935486,0.9406741390149587,0.4522471822187301,0.0605887357270051
0.9515859766277135,3.5418607773490947,-4.196342012940853,-0.23830278774136104,0.21837740888123913,8.091479166487986,0.12358679784304982,3.760243569898103,-8.717180585606734,-0.11471598989828635,4.096348087625602,0.10962908806543671,0.3830645161290325,0.9308908820635022,0.4475436932997607,0.06005814861724693
0.9415692821368955,3.539467753421276,-4.238094387576529,-0.23595510353223403,0.21960536716310147,8.216690157641887,0.1217035060120839,3.759077112796875,-8.752612844855342,-0.1142515975201377,4.138006742858324,0.10485290926203657,0.37903225806451635,0.921118208220678,0.4428452924137875,0.05957774301897376
0.9315525876460775,3.537164188700795,-4.284919533167409,-0.23337661121976794,0.22081554255760807,8.33339620941819,0.1199990945912095,3.757982238948391,-8.820090876360721,-0.11337751662856022,4.189485115203196,0.10055478324315362,0.3750000000000002,0.9113304217988988,0.43813962586485516,0.05910495825928531
0.9215358931552595,3.534792317372435,-4.327043603895954,-0.2311046736620881,0.2220093557024913,8.444847389845137,0.1184154021779591,3.756803037336979,-8.873959222820375,-0.11268927148418584,4.234062463010023,0.09641097963653415,0.37096774193548415,0.90153085797042,0.43342829710116343,0.05867080610450044
0.9115191986644406,3.532458485322799,-4.353214593006541,-0.2297153008736359,0.22318780437085614,8.55210204264539,0.11693031666524334,3.755646864810129,-8.866428514562557,-0.11278498420841743,4.263019515131505,0.09326287987212069,0.36693548387096764,0.8917274852010499,0.4287151371158894,0.05824642254753187
0.9015025041736227,3.530173995912166,-4.382502943371034,-0.22818010915716513,0.22435186621999206,8.655451096286566,0.11553412859429457,3.7545253559950824,-8.877369569722212,-0.11264598056283148,4.295010418467168,0.08930127531081096,0.36290322580645157,0.8819124857629133,0.42399638738601597,0.0578443196133032
0.8914858096828047,3.527954193707583,-4.41511341441186,-0.22649474795727542,0.22550234450964,8.754740393763646,0.11422383246364909,3.7534559488504917,-8.907026326479064,-0.11227091549366719,4.328837194904976,0.08730286792401754,0.35887096774193544,0.872094009415616,0.41927596606519996,0.05746069938412554
0.8814691151919867,3.5256697199095117,-4.4361028125629085,-0.22542308919622656,0.22664015668670956,8.849449919709716,0.11300137399193311,3.75230884361439,-8.89507866147061,-0.1124217152043343,4.35201697887614,0.08398743438238694,0.3548387096774193,0.862270542696675,0.4145531455272476,0.057082477165610546
0.8714524207011687,3.5234315385238637,-4.465755049615007,-0.22392629888784654,0.2277661449902797,8.939685023050302,0.11186076438057668,3.7511969030860977,-8.923350112922426,-0.1120655345072521,4.383424065746341,0.08106697868198057,0.3508064516129032,0.8524403178571459,0.4098270758928586,0.0567296478057838
0.8614357262103507,3.5211676834431818,-4.510503113819774,-0.2217047577100857,0.2288811068913288,9.024820925595852,0.11080552270725263,3.750048354947806,-9.017194753190482,-0.11089923500279042,4.429841741108735,0.08066734091406724,0.3467741935483871,0.8426064562464711,0.4050992578108034,0.05638306353797505
0.8514190317195327,3.5188895897452093,-4.5420871288433435,-0.22016310379643755,0.22998595512798758,9.10484169137113,0.10983167350924106,3.7488750416427195,-9.063600439121485,-0.1103314302872036,4.463827740476612,0.07786668899995342,0.342741935483871,0.8327650992264054,0.40036783616654104,0.056040635393092966
0.8414023372287147,3.5167193106109504,-4.548094919471808,-0.2198722800877988,0.23108140752924347,9.17967046356199,0.10893637238607035,3.747800611016412,-9.01421388905857,-0.11093590770170181,4.472033792238645,0.07514975283934673,0.33870967741935487,0.8229182189788676,0.3956337591244556,0.05572109235475048
0.8313856427378967,3.51457386476422,-4.562904743912059,-0.21915864041085342,0.23216831985024608,9.24911781951389,0.10811841945511702,3.746741922969004,-9.00574576845054,-0.11104022095574351,4.488975729859149,0.07483070552117846,0.33467741935483875,0.8130667432234546,0.39089747270358394,0.05540404045448818
0.8213689482470787,3.5123451164687527,-4.584123424193004,-0.21814421372741322,0.2332473858822675,9.313462491013128,0.10737145298699957,3.745591809841726,-9.02749009156795,-0.11077276074044562,4.512562625471746,0.0725569182870102,0.3306451612903227,0.8032093700203814,0.3861583509713372,0.05508927731366253
0.8113522537562607,3.510130259138114,-4.589896620431243,-0.2178698307819502,0.2343193339334581,9.372471502337712,0.10669544311237189,3.7444490191926967,-8.994877515963752,-0.11117438766956411,4.519810096563969,0.07009830732292018,0.32661290322580655,0.7933460697230407,0.3814163796745388,0.054793164920743036
0.8013355592654428,3.5080827078457553,-4.592691433367139,-0.21773724939035333,0.23538485719670568,9.426198281040296,0.10608730796713495,3.743467010387651,-8.956565379731135,-0.11164994142319529,4.523117671432975,0.06950465460029079,0.3225806451612904,0.7834818853958271,0.3766739833633784,0.054500852023953036
0.7913188647746248,3.5058364311451173,-4.599454567329799,-0.21741708399579807,0.23644462223997834,9.47417301760665,0.105550109560129,3.7422804073560116,-8.93918875561142,-0.11186697443571347,4.530783106164668,0.06845555684417298,0.3185483870967743,0.7736161607445055,0.37193084651178143,0.05421011882234125
0.7813021702838068,3.5036457246765047,-4.5946926483965065,-0.2176424140903066,0.23749938359857803,9.51628392378594,0.10508303535380037,3.741144568118962,-8.884199710631655,-0.11255937873653465,4.527435290779369,0.06639004791792362,0.3145161290322582,0.7637475955800186,0.3671863440288551,0.05392725686590086
0.7712854757929888,3.5015306964181936,-4.581527091463528,-0.21826783516422665,0.238549791562592,9.552632195173109,0.10468318883933314,3.740080313691986,-8.804006812153071,-0.11358464632485266,4.515584868952116,0.06508261562605062,0.3104838709677421,0.7538760326838365,0.36244040032876756,0.053653139585537225
0.7612687813021708,3.4993229099343663,-4.566982728938875,-0.21896294760728097,0.23959654264043442,9.58294014009535,0.10435210753492719,3.7389194179962866,-8.72517817135386,-0.11461084007237332,4.502358699549025,0.0646107433558,0.306451612903226,0.7440025514496948,0.3576935343508148,0.053379976615999795
0.7512520868113528,3.4970198148208964,-4.545587558673116,-0.21999356234860556,0.2406403179238927,9.60735581526078,0.10408691207330456,3.7376599836113407,-8.627632647694336,-0.11590665027529212,4.482664251629103,0.06282067288255289,0.30241935483870985,0.7341261342104719,0.35294525683195765,0.0531080901307194
0.7412353923205348,3.4948169804126565,-4.530020034248468,-0.2207495755956188,0.2416817562378963,9.62573209582256,0.10388820196169668,3.7364987403535146,-8.557147403836021,-0.11686137363389548,4.468437461851405,0.06094233460128789,0.2983870967741937,0.7242464934457788,0.34819542954123983,0.05284705205014573
0.7312186978297168,3.492722153196379,-4.517043009753648,-0.2213837676198125,0.24272155068439413,9.63810533884291,0.10375483197614166,3.735443868215411,-8.501309601483332,-0.11762893564369392,4.4562939121531775,0.060307886821557,0.29435483870967766,0.7143650890402573,0.3434447543462775,0.05258974203009191
0.7212020033388988,3.4904585200904013,-4.493228009870909,-0.22255714550945527,0.24376031714559862,9.644664084702205,0.10368427466397101,3.7342190508460686,-8.412348359112864,-0.11887287084547893,4.433344489790448,0.05994918900227075,0.29032258064516153,0.7044825348444329,0.3386935263675158,0.05233268639773688
0.7111853088480808,3.488194908040118,-4.466561228737524,-0.2238858819545726,0.24479869809001625,9.644902530275692,0.10368171133518089,3.7329937495932395,-8.319178900758594,-0.12020417061938815,4.407664666740329,0.058526822316254244,0.2862903225806454,0.6945987038285346,0.3339416845329493,0.05207572616628775
0.7011686143572629,3.4859531868154434,-4.452563247107313,-0.22458973505871427,0.245837413199058,9.638829818630212,0.10374703349022418,3.7317909733618913,-8.275220489282898,-0.12084270156850607,4.394399090876943,0.057294233383159233,0.2822580645161293,0.6847133158315304,0.3291890941497742,0.051827523621428444
0.691151919866444,3.483670133486606,-4.434845783379978,-0.22548698395502242,0.24687710276761682,9.626784855687188,0.1038768410212505,3.7305477947823964,-8.222998311456895,-0.12161014293371863,4.377367921120738,0.0570348188307668,0.2782258064516128,0.6748270135568112,0.32443606421000537,0.05157998588223428
0.681135225375626,3.4813701854582497,-4.404875152782463,-0.2270211902301753,0.24791841836142037,9.608493470161385,0.10407458808245451,3.7292892131278066,-8.133612336827863,-0.12294660214774922,4.348366074237901,0.05669746561564133,0.2741935483870967,0.6649395772178037,0.319682489047021,0.05133206100573959
0.671118530884808,3.479146467702193,-4.381873886722873,-0.2282128664245704,0.24896206947377614,9.583658471302757,0.10434428595242551,3.728109070368013,-8.073072252767714,-0.12386858047221949,4.32635899289911,0.05552558423949462,0.2701612903225806,0.6550506382070964,0.31492819144571943,0.05108410094721642
0.66110183639399,3.476861633668677,-4.365645821661706,-0.22906118380885232,0.2500087880299164,9.55262058388955,0.10468331608255177,3.726871100326622,-8.040015625615201,-0.12437786772628101,4.31065194253835,0.05438018567170852,0.2661290322580645,0.6451600013098081,0.31017307755279233,0.05084362028207157
0.651085141903172,3.474594737201857,-4.333467038564001,-0.23076211059202478,0.2510592310647455,9.515511293180602,0.10509156777698969,3.7256547740971344,-7.9573142408735,-0.12567054281498713,4.278827886718651,0.05397597192909375,0.2620967741935484,0.635269608146276,0.30541808083955574,0.05060420046058227
0.641068447412354,3.4722533387182266,-4.288004481693769,-0.23320871148087008,0.25211412828588275,9.472075624686049,0.10557348142299539,3.724368413434708,-7.834827418310173,-0.1276352300579049,4.2337841175033875,0.05364476181280027,0.25806451612903225,0.6253792063326467,0.3006630799676186,0.05036376542888601
0.631051752921536,3.469871326321429,-4.259553235261573,-0.23476640501209545,0.25317422568423786,9.422138655837038,0.10613301677326703,3.7230466978368093,-7.774031405774269,-0.12863338823885329,4.205478060863444,0.05290915834447412,0.2540322580645162,0.6154895271880306,0.29590842653270705,0.050122233100126604
0.621035058430718,3.4675354857642926,-4.238144305932376,-0.23595232436994706,0.2542403322946961,9.365536394144609,0.10677445027336674,3.7217773618379324,-7.741263796092733,-0.12917787409656967,4.184652939096146,0.05204374565929758,0.25000000000000006,0.6056001409713715,0.29115391392854395,0.049885129793914934
0.6110183639399,3.465195829643791,-4.206248462010014,-0.2377415430951828,0.25531327977986457,9.302825222839287,0.10749422632867578,3.7205109191148917,-7.677701351749416,-0.13024731676651413,4.154000794202017,0.05171517008745486,0.24596774193548393,0.595708999649701,0.2863985575238947,0.04964913021822393
0.6010016694490821,3.4627548560859163,-4.166822067009717,-0.23999104927406734,0.2563938059440185,9.233861628330148,0.10829705276630186,3.719150443929216,-7.593360567057976,-0.13169399650772107,4.115097443445932,0.051613392736608234,0.24193548387096783,0.5858156134823505,0.2816421218665146,0.049411463678352835
0.5909849749582641,3.4603474711830504,-4.124001623122724,-0.24248293075180527,0.25748283676349665,9.158189646408156,0.1091918860178005,3.7178322808667303,-7.502379488403668,-0.1332910447339657,4.072149369761834,0.05113979380744089,0.2379032258064517,0.5759242719588776,0.27688666921099886,0.0491719265016839
0.5809682804674461,3.4578927889388718,-4.078510610729661,-0.24518754404346055,0.25858128947025155,9.07625434877584,0.11017760868886128,3.7164763657820803,-7.406862297751647,-0.13500993535461703,4.027418154697605,0.050298811169549956,0.23387096774193558,0.5660340981606304,0.27213177796184157,0.04893370365327991
0.5709515859766281,3.4554558314022747,-4.035997673294886,-0.24777021221214568,0.25969006765542707,8.988245419326049,0.1112564191727401,3.71514837051561,-7.325267123089807,-0.1365137930394269,3.9860336702689567,0.04989320008341385,0.22983870967741948,0.5561418703924648,0.2673758992271465,0.04869677940782913
0.5609348914858101,3.4529839768764212,-4.000380705380461,-0.2499762081781398,0.260810132592243,8.893797337626104,0.11243791173084183,3.7137965683371954,-7.270702239523002,-0.13753829644736015,3.949807183397922,0.049977808612418295,0.22580645161290336,0.5462487224153039,0.2626195780842807,0.04845744340396558
0.5509181969949921,3.450395457172948,-3.966109537387261,-0.2521362535687217,0.2619425800774139,8.792847238184995,0.11372880398254459,3.712341115116855,-7.225044627221677,-0.13840744958616824,3.9146500569776435,0.04988890366371179,0.22177419354838726,0.536361689024173,0.257866196646237,0.04821546149133057
0.5409015025041741,3.4478642468278484,-3.929116412891669,-0.25451014806253625,0.26308850596084155,8.685443985900466,0.11513516195871532,3.7109563065917555,-7.174888607740759,-0.13937498610377475,3.8773429394509416,0.049320299043630084,0.21774193548387114,0.526475257606403,0.253113104618463,0.04797283932115601
0.5308848080133561,3.4453732666578025,-3.882519186152708,-0.2575647284800482,0.2642491275623965,8.571479033314873,0.1166659798283689,3.7096268420903047,-7.0972951113443585,-0.14089874865166507,3.8312178280221594,0.04890482910073533,0.21370967741935504,0.5165922408133794,0.2483616542372016,0.04773183866889527
0.5208681135225381,3.442775085615949,-3.837007075532665,-0.2606197956674805,0.26542572091566696,8.450888624375292,0.11833075129113091,3.7082058589826983,-7.027947965938944,-0.1422890443763265,3.787151139811785,0.049015515467929045,0.2096774193548389,0.5067066126372572,0.24360894838329672,0.04748756269863973
0.5108514190317202,3.440101227429329,-3.7957918957515577,-0.26344963777367525,0.26661969353150095,8.323954779750943,0.12013520333299077,3.706725876909553,-6.977664210185323,-0.14331443444072534,3.7452395262592186,0.049091438632513404,0.20564516129032281,0.49681917261508807,0.23885537144956157,0.04723967856910536
0.5008347245409022,3.4373991166203854,-3.74934710230049,-0.26671310303237306,0.2678324361744247,8.191251195770175,0.12208147157254601,3.705237496895509,-6.914116849172383,-0.14463163145987323,3.699421150008805,0.04871967896001459,0.2016129032258067,0.4869399278853755,0.23410573456027667,0.04698930812872576
0.4908180300500842,3.4347600445907727,-3.7047502317129553,-0.2699237296592685,0.26906539913896427,8.052411483871735,0.12418640080712606,3.703832105698327,-6.861660000742859,-0.14573732885216373,3.654662942047376,0.048546814345473,0.1975806451612906,0.4770526457167336,0.22935223351766038,0.046739066426996136
0.4808013355592662,3.4320315748805923,-3.662510166896941,-0.27303678472713955,0.2703203106480232,7.906713000444478,0.12647480690696433,3.7023591517107,-6.823052028044983,-0.14656197782014146,3.611129293731258,0.04887072144701683,0.19354838709677447,0.46717724305385744,0.224604443775893,0.04648444021174535
0.4707846410684473,3.4293140809786884,-3.614155397699464,-0.27668981821770444,0.2715991181421089,7.754456894841002,0.12895809642907352,3.700921527023967,-6.769026908323423,-0.1477317217886025,3.562221197759258,0.0489771077770973,0.189516129032258,0.45730032075197385,0.21985592343844895,0.04622496541220546
0.4607679465776293,3.426543557873477,-3.5643118100395084,-0.28055906814418563,0.27290377835611823,7.596244673597428,0.131643995548977,3.699457274292471,-6.715236964079027,-0.14891507259522996,3.5112857943852207,0.04869315445745534,0.18548387096774188,0.44743160211982863,0.21511134717299452,0.045962367443573654
0.4507512520868113,3.423688354235063,-3.5131009663140276,-0.28464880730405184,0.2742363935120383,7.43179276516006,0.1345570351057095,3.6979362845776227,-6.66259039621624,-0.15009177219837966,3.4599249756390007,0.048638249118892224,0.18145161290322578,0.43756493917079964,0.2103677592167306,0.04569866351833084
0.44073455759599334,3.4207946110889798,-3.459185529034062,-0.2890853906524171,0.27559941178060654,7.26139301827098,0.13771462272925028,3.696407745197961,-6.606295348306261,-0.15137076792311177,3.405526241188956,0.049014598285891074,0.17741935483870966,0.42770139861653417,0.20562567241179527,0.04542894328739818
0.43071786310517535,3.417855526060787,-3.4123324876507053,-0.2930546784696446,0.27699528411763263,7.085071627277935,0.14114183350665677,3.694866814637489,-6.58272182476722,-0.15191284496293633,3.358743909353717,0.0492325829105014,0.17338709677419356,0.41784224110191126,0.20088569283745733,0.04515272174453459
0.42070116861435736,3.414936071516415,-3.3674436737273066,-0.29696116606254463,0.2784269610328267,6.902322868502813,0.14487876314266224,3.693381603115413,-6.575382692543212,-0.15208240291991615,3.314023428767351,0.04934434885320256,0.16935483870967744,0.4079826270806111,0.19614549378875534,0.04487309892627732
0.41068447412353937,3.4119021893833903,-3.3129105270061463,-0.30184938344945067,0.2798976967348479,6.713603319025637,0.14895130863125416,3.691820752579471,-6.5403047173036235,-0.1528980748181823,3.2574060507361633,0.04970479830858433,0.16532258064516134,0.3981266030320906,0.19140702068850507,0.044588167653152225
0.4006677796327214,3.4088838965850177,-3.254005133964075,-0.3073135901238686,0.28141096053796033,6.519276746749945,0.1533912485765434,3.6903192441034474,-6.496782662915816,-0.15392234154731455,3.195331380209334,0.050208598110499825,0.1612903225806452,0.38828460382753194,0.18667529030169805,0.04429499724775417
0.3906510851419034,3.4057950636954804,-3.2005009939459184,-0.3124510824685274,0.2829706432839606,6.319662111748052,0.15823630794137422,3.6887958585899385,-6.484463003404933,-0.15421477452719046,3.13978571887955,0.050540218452714294,0.1572580645161291,0.3784542204050761,0.18194914442551735,0.0439936441002094
0.3806343906510854,3.4025871319078194,-3.146374035681128,-0.31782616709253375,0.28458097004596783,6.114750044334704,0.16353898241948528,3.6872053816426824,-6.481419711683035,-0.15428718467305202,3.083667406221666,0.051003799383378165,0.153225806451613,0.36863114159636057,0.17722651038286566,0.043686604961709
0.3706176961602674,3.399306488469253,-3.0907196422233136,-0.3235492428166822,0.2862468833324311,5.9041202526057734,0.1693732439746043,3.685598005550623,-6.486093863574042,-0.1541759988420779,3.026121520635056,0.05184262743193136,0.14919354838709686,0.35881985814421685,0.17250954718471964,0.0433689672049754
0.3606010016694494,3.3960785445936765,-3.03376229324204,-0.3296237158156998,0.2879740901255926,5.688582103333142,0.17579072989279076,3.6841065595433515,-6.500556392380377,-0.15383298592288952,2.9672126225082316,0.052269855825527914,0.14516129032258077,0.34901632605743843,0.1677963106045377,0.04304019341298633
0.3505843071786314,3.3927459870223364,-2.9694367814048084,-0.33676419927920165,0.2897685674037391,5.4688848352898605,0.18285263451648426,3.6825809601938353,-6.497237563282829,-0.15391156476272272,2.899377497330672,0.05265282163568256,0.14112903225806464,0.33922565232405844,0.1630892559250281,0.04270520122748054
0.34056761268781344,3.389304918827882,-2.9022153069926975,-0.3445643738390345,0.29163724807917824,5.244709742460856,0.1906683208613167,3.681024132325482,-6.497892445263254,-0.15389605297775688,2.8254107025923685,0.053554122624307136,0.13709677419354854,0.3294550967440963,0.15839187343466168,0.042356851285024304
0.33055091819699545,3.3858296035339057,-2.8309452364493928,-0.3532389066113524,0.2935883000420292,5.016767295070711,0.1993315498174617,3.679522324834715,-6.497415203739447,-0.15390735679389422,2.747735195110892,0.05412226636197891,0.13306451612903242,0.3197214367156258,0.15371222919020472,0.041994037837050274
0.32053422370617746,3.3821882074887193,-2.7588079129630203,-0.3624753993568106,0.2956305345529838,4.785269303486191,0.20897465462841858,3.6779522711428982,-6.514626373765897,-0.15350074472834763,2.67007957216509,0.054834682328443844,0.12903225806451632,0.3100099114915163,0.1490432266786136,0.04162027787273054
0.31051752921535947,3.378451371058377,-2.6847097821033885,-0.3724797393990684,0.29777477058550333,4.549851357076353,0.21978739996521135,3.6763962442654625,-6.549117026484419,-0.1526923394338553,2.5895591303493135,0.05575192154555346,0.1250000000000002,0.30033141730801416,0.1443901044750068,0.04122785007919916
0.3005008347245415,3.3746678672186694,-2.6013696407198346,-0.3844128817169121,0.3000336210297493,4.308263308247531,0.2321120898264617,3.674918932042292,-6.565954041257913,-0.1523007918904682,2.5013302767047567,0.05632989980448505,0.12096774193548408,0.2906854760620488,0.13975263272213884,0.040820096460466776
0.2904841402337235,3.3707028678584403,-2.508885258334867,-0.39858339343254556,0.30242476236833726,4.055163369067781,0.24659918947479653,3.673405274972488,-6.5796311324436445,-0.15198420395773837,2.4050661940094162,0.057220021115195106,0.11693548387096797,0.28106742062714946,0.13512856760920647,0.0403933935830903
0.2804674457429055,3.3665264151079217,-2.4033903644446775,-0.4160788920492564,0.30497383851505405,3.7807590523639454,0.2644971515375314,3.671848434203955,-6.597100657532825,-0.15158174051174456,2.3074275289318504,0.05809209416604553,0.11290322580645186,0.27147980791649634,0.13051913842139246,0.039940926275822596
0.2704507512520875,3.3622158439267524,-2.2762326922499825,-0.43932239590651534,0.3077235366896234,3.4741397584103813,0.28784103966432184,3.6703504777062768,-6.601472450519923,-0.15148135624215797,2.2088424015512595,0.05910614200436251,0.10887096774193575,0.2618362376832046,0.12588280657846374,0.03946193025452911
0.2604340567612695,3.357603399423864,-2.1257861329976735,-0.47041420793814837,0.3107402700275279,3.135324594358973,0.31894624301394003,3.6687748995150855,-6.6020560882315085,-0.15146796492422254,2.1035471125688496,0.06026828580347904,0.10483870967741964,0.25204628484434954,0.12117609848286034,0.03893942282519659
0.2504173622704515,3.352804225540144,-1.9608353165478445,-0.5099867345109601,0.31411311084015303,2.7848231051528343,0.3590892355603028,3.6672852225456456,-6.627015072839732,-0.15089749895068394,1.9881615553612508,0.06142762110515143,0.10080645161290352,0.24202441006677503,0.1163578894551803,0.03836908594487556
0.24040066777963265,3.3477084941044177,-1.7937519752769668,-0.5574906752900404,0.3179340443626261,2.4541819608455704,0.4074677493169485,3.6658234757457415,-6.665647890238304,-0.1500229259731043,1.8566554446514087,0.06294880673106062,0.09677419354838705,0.23174918250118257,0.11141787620249162,0.03773070217399883
0.23038397328881466,3.342172151254664,-1.637870859464515,-0.6105487463931922,0.3222760707596915,2.1668934993449915,0.4614901472094868,3.664310345347609,-6.708770949655033,-0.1490585991837179,1.7037670070750075,0.06380338692344681,0.09274193548387094,0.22130145541091603,0.10639493048601732,0.037015401822433874
0.22036727879799667,3.336236930131171,-1.5020040242774944,-0.6657771775818162,0.32717925599286624,1.9311370097025977,0.5178296490490872,3.662881809483673,-6.759153126230831,-0.1479475285327112,1.5354822530152346,0.0640224194877787,0.08870967741935483,0.210904934376693,0.10139660306571778,0.036229656941415625
0.21035058430717868,3.329605798651168,-1.3888665959102704,-0.7200115568656145,0.3326499535453159,1.7442767086438045,0.5733035332321279,3.6613453016541695,-6.816259773890775,-0.14670802363349367,1.3649157688840226,0.06400378545714544,0.08467741935483872,0.2007903319715122,0.0965338134478424,0.03537304629457926
0.2003338898163607,3.3222423104615304,-1.2967667785094221,-0.7711486880851908,0.33866446867865174,1.5982850482364153,0.6256706218352122,3.659805759350357,-6.873888454644974,-0.14547806625000703,1.2046912601132165,0.06352994028950058,0.0806451612903226,0.1911581062225168,0.0919029356839023,0.034454491167245097
0.1903171953255427,3.314127482305626,-1.2212459470081234,-0.8188358802335074,0.3451842564869228,1.4823385616502511,0.6746097186372353,3.658378837142441,-6.933554834519681,-0.144226161596265,1.067143598019651,0.06267584512530669,0.0766129032258065,0.18210641330547808,0.0875511602430183,0.03348618832604801
0.1803005008347247,3.305041220530338,-1.1513436567335917,-0.8685504055644344,0.35217918758290345,1.3788204720893242,0.7252575808398767,3.65696480105633,-6.978716498350522,-0.14329282472448313,0.960008889545042,0.061566977557219044,0.07258064516129038,0.1735900445365786,0.08345675218104741,0.03247793550367423
0.17028380634390672,3.294933186970013,-1.0761466922575231,-0.9292413452502615,0.3597136237157683,1.2708716973733818,0.786861492050523,3.6554909912586595,-7.023465592404558,-0.142379853199742,0.8868779833019732,0.060321438173271374,0.06854838709677427,0.16537317125897458,0.07950633233604547,0.03142691333433377
0.16026711185308873,3.2841324626928228,-0.9945087002527405,-1.005521620621181,0.36794268992782203,1.1566115312196061,0.8645945272096114,3.654080497633163,-7.0958676276619395,-0.14092709341161935,0.8462833150101593,0.05915200517117603,0.06451612903225816,0.15708467662484696,0.07552147914656103,0.0303196317461181
0.15025041736227074,3.2730127185776445,-0.9119853078489468,-1.0965088926253088,0.37703438219075214,1.0449063735062203,0.9570235433098802,3.6527608177059947,-7.169211712253551,-0.13948534931543577,0.8308271744274125,0.05772157706979992,0.06048387096774204,0.14833956595755604,0.07131709901805579,0.029136825623361538
0.14023372287145275,3.2616431970932838,-0.8357767891576974,-1.1964917104336052,0.3871151148355324,0.9445660543384904,1.058687209228932,3.651379678523343,-7.256657012346608,-0.13780450120469823,0.8261613829541585,0.055833496200243186,0.05645161290322593,0.13883862316064802,0.06674933805800386,0.02788343735185302
0.13021702838063476,3.2500479694618587,-0.7703328030312623,-1.2981402272693003,0.39824347486311795,0.8605421796860536,1.1620580880356428,3.6499922368732363,-7.348502938235049,-0.13608213923367884,0.8077324008599717,0.05401980389047346,0.05241935483870982,0.1285408035434013,0.061798463242019853,0.026565432555062333
0.12020033388981677,3.237988599286184,-0.7188681171565766,-1.3910757427320846,0.41039507653240664,0.795639146530597,1.25685117978486,3.648663975898426,-7.450201200458455,-0.13422456294716767,0.75215363254826,0.0533198431918384,0.04838709677419371,0.11784842603896371,0.05665789713411717,0.025183749897264063
0.11018363939899878,3.2248655372522688,-0.6882066647789914,-1.4530518973121787,0.4234224634397762,0.7574413411764134,1.320234248696881,3.647276264370373,-7.529119890509056,-0.132817648615287,0.6598096772944164,0.05488291125054825,0.044354838709677595,0.10754206243168697,0.05170291463061873,0.023707424592583307
0.10016694490818079,3.210040840840787,-0.9904865056271317,-1.0096048702519624,0.4368438427834292,1.139625757177073,0.877481044722142,3.6458590311395067,-7.568657628478414,-0.13212382552981694,0.48631474984196815,0.0496938358979617,0.040322580645161483,0.09845639059991093,0.0473348031730341,0.02210437097303502
0.0901502504173628,3.1929357625886565,-1.005036459283983,-0.9949887795239079,0.44100138253270715,1.1576329770979952,0.8638316459391504,3.6445622919917917,-7.636546901507602,-0.13094923830070115,0.46850616853686267,0.049599290582845436,0.03629032258064537,0.0959398525070717,0.046124929089938316,0.021600158292057775
0.08013355592654481,3.172758853740605,-0.6100808683401068,-1.6391269615137674,0.4541493181611751,0.6627338269440032,1.5089014010514568,3.643237572899741,-7.715113473496734,-0.12961572158792478,0.4684208670297722,0.05024520434325124,0.03225806451612926,0.08876700621207671,0.04267644529426765,0.020049599502630366
0.07011686143572682,3.150299068565723,-0.4815306162406951,-2.0767111503874673,0.4712297912349065,0.513540584447705,1.947265766882797,3.6420198464198603,-7.7568227725229795,-0.12891876343266517,0.42263581077845336,0.042737922924501855,0.028225806451613145,0.08066840843185791,0.038782888669162456,0.01843931283004829
0.06010016694490883,3.1265390519229395,-0.3837401180570815,-2.605930297470877,0.4931596507197618,0.4036877324651868,2.4771622211389293,3.6407897777978593,-7.783401202847519,-0.1284785370737609,0.39616380652800043,0.037042293083853886,0.024193548387097034,0.07129591435405049,0.03427688190098581,0.016653210540918516
0.05008347245409084,3.101797622079501,-0.30990604737733035,-3.226784402765901,0.5208557455815961,0.32272735453690715,3.098590763819619,3.639442634776301,-7.835563819951078,-0.1276232346488939,0.381461746048106,0.03158016212245579,0.02016129032258092,0.060061745818554065,0.028875839335843298,0.01473988437560258
0.04006677796327285,3.076000640528425,-0.25385391711488675,-3.9392734662724536,0.5552349247862648,0.26236036101507487,3.811551394924866,3.638204153853147,-7.875637708987576,-0.1269738447794282,0.35621887869051716,0.02675989702536172,0.016129032258064807,0.04671047164973355,0.02245695752391036,0.01274130003337236
0.030050083472454858,3.0480382725124513,-0.2108193552262621,-4.743397487990364,0.5972140372996231,0.21663571127248496,4.616044114454414,3.6369011961373983,-7.873285889951989,-0.12701177297222443,0.2971199987247041,0.022692085236946633,0.012096774193548696,0.03208017847224326,0.015423162727040028,0.010687812910230332
0.02003338898163598,3.0162743919213333,-0.17733148666626972,-5.639156467920202,0.6477099320875264,0.18142008274508217,5.5120689224087975,3.6356291814467396,-7.863987562729221,-0.1271619508580386,0.20535922274710305,0.019329690259635886,0.008064516129032225,0.01828017256661524,0.008788544503180404,0.00860006215373372
0.01001669449081799,2.9772149795124125,-0.15090808018078827,-6.626550406061739,0.7076394581158296,0.15385501071606136,6.499625818787891,3.6342921899459673,-7.85078100737352,-0.1273758622308776,0.09777322293292195,0.016571255490578717,0.0040322580645161124,0.00760718343754908,0.003657299729590904,0.0064916361284922865
-0.0,2.922110863035865,-0.12977609609268892,-7.705579302414662,0.7779194643503884,0.131948493368048,7.578714803591346,3.6330848102453883,-7.808913393920442,-0.12805878994362274,0.009528049850283148,0.01430884661469375,-0.0,0.0019355681107661715,0.0009305615917145055,0.004371326605962679
-0.01001669449081799,2.6789047663500103,-0.12094819772878126,-8.268002490144063,0.859466799757058,0.12283288522997829,8.141142318099213,3.6317657984141447,-7.790714940103745,-0.12835792448936445,0.008581885387343635,0.013352331120363287,-0.0040322580645161124,0.001224833054812704,0.0005888620455830307,0.002244761042477552
-0.02003338898163598,,,,,,,3.6304153282229485,-7.597756578145576,-0.1316177992430596,,,-0.008064516129032225,,,
-0.03005008347245397,,,,,,,3.629056319258248,-14.902126745219332,-0.06710451582495125,,,-0.012096774193548338,,,
-0.04006677796327196,,,,,,,3.627717502101103,-21.844155373635058,-0.045778835706641985,,,-0.01612903225806445,,,
-0.05008347245408995,,,,,,,3.6262826740790217,-9.378201035594799,-0.10663025842637808,,,-0.02016129032258056,,,
-0.06010016694490794,,,,,,,3.624819480429642,-7.152917315248142,-0.13980309794274604,,,-0.024193548387096676,,,
-0.07011686143572593,,,,,,,3.6233095161350732,-5.487103203509826,-0.18224552426138985,,,-0.028225806451612788,,,
-0.08013355592654392,,,,,,,3.6217747756438934,-4.274279902155026,-0.23395753738444114,,,-0.0322580645161289,,,
-0.09015025041736191,,,,,,,3.6201124986747524,-3.3905300229541484,-0.29493913731184307,,,-0.03629032258064501,,,
-0.1001669449081799,,,,,,,3.618289366449934,-2.7382981808700504,-0.36519032404362406,,,-0.04032258064516112,,,
-0.11018363939899789,,,,,,,3.616208520206817,-2.248650877934364,-0.44471109757981253,,,-0.044354838709677234,,,
-0.12020033388981588,,,,,,,3.613704252667861,-1.8744091232629652,-0.5335014579203516,,,-0.04838709677419335,,,
-0.13021702838063387,,,,,,,3.611890399668862,-1.5833773121342147,-0.6315614050652982,,,-0.052419354838709464,,,
-0.14023372287145186,,,,,,,3.584602037938896,-1.4643244253286885,-0.6829087753388637,,,-0.056451612903225576,,,
-0.15025041736226985,,,,,,,,,,,,-0.06048387096774169,,,
-0.16026711185308784,,,,,,,,,,,,-0.0645161290322578,,,
-0.17028380634390583,,,,,,,,,,,,-0.06854838709677391,,,
-0.18030050083472382,,,,,,,,,,,,-0.07258064516129002,,,
-0.1903171953255418,,,,,,,,,,,,-0.07661290322580613,,,
-0.2003338898163607,,,,,,,,,,,,-0.0806451612903226,,,
-0.21035058430717868,,,,,,,,,,,,-0.08467741935483872,,,
-0.22036727879799667,,,,,,,,,,,,-0.08870967741935483,,,
-0.23038397328881466,,,,,,,,,,,,-0.09274193548387094,,,
-0.24040066777963265,,,,,,,,,,,,-0.09677419354838705,,,
-0.25041736227045064,,,,,,,,,,,,-0.10080645161290316,,,
-0.26043405676126863,,,,,,,,,,,,-0.10483870967741928,,,
-0.2704507512520866,,,,,,,,,,,,-0.10887096774193539,,,
-0.2804674457429046,,,,,,,,,,,,-0.11290322580645151,,,
-0.2904841402337226,,,,,,,,,,,,-0.11693548387096762,,,
-0.3005008347245406,,,,,,,,,,,,-0.12096774193548374,,,
-0.3105175292153586,,,,,,,,,,,,-0.12499999999999985,,,
-0.32053422370617657,,,,,,,,,,,,-0.12903225806451596,,,
-0.33055091819699456,,,,,,,,,,,,-0.13306451612903206,,,
-0.34056761268781255,,,,,,,,,,,,-0.13709677419354818,,,
-0.35058430717863054,,,,,,,,,,,,-0.14112903225806428,,,
-0.36060100166944853,,,,,,,,,,,,-0.1451612903225804,,,
-0.3706176961602665,,,,,,,,,,,,-0.14919354838709653,,,
-0.3806343906510845,,,,,,,,,,,,-0.15322580645161263,,,
-0.3906510851419025,,,,,,,,,,,,-0.15725806451612875,,,
-0.4006677796327205,,,,,,,,,,,,-0.16129032258064485,,,
-0.4106844741235385,,,,,,,,,,,,-0.16532258064516098,,,
-0.42070116861435736,,,,,,,,,,,,-0.16935483870967744,,,
-0.43071786310517535,,,,,,,,,,,,-0.17338709677419356,,,
-0.44073455759599334,,,,,,,,,,,,-0.17741935483870966,,,
-0.4507512520868113,,,,,,,,,,,,-0.18145161290322578,,,
-0.4607679465776293,,,,,,,,,,,,-0.18548387096774188,,,
-0.4707846410684473,,,,,,,,,,,,-0.189516129032258,,,
-0.4808013355592653,,,,,,,,,,,,-0.1935483870967741,,,
-0.4908180300500833,,,,,,,,,,,,-0.19758064516129023,,,
-0.5008347245409013,,,,,,,,,,,,-0.20161290322580633,,,
-0.5108514190317193,,,,,,,,,,,,-0.20564516129032245,,,
