Q_meas,V_meas,Q_model,V_model
0.0,2.7998032,0.0,2.916763466822523
0.002925183225559795,2.945946831149294,0.002925183225559795,2.944401750490425
0.00585036645111959,2.99038939991008,0.00585036645111959,2.962968945846516
0.008775549676679385,3.0199198792457564,0.008775549676679385,2.981536141202607
0.01170073290223918,3.043088089463052,0.01170073290223918,2.999450043229634
0.014625916127798974,3.0623719019780746,0.014625916127798974,3.0132038965121914
0.01755109935335877,3.078957390023914,0.01755109935335877,3.026957749794749
0.020476282578918564,3.0937007262548635,0.020476282578918564,3.040711603077306
0.02340146580447836,3.107042097822435,0.02340146580447836,3.053012227537831
0.026326649030038153,3.1192790647155357,0.026326649030038153,3.0647288448656447
0.029251832255597948,3.1303580890596536,0.029251832255597948,3.0764454621934587
0.03217701548115774,3.1408835082826165,0.03217701548115774,3.08785680153851
0.03510219870671754,3.150733542417524,0.03510219870671754,3.0985241432396577
0.03802738193227733,3.1599563194580744,0.03802738193227733,3.1091914849408053
0.04095256515783713,3.168737155704483,0.04095256515783713,3.1198588266419525
0.04387774838339692,3.177107291822937,0.04387774838339692,3.1300075428616134
0.04680293160895672,3.18507688057601,0.04680293160895672,3.140077767932216
0.049728114834516515,3.192796915005999,0.049728114834516515,3.150147993002818
0.052653298060076306,3.2001872324182963,0.052653298060076306,3.1598805407255663
0.055578481285636104,3.2075665802972027,0.055578481285636104,3.1691939094600023
0.058503664511195895,3.2146520083777435,0.058503664511195895,3.1785072781944383
0.06142884773675569,3.2215732952968414,0.06142884773675569,3.1877915476278678
0.06435403096231548,3.228192091944464,0.06435403096231548,3.1958805000234096
0.06727921418787527,3.2348140745430043,0.06727921418787527,3.2039694524189515
0.07020439741343508,3.241340343023589,0.07020439741343508,3.2120584048144933
0.07312958063899487,3.247619272954805,0.07312958063899487,3.219290849537086
0.07605476386455466,3.2537483010913046,0.07605476386455466,3.225955550497278
0.07897994709011447,3.2596174978196335,0.07897994709011447,3.23262025145747
0.08190513031567426,3.265473383767954,0.08190513031567426,3.239094686279363
0.08483031354123405,3.2711437104873666,0.08483031354123405,3.2446963409677347
0.08775549676679384,3.276799564356696,0.08775549676679384,3.2502979956561067
0.09068067999235364,3.2822113545826315,0.09068067999235364,3.2558996503444786
0.09360586321791343,3.2874244156132946,0.09360586321791343,3.2611274606364145
0.09653104644347323,3.292537133623926,0.09653104644347323,3.266234997814352
0.09945622966903303,3.297624246625434,0.09945622966903303,3.2713425349922893
0.10238141289459282,3.3025247572035443,0.10238141289459282,3.2763833131755495
0.10530659612015261,3.307262114018306,0.10530659612015261,3.281291091619847
0.1082317793457124,3.3117950129375613,0.1082317793457124,3.286198870064144
0.11115696257127221,3.316299943646614,0.11115696257127221,3.2911066485084413
0.114082145796832,3.320713202483527,0.114082145796832,3.2958649090896044
0.11700732902239179,3.324927971056586,0.11700732902239179,3.300608707661968
0.1199325122479516,3.3289788346220375,0.1199325122479516,3.3053525062343314
0.12285769547351139,3.332978253607506,0.12285769547351139,3.3099387323276175
0.12578287869907118,3.336965811081138,0.12578287869907118,3.3143605695456344
0.12870806192463097,3.3408398044167202,0.12870806192463097,3.318782406763651
0.13163324515019076,3.3444369922476946,0.13163324515019076,3.3231693585440185
0.13455842837575055,3.3480559570398887,0.13455842837575055,3.3270706910753005
0.13748361160131037,3.351517265221479,0.13748361160131037,3.3309720236065825
0.14040879482687016,3.3548731146204696,0.14040879482687016,3.334873356137865
0.14333397805242995,3.358172206400088,0.14333397805242995,3.3384018432773934
0.14625916127798974,3.361277649422777,0.14625916127798974,3.341724789508547
0.14918434450354953,3.3643692708177917,0.14918434450354953,3.3450477357397013
0.15210952772910932,3.367193020214781,0.15210952772910932,3.3482681250282944
0.1550347109546691,3.370099303314889,0.1550347109546691,3.3511295987536087
0.15795989418022893,3.372608217041755,0.15795989418022893,3.3539910724789226
0.16088507740578872,3.3753288515742437,0.16088507740578872,3.3568525462042365
0.16381026063134851,3.3780171620044364,0.16381026063134851,3.3594321514167755
0.1667354438569083,3.380323739297194,0.1667354438569083,3.3619412218994906
0.1696606270824681,3.3827295735136036,0.1696606270824681,3.364450292382206
0.1725858103080279,3.384936637527721,0.1725858103080279,3.366842584860264
0.17551099353358768,3.3869846593354214,0.17551099353358768,3.3690422724305065
0.1784361767591475,3.389145848020003,0.1784361767591475,3.371241960000749
0.1813613599847073,3.3912022,0.1813613599847073,3.373441647570992
0.18428654321026708,3.3928820509813864,0.18428654321026708,3.3754662775994424
0.18721172643582687,3.3947012072135596,0.18721172643582687,3.377482670871897
0.19013690966138666,3.3963745851796596,0.19013690966138666,3.379499064144351
0.19306209288694645,3.398081747043673,0.19306209288694645,3.381429791870731
0.19598727611250624,3.399488527240547,0.19598727611250624,3.383285362444205
0.19891245933806606,3.401000730761695,0.19891245933806606,3.385140933017679
0.20183764256362585,3.4024016599399136,0.20183764256362585,3.3869795383171293
0.20476282578918564,3.403707097162953,0.20476282578918564,3.3886812690521246
0.20768800901474543,3.4049896676662623,0.20768800901474543,3.39038299978712
0.21061319224030522,3.406102310711476,0.21061319224030522,3.3920847305221153
0.21353837546586502,3.4073513135991615,0.21353837546586502,3.393697087188481
0.2164635586914248,3.408564175543838,0.2164635586914248,3.3952688923910594
0.21938874191698463,3.4095396264981583,0.21938874191698463,3.3968406975936376
0.22231392514254442,3.4107452086334336,0.22231392514254442,3.398393034833957
0.2252391083681042,3.4116009742394997,0.2252391083681042,3.399891512981991
0.228164291593664,3.4126164629970717,0.228164291593664,3.401389991130025
0.2310894748192238,3.4136294370311666,0.2310894748192238,3.402888469278059
0.23401465804478358,3.4144987411116037,0.23401465804478358,3.4043210432371054
0.23693984127034337,3.415402725954362,0.23693984127034337,3.4057413527770066
0.2398650244959032,3.4163184203989765,0.2398650244959032,3.407161662316908
0.24279020772146298,3.417192024956227,0.24279020772146298,3.4085528481903147
0.24571539094702277,3.418097866010346,0.24571539094702277,3.4099039328681924
0.24864057417258256,3.4188996321554237,0.24864057417258256,3.41125501754607
0.25156575739814235,3.4198008543035625,0.25156575739814235,3.412606102223948
0.25449094062370214,3.4206023066156965,0.25449094062370214,3.413904148391452
0.25741612384926194,3.4214242885510644,0.25741612384926194,3.4152021052589974
0.2603413070748217,3.4222028569392693,0.2603413070748217,3.416500062126543
0.2632664903003815,3.4231020504008933,0.2632664903003815,3.417766096872036
0.2661916735259413,3.4238013446756184,0.2661916735259413,3.4190086263849926
0.2691168567515011,3.424649467002864,0.2691168567515011,3.420251155897949
0.27204203997706095,3.4254567744705438,0.27204203997706095,3.4214898656939474
0.27496722320262074,3.426139955289218,0.27496722320262074,3.4227075167760863
0.2778924064281805,3.42703515338736,0.2778924064281805,3.4239251678582248
0.2808175896537403,3.4277028413047526,0.2808175896537403,3.4251428189403637
0.2837427728793001,3.4286624565334076,0.2837427728793001,3.4263174812456216
0.2866679561048599,3.4293758318420893,0.2866679561048599,3.4274763356817712
0.2895931393304197,3.4302946948596134,0.2895931393304197,3.428635190117921
0.2925183225559795,3.4310007585772198,0.2925183225559795,3.4297825815765557
0.2954435057815393,3.4317069552059043,0.2954435057815393,3.430904309130884
0.29836868900709906,3.4326023273744166,0.29836868900709906,3.432026036685212
0.30129387223265885,3.4334190683917822,0.30129387223265885,3.4331477642395396
0.30421905545821865,3.434201,0.30421905545821865,3.4342539180106444
0.30714423868377844,3.4349327551529782,0.30714423868377844,3.4353580750606594
0.3100694219093382,3.435663700421773,0.3100694219093382,3.4364622321106744
0.3129946051348981,3.436445697571999,0.3129946051348981,3.4375484290257816
0.31591978836045786,3.437349435558795,0.31591978836045786,3.438613876181894
0.31884497158601766,3.438115646904265,0.31884497158601766,3.439679323338006
0.32177015481157745,3.438964045923572,0.32177015481157745,3.4407449232280434
0.32469533803713724,3.439770954445228,0.32469533803713724,3.441814044025255
0.32762052126269703,3.4405775932710987,0.32762052126269703,3.442883164822466
0.3305457044882568,3.4413181937965325,0.3305457044882568,3.4439522856196776
0.3334708877138166,3.4420796747977533,0.3334708877138166,3.4450043560138206
0.3363960709393764,3.4429966672621615,0.3363960709393764,3.4460459399051753
0.3393212541649362,3.443803477500772,0.3393212541649362,3.44708752379653
0.342246437390496,3.4445181634537043,0.342246437390496,3.4481228421712853
0.3451716206160558,3.4454016899288455,0.3451716206160558,3.449132587755192
0.34809680384161557,3.446242979637551,0.34809680384161557,3.4501423333390986
0.35102198706717536,3.447030021053971,0.35102198706717536,3.4511520789230055
0.3539471702927352,3.447967376228887,0.3539471702927352,3.452132590486174
0.356872353518295,3.448642794838111,0.356872353518295,3.4531045855184552
0.3597975367438548,3.4495486275731935,0.3597975367438548,3.4540765805507365
0.3627227199694146,3.4504014645826784,0.3627227199694146,3.45504997917529
0.36564790319497437,3.4512209998017482,0.36564790319497437,3.456025961596157
0.36857308642053416,3.4521341980626357,0.36857308642053416,3.4570019440170237
0.37149826964609395,3.452874724460929,0.37149826964609395,3.4579779264378905
0.37442345287165374,3.4537816978768534,0.37442345287165374,3.4589622425333575
0.37734863609721353,3.4545867685875806,0.37734863609721353,3.4599471895965164
0.3802738193227733,3.455402077016279,0.3802738193227733,3.4609321366596753
0.3831990025483331,3.4562032299468592,0.3831990025483331,3.4618976843785774
0.3861241857738929,3.457196138422742,0.3861241857738929,3.4628443853355395
0.3890493689994527,3.4578239303741274,0.3890493689994527,3.4637910862925017
0.3919745522250125,3.458800072377303,0.3919745522250125,3.464736513469152
0.3948997354505723,3.4595773583748297,0.3948997354505723,3.4656681991160427
0.3978249186761321,3.4605311121679523,0.3978249186761321,3.466599884762933
0.4007501019016919,3.461425458299632,0.4007501019016919,3.4675315704098235
0.4036752851272517,3.4622008635233725,0.4036752851272517,3.4684612030052486
0.4066004683528115,3.4630519163376037,0.4066004683528115,3.46938978942664
0.4095256515783713,3.4639581633979493,0.4095256515783713,3.470318375848032
0.4124508348039311,3.464800439667294,0.4124508348039311,3.4712424693139012
0.41537601802949087,3.465700943784089,0.41537601802949087,3.4721523388492153
0.41830120125505066,3.4665794272963715,0.41830120125505066,3.473062208384529
0.42122638448061045,3.4673834243110284,0.42122638448061045,3.473972077919843
0.42415156770617024,3.4682005079852036,0.42415156770617024,3.474892952546282
0.42707675093173003,3.469004890108273,0.42707675093173003,3.475816281393344
0.4300019341572898,3.4699035274084484,0.4300019341572898,3.476739610240406
0.4329271173828496,3.4708104504509127,0.4329271173828496,3.4776522039707745
0.4358523006084094,3.4717166933157686,0.4358523006084094,3.478548373485001
0.43877748383396925,3.4725436690803333,0.43877748383396925,3.4794445429992273
0.44170266705952904,3.4735278318344216,0.44170266705952904,3.480340712513454
0.44462785028508883,3.474235630564198,0.44462785028508883,3.4812218962573587
0.4475530335106486,3.475219669634616,0.4475530335106486,3.4821026621383107
0.4504782167362084,3.476048925319074,0.4504782167362084,3.482983428019263
0.4534033999617682,3.4768071470871607,0.4534033999617682,3.4838731150003595
0.456328583187328,3.477801566862158,0.456328583187328,3.484770086904919
0.4592537664128878,3.4785345059301007,0.4592537664128878,3.4856670588094785
0.4621789496384476,3.4795739986551655,0.4621789496384476,3.4865636588460225
0.46510413286400737,3.480445120975054,0.46510413286400737,3.4874577275407876
0.46802931608956716,3.4812012344300913,0.46802931608956716,3.488351796235553
0.47095449931512695,3.4821094178802956,0.47095449931512695,3.489245864930318
0.47387968254068674,3.4829983709189856,0.47387968254068674,3.4901200357493125
0.47680486576624653,3.483997862839703,0.47680486576624653,3.4909859083687933
0.4797300489918064,3.484812545142069,0.4797300489918064,3.491851780988274
0.48265523221736617,3.485618140845794,0.48265523221736617,3.492721626640614
0.48558041544292596,3.4864490854639634,0.48558041544292596,3.493601523145527
0.48850559866848575,3.487400479089416,0.48850559866848575,3.49448141965044
0.49143078189404554,3.4882370677829173,0.49143078189404554,3.495361316155353
0.49435596511960533,3.4891460355260353,0.49435596511960533,3.4962214101307945
0.4972811483451651,3.490000173163396,0.4972811483451651,3.497078304852168
0.5002063315707249,3.490857937024544,0.5002063315707249,3.497935199573542
0.5031315147962847,3.4917020731921764,0.5031315147962847,3.4987944056050764
0.5060566980218445,3.4926701849861663,0.5060566980218445,3.4996565710226024
0.5089818812474043,3.493575991576644,0.5089818812474043,3.5005187364401285
0.5119070644729641,3.4943829912273356,0.5119070644729641,3.5013812436922422
0.5148322476985239,3.495114526783444,0.5148322476985239,3.502264603003302
0.5177574309240837,3.4962018,0.5177574309240837,3.5031479623143613
0.5206826141496435,3.4971024305177605,0.5206826141496435,3.504031321625421
0.5236077973752032,3.497894003185448,0.5236077973752032,3.5049144983369285
0.526532980600763,3.4987152054087214,0.526532980600763,3.5057975501051604
0.5294581638263228,3.499781538325978,0.5294581638263228,3.5066806018733923
0.5323833470518826,3.5006749998666233,0.5323833470518826,3.507560026016053
0.5353085302774424,3.5015025401684197,0.5353085302774424,3.50842190632082
0.5382337135030022,3.502402721036025,0.5382337135030022,3.509283786625587
0.5411588967285621,3.50320105902989,0.5411588967285621,3.5101456669303537
0.5440840799541219,3.5042022952458205,0.5440840799541219,3.5110272477914615
0.5470092631796817,3.504978587393147,0.5470092631796817,3.5119154322209254
0.5499344464052415,3.5058005476728358,0.5499344464052415,3.5128036166503893
0.5528596296308013,3.506674343927377,0.5528596296308013,3.513686529479156
0.555784812856361,3.50753411516913,0.555784812856361,3.5145585711432195
0.5587099960819208,3.5084869605554445,0.5587099960819208,3.5154306128072834
0.5616351793074806,3.5093006553767143,0.5616351793074806,3.516302654471347
0.5645603625330404,3.510198463190991,0.5645603625330404,3.5171465743032235
0.5674855457586002,3.511104478039341,0.5674855457586002,3.517987513569256
0.57041072898416,3.5120019600061263,0.57041072898416,3.5188284528352893
0.5733359122097198,3.5128361592774735,0.5733359122097198,3.5196918577082528
0.5762610954352796,3.5136474355674245,0.5762610954352796,3.5205794276595777
0.5791862786608394,3.514701741413355,0.5791862786608394,3.5214669976109025
0.5821114618863992,3.5155008568211765,0.5821114618863992,3.5223561597966957
0.585036645111959,3.516344292049586,0.585036645111959,3.5232705416343064
0.5879618283375188,3.517252306516702,0.5879618283375188,3.5241849234719176
0.5908870115630785,3.518156372930387,0.5908870115630785,3.5250993053095283
0.5938121947886383,3.5189233372680757,0.5938121947886383,3.525994519918125
0.5967373780141981,3.519800515229276,0.5967373780141981,3.526878811605502
0.5996625612397579,3.520726538981534,0.5996625612397579,3.5277631032928785
0.6025877444653177,3.521601715770433,0.6025877444653177,3.5286426225261853
0.6055129276908775,3.5225886717730406,0.6055129276908775,3.529504675536906
0.6084381109164373,3.5234015169108903,0.6084381109164373,3.5303667285476275
0.6113632941419971,3.5244013990625622,0.6113632941419971,3.5312287815583487
0.6142884773675569,3.525101713256665,0.6142884773675569,3.5321058371922005
0.6172136605931167,3.5259887816372717,0.6172136605931167,3.532986827897109
0.6201388438186765,3.52692048889441,0.6201388438186765,3.533867818602017
0.6230640270442362,3.52779969787224,0.6230640270442362,3.5347427058974206
0.6259892102697961,3.5286340808752406,0.6259892102697961,3.5356071927680413
0.6289143934953559,3.5295019384568147,0.6289143934953559,3.536471679638662
0.6318395767209157,3.53035605746706,0.6318395767209157,3.5373361665092826
0.6347647599464755,3.531252938374346,0.6347647599464755,3.53798796880264
0.6376899431720353,3.5320020926891056,0.6376899431720353,3.5386279688673623
0.6406151263975951,3.5330648463719907,0.6406151263975951,3.5392679689320845
0.6435403096231549,3.533841666638721,0.6435403096231549,3.539859745596003
0.6464654928487147,3.534578821393819,0.6464654928487147,3.540407897477915
0.6493906760742745,3.5354510827053915,0.6493906760742745,3.5409560493598278
0.6523158592998343,3.5362704093385156,0.6523158592998343,3.541502598604297
0.6552410425253941,3.537097344155582,0.6552410425253941,3.5420351366103984
0.6581662257509538,3.537906053586731,0.6581662257509538,3.542567674616499
0.6610914089765136,3.5387030023660486,0.6610914089765136,3.5431002126226
0.6640165922020734,3.5393161625224727,0.6640165922020734,3.543618008363887
0.6669417754276332,3.5402031999999997,0.6669417754276332,3.544128874534469
0.669866958653193,3.540930337012902,0.669866958653193,3.5446397407050507
0.6727921418787528,3.541670448890447,0.6727921418787528,3.5451553632543478
0.6757173251043126,3.542501139243986,0.6757173251043126,3.5456846751530615
0.6786425083298724,3.5431975443422976,0.6786425083298724,3.546213987051775
0.6815676915554322,3.5439021704897056,0.6815676915554322,3.5467432989504886
0.684492874780992,3.544521151099769,0.684492874780992,3.547320900212706
0.6874180580065518,3.5453020669457866,0.6874180580065518,3.5479080114223382
0.6903432412321115,3.5459020782710304,0.6903432412321115,3.5484951226319703
0.6932684244576713,3.5467007591399504,0.6932684244576713,3.5491019535479937
0.6961936076832311,3.547472872251077,0.6961936076832311,3.5497368036603407
0.6991187909087909,3.548093019750398,0.6991187909087909,3.5503716537726873
0.7020439741343507,3.54860307120629,0.7020439741343507,3.5510065038850342
0.7049691573599105,3.549305985290861,0.7049691573599105,3.5516464605397764
0.7078943405854704,3.5501774869865357,0.7078943405854704,3.552286465223722
0.7108195238110302,3.5506206295932845,0.7108195238110302,3.5529264699076673
0.71374470703659,3.5513252100730823,0.71374470703659,3.5536028120665164
0.7166698902621498,3.5518708389245686,0.7166698902621498,3.554306758500214
0.7195950734877096,3.5526029950503486,0.7195950734877096,3.5550107049339115
0.7225202567132694,3.553246141833783,0.7225202567132694,3.5557180690997465
0.7254454399388292,3.5539014046068766,0.7254454399388292,3.556445440967455
0.7283706231643889,3.554500776407708,0.7283706231643889,3.5571728128351636
0.7312958063899487,3.555100204874491,0.7312958063899487,3.5579001847028717
0.7342209896155085,3.55584069145542,0.7342209896155085,3.5586397570546002
0.7371461728410683,3.556400886403837,0.7371461728410683,3.559383991915833
0.7400713560666281,3.5571004,0.7400713560666281,3.5601282267770658
0.7429965392921879,3.557801488586079,0.7429965392921879,3.560883982831469
0.7459217225177477,3.558402284254706,0.7459217225177477,3.5616664795291544
0.7488469057433075,3.559001181498278,0.7488469057433075,3.5624489762268396
0.7517720889688673,3.5597097210341277,0.7517720889688673,3.563231472924525
0.7546972721944271,3.5603006056687403,0.7546972721944271,3.564055454858769
0.7576224554199869,3.561024382994888,0.7576224554199869,3.5648851624040914
0.7605476386455466,3.5617739028103665,0.7605476386455466,3.5657148699494132
0.7634728218711064,3.5624017396389855,0.7634728218711064,3.5665527820999694
0.7663980050966662,3.5630814457908624,0.7663980050966662,3.567400469164652
0.769323188322226,3.563809082850352,0.769323188322226,3.5682481562293344
0.7722483715477858,3.564454915188723,0.7722483715477858,3.5690959826565987
0.7751735547733456,3.5652006776272573,0.7751735547733456,3.5699477760254954
0.7780987379989054,3.566067561078457,0.7780987379989054,3.570799569394392
0.7810239212244652,3.566610630232202,0.7810239212244652,3.571651362763289
0.783949104450025,3.5675596242422833,0.783949104450025,3.572531796607216
0.7868742876755848,3.5683150534597172,0.7868742876755848,3.5734304228220006
0.7897994709011446,3.5690033181826704,0.7897994709011446,3.5743290490367854
0.7927246541267045,3.5699999106833396,0.7927246541267045,3.5752299658529414
0.7956498373522642,3.5708025621300346,0.7956498373522642,3.5761407017316933
0.798575020577824,3.571511327616771,0.798575020577824,3.5770514376104456
0.8015002038033838,3.5724021535650183,0.8015002038033838,3.577962173489198
0.8044253870289436,3.57327882144752,0.8044253870289436,3.578868020024164
0.8073505702545034,3.5741715757930046,0.8073505702545034,3.579772379298325
0.8102757534800632,3.575038975900826,0.8102757534800632,3.5806767385724854
0.813200936705623,3.5760025042338284,0.813200936705623,3.581588049884677
0.8161261199311828,3.5768515532417706,0.8161261199311828,3.5825125968018448
0.8190513031567426,3.577902,0.8190513031567426,3.5834371437190127
0.8219764863823024,3.578901942725222,0.8219764863823024,3.5843616906361806
0.8249016696078622,3.5797309960413934,0.8249016696078622,3.585325062553723
0.8278268528334219,3.5807258887884306,0.8278268528334219,3.5862917199735524
0.8307520360589817,3.581764685920672,0.8307520360589817,3.5872583773933817
0.8336772192845415,3.5828021006651665,0.8336772192845415,3.58824000761941
0.8366024025101013,3.5837913024336587,0.8366024025101013,3.589236635401307
0.8395275857356611,3.5847021425433905,0.8395275857356611,3.590233263183205
0.8424527689612209,3.5858028123650922,0.8424527689612209,3.591229737826071
0.8453779521867807,3.5868009141588613,0.8453779521867807,3.5922243818175343
0.8483031354123405,3.587800641442309,0.8483031354123405,3.593219025808997
0.8512283186379003,3.5888018717848573,0.8512283186379003,3.59421366980046
0.8541535018634601,3.5900019307995783,0.8541535018634601,3.5952126728276115
0.8570786850890199,3.590860895944127,0.8570786850890199,3.596213973835204
0.8600038683145796,3.5918995954430484,0.8600038683145796,3.597215274842797
0.8629290515401394,3.5930068768054824,0.8629290515401394,3.5982194423122853
0.8658542347656992,3.594002767894499,0.8658542347656992,3.5992330768934755
0.868779417991259,3.59496905955335,0.868779417991259,3.6002467114746657
0.8717046012168188,3.595899444261556,0.8717046012168188,3.601260346055856
0.8746297844423787,3.597001272078882,0.8746297844423787,3.602250407803246
0.8775549676679385,3.597987155494574,0.8775549676679385,3.6032349408164053
0.8804801508934983,3.599093885663599,0.8804801508934983,3.6042194738295645
0.8834053341190581,3.6000987358976464,0.8834053341190581,3.605197434473126
0.8863305173446179,3.601006048197897,0.8863305173446179,3.6061650121086375
0.8892557005701777,3.6018227842316257,0.8892557005701777,3.6071325897441495
0.8921808837957375,3.6030003278145526,0.8921808837957375,3.6081001673796615
0.8951060670212972,3.6040526060198546,0.8951060670212972,3.6090924611763757
0.898031250246857,3.6048314901960237,0.898031250246857,3.6100856451649963
0.9009564334724168,3.605962165014661,0.9009564334724168,3.611078829153617
0.9038816166979766,3.606844381348826,0.9038816166979766,3.612081182588198
0.9068067999235364,3.607648880757681,0.9068067999235364,3.6130912580836854
0.9097319831490962,3.6087126883246237,0.9097319831490962,3.6141013335791725
0.912657166374656,3.6096014521837416,0.912657166374656,3.6151129735177716
0.9155823496002158,3.610402475070367,0.9155823496002158,3.616136037155907
0.9185075328257756,3.6115534348760328,0.9185075328257756,3.6171591007940416
0.9214327160513354,3.6124192919076403,0.9214327160513354,3.6181821644321763
0.9243578992768952,3.6133017761226607,0.9243578992768952,3.6192098260686256
0.927283082502455,3.6143007109273024,0.927283082502455,3.6202394765334254
0.9302082657280147,3.6151026009456726,0.9302082657280147,3.6212691269982256
0.9331334489535745,3.616102058458341,0.9331334489535745,3.6223015852367664
0.9360586321791343,3.6170135886672155,0.9360586321791343,3.623341421054952
0.9389838154046941,3.6180796658294403,0.9389838154046941,3.624381256873138
0.9419089986302539,3.6188284782314684,0.9419089986302539,3.6254210926913237
0.9448341818558137,3.6199017880687077,0.9448341818558137,3.6264340425554753
0.9477593650813735,3.620761878007609,0.9477593650813735,3.627442369273593
0.9506845483069333,3.621794142214707,0.9506845483069333,3.6284506959917104
0.9536097315324931,3.6226015694725064,0.9536097315324931,3.629455270776971
0.9565349147580529,3.6237024362879384,0.9565349147580529,3.6304548899691644
0.9594600979836128,3.6246958157128524,0.9594600979836128,3.6314545091613577
0.9623852812091725,3.625528955595778,0.9623852812091725,3.632453998399905
0.9653104644347323,3.626501562426024,0.9653104644347323,3.6334383144937883
0.9682356476602921,3.627570195193041,0.9682356476602921,3.634422630587672
0.9711608308858519,3.6285935137277856,0.9711608308858519,3.6354069466815555
0.9740860141114117,3.6295030179240952,0.9740860141114117,3.6363644751932798
0.9770111973369715,3.6304016,0.9770111973369715,3.637303086493036
0.9799363805625313,3.631569065548842,0.9799363805625313,3.6382416977927923
0.9828615637880911,3.6323024640081023,0.9828615637880911,3.639174745008391
0.9857867470136509,3.633377417551379,0.9857867470136509,3.6400793684754387
0.9887119302392107,3.634162327268548,0.9887119302392107,3.6409839919424862
0.9916371134647705,3.635302491493005,0.9916371134647705,3.641888615409534
0.9945622966903302,3.636216386744616,0.9945622966903302,3.642790699131948
0.99748747991589,3.63715224997116,0.99748747991589,3.6436918966052327
1.0004126631414498,3.6381013941453353,1.0004126631414498,3.644593094078517
1.0033378463670097,3.63910065277513,1.0033378463670097,3.6455080440628804
1.0062630295925694,3.640002324766222,1.0062630295925694,3.6464523630951584
1.0091882128181293,3.6410530652222564,1.0091882128181293,3.6473966821274364
1.012113396043689,3.6419998198893873,1.012113396043689,3.648341001159715
1.015038579269249,3.6429902183947935,1.015038579269249,3.6492711357056384
1.0179637624948086,3.6438027043391474,1.0179637624948086,3.650199633237689
1.0208889457203685,3.64470300869022,1.0208889457203685,3.65112813076974
1.0238141289459282,3.645625814088012,1.0238141289459282,3.652064644935761
1.026739312171488,3.6466144967958813,1.026739312171488,3.653010050189911
1.0296644953970477,3.647681541266649,1.0296644953970477,3.6539554554440605
1.0325896786226076,3.648529538372287,1.0325896786226076,3.6549010101996418
1.0355148618481673,3.6494031973209893,1.0355148618481673,3.6558493044563583
1.0384400450737272,3.650421479711006,1.0384400450737272,3.6567975987130747
1.041365228299287,3.65140109282789,1.041365228299287,3.657745892969791
1.0442904115248468,3.6524007638840525,1.0442904115248468,3.658696583234145
1.0472155947504065,3.6532825345631195,1.0472155947504065,3.6596486845660774
1.0501407779759664,3.654101668314645,1.0501407779759664,3.66060078589801
1.053065961201526,3.6551457328870973,1.053065961201526,3.661555212132858
1.055991144427086,3.6560811310779187,1.055991144427086,3.662518546801149
1.0589163276526457,3.657059074938893,1.0589163276526457,3.66348188146944
1.0618415108782056,3.657993348313045,1.0618415108782056,3.6644452161377314
1.0647666941037652,3.6589005852291514,1.0647666941037652,3.66542729095673
1.0676918773293251,3.6598063467881166,1.0676918773293251,3.666414511431369
1.0706170605548848,3.660791271996321,1.0706170605548848,3.6674017319060073
1.0735422437804447,3.6617363017068265,1.0735422437804447,3.6683655593705278
1.0764674270060044,3.662725066221733,1.0764674270060044,3.6692881905170407
1.0793926102315643,3.663573133040419,1.0793926102315643,3.6702108216635536
1.0823177934571242,3.664701885163895,1.0823177934571242,3.671133452810067
1.0852429766826839,3.665615960412164,1.0852429766826839,3.672054128983379
1.0881681599082438,3.6664518251358182,1.0881681599082438,3.6729746799037795
1.0910933431338035,3.6677008733388736,1.0910933431338035,3.6738952308241806
1.0940185263593634,3.6685645582752313,1.0940185263593634,3.674820043206947
1.096943709584923,3.6694714364830956,1.096943709584923,3.675748830478648
1.099868892810483,3.6704773399105393,1.099868892810483,3.6766776177503497
1.1027940760360426,3.6714198267223948,1.1027940760360426,3.6776032053591208
1.1057192592616025,3.672302078053447,1.1057192592616025,3.6784983137182534
1.1086444424871622,3.673307026082003,1.1086444424871622,3.6793934220773865
1.111569625712722,3.6743011630317923,1.111569625712722,3.6802885304365196
1.1144948089382818,3.67519453466745,1.1144948089382818,3.6811296915537577
1.1174199921638417,3.6763025701746934,1.1174199921638417,3.6819445944432174
1.1203451753894014,3.677201967389764,1.1203451753894014,3.6827594973326776
1.1232703586149613,3.6781571231598305,1.1232703586149613,3.6835699102756614
1.126195541840521,3.6790342553530704,1.126195541840521,3.6843668692468157
1.1291207250660809,3.680142758784235,1.1291207250660809,3.68516382821797
1.1320459082916405,3.680948729814993,1.1320459082916405,3.6859607871891242
1.1349710915172004,3.6819557897217132,1.1349710915172004,3.68675270337135
1.1378962747427601,3.6829023931781126,1.1378962747427601,3.687543570760698
1.14082145796832,3.683834851326602,1.14082145796832,3.6883344381500462
1.1437466411938797,3.684601383951161,1.1437466411938797,3.6891487693090483
1.1466718244194396,3.685679679757624,1.1466718244194396,3.689997509456928
1.1495970076449993,3.686687801741739,1.1495970076449993,3.6908462496048076
1.1525221908705592,3.6875860956556155,1.1525221908705592,3.691694989752687
1.1554473740961189,3.6884009339149326,1.1554473740961189,3.6925267192993085
1.1583725573216788,3.6893961940893814,1.1583725573216788,3.6933581554616377
1.1612977405472384,3.6903027451493435,1.1612977405472384,3.6941895916239664
1.1642229237727983,3.6910826807651453,1.1642229237727983,3.6949947642853913
1.1671481069983582,3.6918492629233017,1.1671481069983582,3.695779355991758
1.170073290223918,3.692864575385183,1.170073290223918,3.696563947698125
1.1729984734494778,3.6937389481403646,1.1729984734494778,3.6973519427032593
1.1759236566750375,3.6946451793807413,1.1759236566750375,3.6981611493669395
1.1788488399005974,3.6956028128897818,1.1788488399005974,3.6989703560306193
1.181774023126157,3.6964587222820895,1.181774023126157,3.6997795626942995
1.184699206351717,3.6973664129501236,1.184699206351717,3.700566000459272
1.1876243895772767,3.698241226393525,1.1876243895772767,3.7013434011872
1.1905495728028366,3.698925151870509,1.1905495728028366,3.702120801915128
1.1934747560283963,3.699884112403487,1.1934747560283963,3.7028989318528036
1.1963999392539562,3.7007225927126686,1.1963999392539562,3.703678817301456
1.1993251224795158,3.7015093447396463,1.1993251224795158,3.704458702750108
1.2022503057050757,3.702309491692082,1.2022503057050757,3.7052385881987604
1.2051754889306354,3.7033109807257567,1.2051754889306354,3.7059846283042366
1.2081006721561953,3.7043002299171017,1.2081006721561953,3.7067256595432405
1.211025855381755,3.7052015143342203,1.211025855381755,3.7074666907822444
1.213951038607315,3.705956607083362,1.213951038607315,3.7082197814863354
1.2168762218328746,3.7067700276986604,1.2168762218328746,3.7089876895580045
1.2198014050584345,3.7077422237669015,1.2198014050584345,3.709755597629674
1.2227265882839942,3.7086068230506894,1.2227265882839942,3.710524197730294
1.225651771509554,3.7093482816006027,1.225651771509554,3.711318416936092
1.2285769547351137,3.7102614881102154,1.2285769547351137,3.7121126361418906
1.2315021379606736,3.7111350517847064,1.2315021379606736,3.7129068553476894
1.2344273211862333,3.7120014,1.2344273211862333,3.7137220926221226
1.2373525044117932,3.712821092086489,1.2373525044117932,3.714551115151037
1.240277687637353,3.7137878883911286,1.240277687637353,3.715380137679951
1.2432028708629128,3.7145957646209844,1.2432028708629128,3.716202027198102
1.2461280540884725,3.7154045530815623,1.2461280540884725,3.7169917532653995
1.2490532373140324,3.7163116234383535,1.2490532373140324,3.717781479332697
1.2519784205395923,3.7172137024184067,1.2519784205395923,3.718571205399994
1.254903603765152,3.7181016546572567,1.254903603765152,3.719379128469184
1.2578287869907119,3.7189005039162435,1.2578287869907119,3.720192825528014
1.2607539702162716,3.7198707640203086,1.2607539702162716,3.721006522586843
1.2636791534418315,3.7207390235828446,1.2636791534418315,3.7218263823526434
1.2666043366673911,3.7216012,1.2666043366673911,3.7226583808200244
1.269529519892951,3.7224511269465435,1.269529519892951,3.7234903792874054
1.2724547031185107,3.723445870887505,1.2724547031185107,3.724322377754786
1.2753798863440706,3.7242381554820145,1.2753798863440706,3.725152698657065
1.2783050695696303,3.725101060533873,1.2783050695696303,3.7259828624007536
1.2812302527951902,3.7260759063743802,1.2812302527951902,3.7268130261444417
1.2841554360207499,3.727001479298557,1.2841554360207499,3.727663304211058
1.2870806192463098,3.727889893010628,1.2870806192463098,3.7285343548666785
1.2900058024718695,3.728696331422255,1.2900058024718695,3.729405405522299
1.2929309856974294,3.729404971352437,1.2929309856974294,3.7302774216945584
1.295856168922989,3.7305099220676263,1.295856168922989,3.731162353046168
1.298781352148549,3.7314864408562087,1.298781352148549,3.7320472843977783
1.3017065353741086,3.73230174340184,1.3017065353741086,3.7329322157493885
1.3046317185996685,3.733301364765066,1.3046317185996685,3.733807964332339
1.3075569018252282,3.7342673036384526,1.3075569018252282,3.7346787064891585
1.3104820850507881,3.73510184477727,1.3104820850507881,3.735549448645978
1.3134072682763478,3.7360016726955827,1.3134072682763478,3.7364249742834192
1.3163324515019077,3.736901539529861,1.3163324515019077,3.737316997695359
1.3192576347274674,3.7377801973303897,1.3192576347274674,3.7382090211072985
1.3221828179530273,3.738735528027985,1.3221828179530273,3.7391010445192383
1.325108001178587,3.7397448414602743,1.325108001178587,3.7400437150166623
1.3280331844041469,3.7406003749877033,1.3280331844041469,3.740998859308806
1.3309583676297065,3.7414006504855384,1.3309583676297065,3.74195400360095
1.3338835508552664,3.742400859679848,1.3338835508552664,3.742905260248563
1.3368087340808263,3.7433019866835617,1.3368087340808263,3.7438501736414835
1.339733917306386,3.744202702025912,1.339733917306386,3.7447950870344044
1.342659100531946,3.7452029661711537,1.342659100531946,3.7457400004273254
1.3455842837575056,3.746202143966121,1.3455842837575056,3.746699402601455
1.3485094669830655,3.7471011978774404,1.3485094669830655,3.7476594463231616
1.3514346502086252,3.7479657855114827,1.3514346502086252,3.748619490044868
1.354359833434185,3.7490396007598275,1.354359833434185,3.7495796775681063
1.3572850166597448,3.7499447140761166,1.3572850166597448,3.750539989973946
1.3602101998853047,3.7510018986339193,1.3602101998853047,3.7515003023797866
1.3631353831108644,3.7519155779402236,1.3631353831108644,3.7524657367808447
1.3660605663364243,3.752765466058374,1.3660605663364243,3.753471451026491
1.368985749561984,3.753843161034251,1.368985749561984,3.7544771652721374
1.3719109327875438,3.754854760873434,1.3719109327875438,3.7554828795177833
1.3748361160131035,3.755682655371918,1.3748361160131035,3.756507981470919
1.3777612992386634,3.7567013145916577,1.3777612992386634,3.7575417766377224
1.380686482464223,3.7577885273030005,1.380686482464223,3.758575571804525
1.383611665689783,3.7585036961639102,1.383611665689783,3.7595936370246656
1.3865368489153427,3.7596182370265767,1.3865368489153427,3.760568745114548
1.3894620321409026,3.7606865760404413,1.3894620321409026,3.7615438532044303
1.3923872153664623,3.7616238935604267,1.3923872153664623,3.762518961294313
1.3953123985920222,3.7626309519037706,1.3953123985920222,3.7635531347100315
1.3982375818175818,3.7636019844512303,1.3982375818175818,3.764598089782007
1.4011627650431417,3.7647017123710476,1.4011627650431417,3.7656430448539835
1.4040879482687014,3.7656014303773886,1.4040879482687014,3.7666928268314974
1.4070131314942613,3.7667477517635937,1.4070131314942613,3.7677491863689103
1.409938314719821,3.7677415320035466,1.409938314719821,3.7688055459063237
1.412863497945381,3.7686335130193225,1.412863497945381,3.7698619164792713
1.4157886811709408,3.7697486579275847,1.4157886811709408,3.770931182371064
1.4187138643965005,3.7707026839270257,1.4187138643965005,3.772000448262857
1.4216390476220604,3.771773535050257,1.4216390476220604,3.7730697141546496
1.42456423084762,3.7726961677672803,1.42456423084762,3.774159587015733
1.42748941407318,3.7738015963999545,1.42748941407318,3.775264476560558
1.4304145972987397,3.7749022329855664,1.4304145972987397,3.776369366105383
1.4333397805242996,3.775913584050569,1.4333397805242996,3.777470391368313
1.4362649637498592,3.7770002561784635,1.4362649637498592,3.7785505211732144
1.4391901469754191,3.7780013544311988,1.4391901469754191,3.779630650978116
1.4421153302009788,3.779102764217133,1.4421153302009788,3.780710780783018
1.4450405134265387,3.779938876173485,1.4450405134265387,3.7818071687146992
1.4479656966520984,3.7812012241840605,1.4479656966520984,3.7829094582396148
1.4508908798776583,3.782102669420864,1.4508908798776583,3.7840117477645308
1.453816063103218,3.7832583573069782,1.453816063103218,3.7851180780584643
1.4567412463287779,3.7842369576818506,1.4567412463287779,3.786233348417393
1.4596664295543376,3.7854014023426052,1.4596664295543376,3.7873486187763215
1.4625916127798975,3.7863998727876025,1.4625916127798975,3.78846388913525
1.4655167960054571,3.787684078823007,1.4655167960054571,3.7895906332683507
1.468441979231017,3.7886027786641185,1.468441979231017,3.7907188115288606
1.4713671624565767,3.7897022502314264,1.4713671624565767,3.7918469897893705
1.4742923456821366,3.790803204671371,1.4742923456821366,3.792978673970137
1.4772175289076963,3.791910428226045,1.4772175289076963,3.7941143675453097
1.4801427121332562,3.793084950226926,1.4801427121332562,3.7952500611204822
1.483067895358816,3.7941244129763927,1.483067895358816,3.7963881509135193
1.4859930785843758,3.795274050439204,1.4859930785843758,3.7975781663005126
1.4889182618099355,3.796266780578489,1.4889182618099355,3.7987681816875063
1.4918434450354954,3.797402492450691,1.4918434450354954,3.7999581970744996
1.494768628261055,3.7985017709331994,1.494768628261055,3.8011505678920243
1.497693811486615,3.799647147375992,1.497693811486615,3.8023443718527803
1.5006189947121749,3.8007622900033273,1.5006189947121749,3.8035381758135367
1.5035441779377345,3.801900659317697,1.5035441779377345,3.8047233914410894
1.5064693611632944,3.8031745332218456,1.5064693611632944,3.805874108891782
1.5093945443888541,3.804201720129463,1.5093945443888541,3.807024826342474
1.512319727614414,3.8053758940155205,1.512319727614414,3.808175543793167
1.5152449108399737,3.8064947264019566,1.5152449108399737,3.8093601769485073
1.5181700940655336,3.8075023959488448,1.5181700940655336,3.8105545475656686
1.5210952772910933,3.8087049396727166,1.5210952772910933,3.81174891818283
1.5240204605166532,3.8099898204583127,1.5240204605166532,3.8129590783415432
1.5269456437422129,3.8109397579977844,1.5269456437422129,3.814197983771465
1.5298708269677728,3.812301303491769,1.5298708269677728,3.8154368892013864
1.5327960101933324,3.8134058511494717,1.5327960101933324,3.816675794631308
1.5357211934188923,3.8146404606519595,1.5357211934188923,3.8179334055388052
1.538646376644452,3.8157031508313763,1.538646376644452,3.819192377953845
1.541571559870012,3.8168050733312433,1.541571559870012,3.820451350368884
1.5444967430955716,3.818102371560172,1.5444967430955716,3.8217014150693513
1.5474219263211315,3.8192019104262274,1.5474219263211315,3.822942913151833
1.5503471095466912,3.820300257963412,1.5503471095466912,3.8241844112343144
1.553272292772251,3.8215805228705166,1.553272292772251,3.825430314595329
1.5561974759978108,3.822784609969671,1.5561974759978108,3.8267222347836203
1.5591226592233707,3.823990586398713,1.5591226592233707,3.828014154971912
1.5620478424489304,3.8252899435564376,1.5620478424489304,3.8293060751602037
1.5649730256744903,3.826498413598185,1.5649730256744903,3.830600060665591
1.56789820890005,3.8275019600159705,1.56789820890005,3.8318950867056487
1.5708233921256098,3.828685002466135,1.5708233921256098,3.833190112745707
1.5737485753511695,3.830001691299271,1.5737485753511695,3.8344772006593315
1.5766737585767294,3.831130691480122,1.5766737585767294,3.8357395035107915
1.579598941802289,3.8323353384422165,1.579598941802289,3.837001806362251
1.582524125027849,3.833543389582487,1.582524125027849,3.838264109213711
1.585449308253409,3.8348003083643456,1.585449308253409,3.8395904446264963
1.5883744914789686,3.836011780675806,1.5883744914789686,3.8409308176680956
1.5912996747045285,3.837264544727853,1.5912996747045285,3.8422711907096954
1.5942248579300882,3.838370108565075,1.5942248579300882,3.8436124957527062
1.597150041155648,3.8395032507049613,1.597150041155648,3.844955211682124
1.6000752243812078,3.840783502196499,1.6000752243812078,3.846297927611541
1.6030004076067677,3.84217541813877,1.6030004076067677,3.8476406435409585
1.6059255908323273,3.843295476801599,1.6059255908323273,3.849023518548577
1.6088507740578872,3.8446034614752547,1.6088507740578872,3.850407406033068
1.611775957283447,3.8458007850555633,1.611775957283447,3.851791293517559
1.6147011405090068,3.8469876703216994,1.6147011405090068,3.853168054903347
1.6176263237345665,3.8482818556636316,1.6176263237345665,3.8545390565157462
1.6205515069601264,3.84942760114559,1.6205515069601264,3.855910058128145
1.623476690185686,3.850735414275273,1.623476690185686,3.8572834038224344
1.626401873411246,3.8520632866390248,1.626401873411246,3.858672350631277
1.6293270566368057,3.853248343934581,1.6293270566368057,3.8600612974401187
1.6322522398623656,3.8544013782402167,1.6322522398623656,3.8614502442489607
1.6351774230879252,3.8558011268051584,1.6351774230879252,3.8628689418654862
1.6381026063134851,3.8570671170783593,1.6381026063134851,3.864299895791783
1.6410277895390448,3.8582729287900994,1.6410277895390448,3.8657308497180796
1.6439529727646047,3.8596376129335517,1.6439529727646047,3.867162925770087
1.6468781559901644,3.860886815278776,1.6468781559901644,3.868597805400643
1.6498033392157243,3.8621846430552957,1.6498033392157243,3.870032685031199
1.652728522441284,3.863501545531915,1.652728522441284,3.871467564661755
1.6556537056668439,3.86461158933776,1.6556537056668439,3.8729087330626344
1.6585788888924036,3.8659107344201566,1.6585788888924036,3.874350896010038
1.6615040721179635,3.867219417647683,1.6615040721179635,3.875793058957442
1.6644292553435234,3.8685520757928424,1.6644292553435234,3.87724631648001
1.667354438569083,3.8699325195421754,1.667354438569083,3.8787136339572896
1.670279621794643,3.8710753823835384,1.670279621794643,3.8801809514345695
1.6732048050202026,3.872534904644689,1.6732048050202026,3.8816483157249326
1.6761299882457625,3.8738020986526567,1.6761299882457625,3.8831181412945166
1.6790551714713222,3.8750438362867716,1.6790551714713222,3.8845879668641006
1.6819803546968821,3.876401039788969,1.6819803546968821,3.8860577924336845
1.6849055379224418,3.8776727542396365,1.6849055379224418,3.8875219085250454
1.6878307211480017,3.8790018323590805,1.6878307211480017,3.8889821588173255
1.6907559043735614,3.880469815622969,1.6907559043735614,3.890442409109605
1.6936810875991213,3.8818815789836134,1.6936810875991213,3.8919072756474242
1.696606270824681,3.883106158866684,1.696606270824681,3.893394074250249
1.6995314540502409,3.8844082442552623,1.6995314540502409,3.894880872853073
1.7024566372758005,3.8859900675439403,1.7024566372758005,3.8963676714558972
1.7053818205013604,3.8871172043758255,1.7053818205013604,3.8978136340065026
1.7083070037269201,3.8884024,1.7083070037269201,3.8992460924246135
1.71123218695248,3.889771469207388,1.71123218695248,3.900678550842725
1.7141573701780397,3.891073867014811,1.7141573701780397,3.9020937150578288
1.7170825534035996,3.8926600120152584,1.7170825534035996,3.9034736230172067
1.7200077366291593,3.8939016770507466,1.7200077366291593,3.904853530976584
1.7229329198547192,3.895245489702343,1.7229329198547192,3.906233438935962
1.7258581030802789,3.8966017055130298,1.7258581030802789,3.907586972402743
1.7287832863058388,3.8980022,1.7287832863058388,3.90893779208311
1.7317084695313985,3.8993014,1.7317084695313985,3.910288611763477
1.7346336527569584,3.900682950499287,1.7346336527569584,3.9115970737987333
1.737558835982518,3.9019139044877886,1.737558835982518,3.9128604342835045
1.740484019208078,3.903402099102739,1.740484019208078,3.9141237947682757
1.7434092024336376,3.904801416740897,1.7434092024336376,3.915382761881106
1.7463343856591975,3.906202,1.7463343856591975,3.9165751714588097
1.7492595688847574,3.907442016124296,1.7492595688847574,3.9177675810365136
1.752184752110317,3.9089026045047253,1.752184752110317,3.9189599906142174
1.755109935335877,3.9102558347023617,1.755109935335877,3.9201539525524765
1.7580351185614367,3.9115017343923353,1.7580351185614367,3.9213487894785537
1.7609603017869966,3.912982617601183,1.7609603017869966,3.9225436264046314
1.7638854850125563,3.9142545474608936,1.7638854850125563,3.923733269326766
1.7668106682381162,3.915762423221284,1.7668106682381162,3.924904185899959
1.7697358514636758,3.9169627054309104,1.7697358514636758,3.926075102473152
1.7726610346892357,3.918402662851732,1.7726610346892357,3.927246019046345
1.7755862179147954,3.919701330165813,1.7755862179147954,3.928431404035026
1.7785114011403553,3.920983186693715,1.7785114011403553,3.929620525700954
1.781436584365915,3.922304207453688,1.781436584365915,3.9308096473668828
1.784361767591475,3.923795695477133,1.784361767591475,3.931998729978119
1.7872869508170346,3.9252020526435736,1.7872869508170346,3.933187746758005
1.7902121340425945,3.9263084928004237,1.7902121340425945,3.9343767635378906
1.7931373172681542,3.927701075842733,1.7931373172681542,3.935565780317776
1.796062500493714,3.9290846141945552,1.796062500493714,3.9367420470268812
1.7989876837192738,3.930427872861829,1.7989876837192738,3.9379176421375903
1.8019128669448337,3.9317029250990383,1.8019128669448337,3.9390932372483
1.8048380501703933,3.9330412478706367,1.8048380501703933,3.9402436017548252
1.8077632333959532,3.9344941897592123,1.8077632333959532,3.9413713726556012
1.810688416621513,3.9357537964550966,1.810688416621513,3.942499143556377
1.8136135998470728,3.9371014,1.8136135998470728,3.9436262533963897
1.8165387830726325,3.9384664798390316,1.8165387830726325,3.9447477391214782
1.8194639662981924,3.939774247617257,1.8194639662981924,3.9458692248465668
1.822389149523752,3.94105863778803,1.822389149523752,3.9469907105716553
1.825314332749312,3.942232017117565,1.825314332749312,3.94811899808046
1.8282395159748717,3.9437853166841106,1.8282395159748717,3.949250445616904
1.8311646992004316,3.945197628034955,1.8311646992004316,3.950381893153348
1.8340898824259915,3.9465032,1.8340898824259915,3.9515153514802543
1.8370150656515511,3.9478257433407937,1.8370150656515511,3.952654521126985
1.839940248877111,3.9492018715374146,1.839940248877111,3.9537936907737157
1.8428654321026707,3.9505014992543215,1.8428654321026707,3.9549328604204463
1.8457906153282306,3.9518973384172256,1.8457906153282306,3.9560824059955917
1.8487157985537903,3.953201,1.8487157985537903,3.957233957389301
1.8516409817793502,3.954591530854235,1.8516409817793502,3.9583855087830107
1.85456616500491,3.9558515256072364,1.85456616500491,3.9595264692087007
1.8574913482304698,3.95726116997945,1.8574913482304698,3.960652537657011
1.8604165314560295,3.9586320239689687,1.8604165314560295,3.961778606105321
1.8633417146815894,3.9600749191075986,1.8633417146815894,3.9629046745536307
1.866266897907149,3.9614374943598,1.866266897907149,3.9640646205516585
1.869192081132709,3.9625186730107638,1.869192081132709,3.9652247978722874
1.8721172643582686,3.964093688465386,1.8721172643582686,3.9663849751929168
1.8750424475838285,3.9654008798912166,1.8750424475838285,3.9675494252524333
1.8779676308093882,3.966801847195042,1.8779676308093882,3.9687170877569016
1.8808928140349481,3.9681135561870415,1.8808928140349481,3.96988475026137
1.8838179972605078,3.9696016,1.8838179972605078,3.971053866465469
1.8867431804860677,3.970978254871963,1.8867431804860677,3.9722313225294617
1.8896683637116274,3.972064737697979,1.8896683637116274,3.973408778593454
1.8925935469371873,3.973602980334868,1.8925935469371873,3.9745862346574468
1.895518730162747,3.9748919074660494,1.895518730162747,3.975740238522305
1.8984439133883069,3.9764026,1.8984439133883069,3.9768853931643884
1.9013690966138665,3.977744526108375,1.9013690966138665,3.978030547806472
1.9042942798394265,3.9791656229716033,1.9042942798394265,3.9791808164745617
1.9072194630649861,3.9803594581491852,1.9072194630649861,3.9803428129396563
1.910144646290546,3.9818026431925717,1.910144646290546,3.9815048094047514
1.9130698295161057,3.983102340206656,1.9130698295161057,3.9826668058698464
1.9159950127416656,3.984510532126439,1.9159950127416656,3.983853522180487
1.9189201959672255,3.985901991136805,1.9189201959672255,3.985043569265146
1.9218453791927852,3.987308314422818,1.9218453791927852,3.986233616349804
1.924770562418345,3.9886146542707936,1.924770562418345,3.987425509682647
1.9276957456439048,3.990002167586997,1.9276957456439048,3.988619580264571
1.9306209288694647,3.9914547752080867,1.9306209288694647,3.989813650846495
1.9335461120950244,3.9927032,1.9335461120950244,3.9910073980156042
1.9364712953205843,3.9941414728722378,1.9364712953205843,3.9921926017990215
1.939396478546144,3.995550240566132,1.939396478546144,3.9933778055824383
1.9423216617717038,3.9969032495433297,1.9423216617717038,3.9945630093658555
1.9452468449972635,3.998361761543979,1.9452468449972635,3.9957603285814405
1.9481720282228234,3.999469214203737,1.9481720282228234,3.996965261683158
1.951097211448383,4.000903161014848,1.951097211448383,3.998170194784876
1.954022394673943,4.002324099778023,1.954022394673943,3.999372039637388
1.9569475778995027,4.003703961797532,1.9569475778995027,4.000560862156646
1.9598727611250626,4.00499572799423,1.9598727611250626,4.001749684675904
1.9627979443506223,4.00650260258042,1.9627979443506223,4.002938507195162
1.9657231275761822,4.007810202120198,1.9657231275761822,4.00412650745327
1.9686483108017419,4.009117757823459,1.9686483108017419,4.00531426112755
1.9715734940273018,4.010660451603843,1.9715734940273018,4.00650201480183
1.9744986772528614,4.011931712303396,1.9744986772528614,4.007706825680928
1.9774238604784213,4.0132710991680725,1.9774238604784213,4.008943748762932
1.980349043703981,4.014703330441303,1.980349043703981,4.010180671844936
1.983274226929541,4.016000492970632,1.983274226929541,4.011417594926941
1.9861994101551006,4.017358929156378,1.9861994101551006,4.01265069699667
1.9891245933806605,4.018803248033268,1.9891245933806605,4.013883487087242
1.9920497766062202,4.020241586733196,1.9920497766062202,4.015116277177814
1.99497495983178,4.0214806274075405,1.99497495983178,4.016345797631916
1.99790014305734,4.022705687350433,1.99790014305734,4.017572076097853
2.0008253262828997,4.024202935865769,2.0008253262828997,4.018798354563788
2.0037505095084596,4.025505549667659,2.0037505095084596,4.020026914331894
2.0066756927340195,4.026999938939053,2.0066756927340195,4.021281805261557
2.009600875959579,4.028304599999999,2.009600875959579,4.022536696191221
2.012526059185139,4.029787837814535,2.012526059185139,4.0237915871208845
2.0154512424106987,4.030950671167547,2.0154512424106987,4.0250474563373535
2.0183764256362586,4.032371369734041,2.0183764256362586,4.02630383551982
2.021301608861818,4.033705782768913,2.021301608861818,4.027560214702286
2.024226792087378,4.034947720023274,2.024226792087378,4.028820571949659
2.027151975312938,4.036406716261318,2.027151975312938,4.030093882872138
2.030077158538498,4.037761495696393,2.030077158538498,4.031367193794617
2.0330023417640573,4.039135416778723,2.0330023417640573,4.032640504717096
2.035927524989617,4.0404320772740405,2.035927524989617,4.03391247113965
2.038852708215177,4.041883068194418,2.038852708215177,4.035184127405542
2.041777891440737,4.043263541858218,2.041777891440737,4.036455783671435
2.0447030746662964,4.044501106510496,2.0447030746662964,4.03773753555201
2.0476282578918563,4.046004401223316,2.0476282578918563,4.039035067172523
2.050553441117416,4.047298266245387,2.050553441117416,4.040332598793036
2.053478624342976,4.048689160738139,2.053478624342976,4.041630130413549
2.0564038075685356,4.050045187749283,2.0564038075685356,4.0429194305014935
2.0593289907940955,4.051431766182283,2.0593289907940955,4.044208456464024
2.0622541740196554,4.052838569577478,2.0622541740196554,4.045497482426556
2.0651793572452153,4.054205460476505,2.0651793572452153,4.046791513071109
2.0681045404707747,4.055554325843042,2.0681045404707747,4.048089715547016
2.0710297236963346,4.056905417505958,2.0710297236963346,4.049387918022923
2.0739549069218945,4.0582056,2.0739549069218945,4.050692332688677
2.0768800901474544,4.059615205427756,2.0768800901474544,4.05204104588972
2.079805273373014,4.061116117997148,2.079805273373014,4.053389759090762
2.082730456598574,4.062489816336772,2.082730456598574,4.054738472291804
2.0856556398241337,4.06380583203989,2.0856556398241337,4.056076685843301
2.0885808230496936,4.065104807358766,2.0885808230496936,4.057410412296754
2.0915060062752535,4.0666102829248745,2.0915060062752535,4.058744138750207
2.094431189500813,4.067906802019632,2.094431189500813,4.060091249382711
2.097356372726373,4.0693255886187565,2.097356372726373,4.061473085117887
2.1002815559519328,4.0706861029750785,2.1002815559519328,4.062854920853063
2.1032067391774927,4.071940162003717,2.1032067391774927,4.064236756588239
2.106131922403052,4.0734476231627985,2.106131922403052,4.06563241666103
2.109057105628612,4.074805298377229,2.109057105628612,4.067030405875872
2.111982288854172,4.07626204521473,2.111982288854172,4.068428395090715
2.114907472079732,4.077668938362747,2.114907472079732,4.069827488775206
2.1178326553052913,4.079075332411116,2.1178326553052913,4.07122802625761
2.120757838530851,4.080483420024473,2.120757838530851,4.072628563740014
2.123683021756411,4.0819600945299905,2.123683021756411,4.074029292311396
2.126608204981971,4.0831906122567,2.126608204981971,4.0754471575997515
2.1295333882075305,4.084404005781567,2.1295333882075305,4.076865022888108
2.1324585714330904,4.086004070909773,2.1324585714330904,4.078282888176464
2.1353837546586503,4.087407996389536,2.1353837546586503,4.079719157084849
2.13830893788421,4.0889272439794935,2.13830893788421,4.081168287232348
2.1412341211097696,4.090204941885707,2.1412341211097696,4.082617417379847
2.1441593043353295,4.091542064795442,2.1441593043353295,4.0840717076893
2.1470844875608894,4.093048079293889,2.1470844875608894,4.085551877522001
2.1500096707864493,4.0945057694602545,2.1500096707864493,4.087032047354703
2.152934854012009,4.095923028419408,2.152934854012009,4.088512217187405
2.1558600372375687,4.097369841582175,2.1558600372375687,4.090005639026428
2.1587852204631286,4.098806260527827,2.1587852204631286,4.0915036242374665
2.1617104036886885,4.100165922046102,2.1617104036886885,4.093001609448505
2.1646355869142484,4.10160758146395,2.1646355869142484,4.094509574383055
2.167560770139808,4.10300133786811,2.167560770139808,4.096038604572494
2.1704859533653678,4.1046089796171055,2.1704859533653678,4.097567634761934
2.1734111365909277,4.1060770005999245,2.1734111365909277,4.099096664951373
2.1763363198164876,4.107405705126785,2.1763363198164876,4.100604767540474
2.179261503042047,4.108806350156717,2.179261503042047,4.102110520741756
2.182186686267607,4.110205716256856,2.182186686267607,4.103616273943039
2.185111869493167,4.111745690435355,2.185111869493167,4.105143444847615
2.1880370527187267,4.113099950056077,2.1880370527187267,4.106694129386523
2.190962235944286,4.114760899599111,2.190962235944286,4.10824481392543
2.193887419169846,4.115968841549359,2.193887419169846,4.10979608776288
2.196812602395406,4.117447333409834,2.196812602395406,4.111357628072581
2.199737785620966,4.1189611879438,2.199737785620966,4.112919168382282
2.2026629688465253,4.120591139361791,2.2026629688465253,4.114480708691983
2.2055881520720853,4.12199702242421,2.2055881520720853,4.116079328974589
2.208513335297645,4.1232078537799275,2.208513335297645,4.117699550115722
2.211438518523205,4.12490652444094,2.211438518523205,4.119319771256856
2.2143637017487645,4.1265072,2.2143637017487645,4.1209431380559804
2.2172888849743244,4.127707120879662,2.2172888849743244,4.122578374235684
2.2202140681998843,4.129277566502192,2.2202140681998843,4.124213610415389
2.223139251425444,4.130806709402792,2.223139251425444,4.125848846595093
2.2260644346510037,4.132253427345604,2.2260644346510037,4.1274766910178355
2.2289896178765636,4.133707588334635,2.2289896178765636,4.129102536171548
2.2319148011021235,4.1351691769097565,2.2319148011021235,4.13072838132526
2.2348399843276834,4.136746484386745,2.2348399843276834,4.132360949285421
2.237765167553243,4.138209111744659,2.237765167553243,4.13400522739749
2.2406903507788027,4.139707721495851,2.2406903507788027,4.1356495055095595
2.2436155340043626,4.141300098741875,2.2436155340043626,4.1372937836216295
2.2465407172299225,4.142905744782499,2.2465407172299225,4.139089799774005
2.2494659004554824,4.144306847927848,2.2494659004554824,4.140895103104506
2.252391083681042,4.145874894662398,2.252391083681042,4.142700406435007
2.255316266906602,4.147257196068745,2.255316266906602,4.144472646923649
2.2582414501321617,4.1488392717523,2.2582414501321617,4.146214359643931
2.2611666333577216,4.1503493301999255,2.2611666333577216,4.147956072364212
2.264091816583281,4.151856586243422,2.264091816583281,4.149701343427211
2.267016999808841,4.153365084930437,2.267016999808841,4.151479536691798
2.269942183034401,4.154907545748715,2.269942183034401,4.153257729956385
2.2728673662599608,4.15648067624174,2.2728673662599608,4.1550359232209715
2.2757925494855202,4.158067360539949,2.2757925494855202,4.156873201507993
2.27871773271108,4.159596558833097,2.27871773271108,4.158738908833923
2.28164291593664,4.161103508724609,2.28164291593664,4.160604616159852
2.2845680991622,4.16260842198817,2.2845680991622,4.162480285989483
2.2874932823877594,4.164132551623769,2.2874932823877594,4.164385408662465
2.2904184656133193,4.165630045068753,2.2904184656133193,4.166290531335448
2.293343648838879,4.167337174182628,2.293343648838879,4.168195654008431
2.296268832064439,4.168909093385366,2.296268832064439,4.170202507160371
2.2991940152899986,4.1704651478412,2.2991940152899986,4.172230142793637
2.3021191985155585,4.1720096,2.3021191985155585,4.174257778426905
2.3050443817411184,4.17351069296134,2.3050443817411184,4.176308385960495
2.3079695649666783,4.175110047788626,2.3079695649666783,4.178392328982571
2.3108947481922377,4.176941769182671,2.3108947481922377,4.180476272004645
2.3138199314177976,4.178396600997598,2.3138199314177976,4.18256021502672
2.3167451146433575,4.179915334870511,2.3167451146433575,4.184780302809085
2.3196702978689174,4.1815126539105805,2.3196702978689174,4.187002382357931
2.322595481094477,4.183042631795746,2.322595481094477,4.189224461906775
2.325520664320037,4.184631228521077,2.325520664320037,4.19146885165561
2.3284458475455967,4.186338732667606,2.3284458475455967,4.193730545242335
2.3313710307711566,4.187911199999999,2.3313710307711566,4.195992238829062
2.3342962139967165,4.189555387464464,2.3342962139967165,4.198276093679218
2.337221397222276,4.1905028,2.337221397222276,4.200695185609203
