sto_full,U_full
-0.08,8010.079084523649
-0.07939969984992497,7949.981013672546
-0.07879939969984992,7889.88293705568
-0.07819909954977489,7829.784854673049
-0.07759879939969985,7769.686766524655
-0.07699849924962482,7709.588672610495
-0.07639819909954977,7649.490572930571
-0.07579789894947474,7589.392467484883
-0.0751975987993997,7529.294356273432
-0.07459729864932467,7469.196239296215
-0.07399699849924962,7409.098116553233
-0.07339669834917459,7348.999988044488
-0.07279639819909955,7288.901853769979
-0.0721960980490245,7228.803713729704
-0.07159579789894947,7168.705567923666
-0.07099549774887444,7108.607416351864
-0.0703951975987994,7048.509259014299
-0.06979489744872436,6988.411095910966
-0.06919459729864932,6928.31292704187
-0.06859429714857429,6868.2147524070115
-0.06799399699849926,6808.116572006387
-0.06739369684842421,6748.018385839998
-0.06679339669834918,6687.920193907846
-0.06619309654827414,6627.821996209928
-0.0655927963981991,6567.723792746246
-0.06499249624812406,6507.625583516801
-0.06439219609804903,6447.527368521591
-0.06379189594797399,6387.4291477606175
-0.06319159579789894,6327.330921233877
-0.06259129564782391,6267.232688941374
-0.06199099549774888,6207.134450883108
-0.061390695347673836,6147.036207059076
-0.060790395197598796,6086.937957469279
-0.06019009504752376,6026.83970211372
-0.05958979489744873,5966.741440992396
-0.05898949474737369,5906.643174105306
-0.058389194597298646,5846.544901452452
-0.05778889444722361,5786.446623033836
-0.05718859429714857,5726.348338849452
-0.05658829414707353,5666.250048899306
-0.0559879939969985,5606.151753183396
-0.055387693846923464,5546.053451701721
-0.05478739369684842,5485.955144454282
-0.05418709354677338,5425.856831441079
-0.05358679339669835,5365.758512662111
-0.052986493246623315,5305.660188117379
-0.052386193096548274,5245.561857806882
-0.05178589294647323,5185.46352173062
-0.0511855927963982,5125.365179888596
-0.05058529264632316,5065.266832280806
-0.04998499249624812,5005.1684789072515
-0.049384692346173084,4945.070119767935
-0.04878439219609805,4884.971754862851
-0.04818409204602301,4824.873384192005
-0.04758379189594797,4764.775007755394
-0.046983491745872935,4704.676625553018
-0.046383191595797894,4644.5782375848785
-0.04578289144572286,4584.479843850975
-0.04518259129564782,4524.381444351306
-0.044582291145572786,4464.2830390858735
-0.043981990995497745,4404.184628054677
-0.04338169084542271,4344.086211257715
-0.04278139069534767,4283.987788694989
-0.04218109054527264,4223.889360366499
-0.041580790395197596,4163.790926272245
-0.040980490245122556,4103.692486412226
-0.04038019009504752,4043.5940407864437
-0.03977988994497248,3983.495589394896
-0.03917958979489745,3923.3971322375846
-0.038579289644822407,3863.2986693145085
-0.03797898949474737,3803.2002006256685
-0.03737868934467233,3743.101726171064
-0.0367783891945973,3683.0032459506956
-0.03617808904452226,3622.9047599645614
-0.035577788894447224,3562.8062682126642
-0.03497748874437218,3502.707770695002
-0.03437718859429714,3442.6092674115757
-0.03377688844422211,3382.5107583623853
-0.03317658829414707,3322.4122435474305
-0.032576288144072034,3262.313722966712
-0.03197598799399699,3202.2151966202277
-0.03137568784392196,3142.11666450798
-0.03077538769384692,3082.018126629968
-0.030175087543771885,3021.919582986192
-0.029574787393696844,2961.8210335766503
-0.02897448724362181,2901.7224784013456
-0.02837418709354677,2841.623917460276
-0.02777388694347173,2781.5253507534417
-0.027173586793396695,2721.426778280844
-0.026573286643321654,2661.3282000424815
-0.02597298649324662,2601.2296160383553
-0.02537268634317158,2541.1310262684638
-0.024772386193096546,2481.0324307328087
-0.024172086043021505,2420.9338294313884
-0.02357178589294647,2360.835222364205
-0.02297148574287143,2300.7366095312564
-0.022371185592796397,2240.637990932544
-0.021770885442721356,2180.5393665680667
-0.021170585292646316,2120.4407364378253
-0.020570285142571282,2060.34210054182
-0.01996998499249624,2000.2434588800497
-0.019369684842421207,1940.1448114525158
-0.018769384692346167,1880.0461582592168
-0.018169084542271133,1819.9474993001543
-0.017568784392196092,1759.8488345753267
-0.01696848424212105,1699.7501640847347
-0.016368184092046018,1639.6514878283792
-0.015767883941970984,1579.5528058062594
-0.015167583791895936,1519.4541180183737
-0.014567283641820902,1459.3554244647253
-0.013966983491745869,1399.2567251453124
-0.013366683341670835,1339.1580200601352
-0.012766383191595787,1279.0593092091924
-0.012166083041520753,1218.9605925924866
-0.01156578289144572,1158.8618702100164
-0.010965482741370686,1098.763142061782
-0.010365182591295638,1038.6644081477818
-0.009764882441220604,978.5656684680187
-0.00916458229114557,918.4669230224913
-0.008564282141070523,858.3681718111982
-0.007963981990995489,798.269414834142
-0.007363681840920455,738.1706520913217
-0.006763381690845421,678.071883582737
-0.006163081540770374,617.9731093083866
-0.00556278139069534,557.8743292682733
-0.004962481240620306,497.7755434623956
-0.004362181090545272,437.6767518907536
-0.0037618809404702247,377.57795455334593
-0.003161580790395191,317.47915145017527
-0.002561280640320157,257.3803425812403
-0.0019609804902451095,197.28152794653965
-0.0013606803401700757,137.18270754607605
-0.0007603801900950419,77.08388137984815
-0.00016008004002000809,16.985049447855893
0.0004402201100550396,0.8150512491657589
0.0010405202601300734,0.7947017954277792
0.0016408204102051072,0.7780548658626123
0.002241120560280141,0.7639218957262762
0.0028414207103551886,0.7516079115127635
0.0034417208604302224,0.7406700858883045
0.004042021010505256,0.7308092987012469
0.004642321160580304,0.7218141776033785
0.005242621310655338,0.7135287052009349
0.0058429214607303714,0.7058361463492775
0.006443221610805405,0.6986442574332865
0.007043521760880453,0.691883266826825
0.007643821910955487,0.6854934651396758
0.00824412206103052,0.679428723461271
0.008844422211105554,0.6736501209396563
0.009444722361180602,0.6681239372596619
0.010045022511255636,0.6628243870535495
0.01064532266133067,0.6577255445962789
0.011245622811405717,0.6528096308099166
0.011845922961480751,0.6480566596296226
0.012446223111555785,0.6434533390769981
0.013046523261630819,0.6389846258978034
0.013646823411705866,0.6346392718540171
0.0142471235617809,0.6304065740785798
0.014847423711855934,0.6262768452592098
0.015447723861930968,0.6222422543392669
0.016048024012006015,0.6182939492311517
0.01664832416208105,0.61442602546014
0.017248624312156083,0.6106318159805889
0.01784892446223113,0.6069050183761465
0.018449224612306164,0.6032411507828581
0.019049524762381198,0.5996350136605921
0.019649824912456232,0.5960817601928263
0.02025012506253128,0.592577976389237
0.020850425212606313,0.5891194205468698
0.021450725362681347,0.5857023280365243
0.02205102551275638,0.582324029443007
0.02265132566283143,0.5789808760195067
0.023251625812906462,0.5756700578003424
0.023851925962981496,0.5723893531564608
0.024452226113056544,0.5691357868806135
0.025052526263131578,0.5659072788184756
0.02565282641320661,0.5627015750458262
0.026253126563281645,0.559516813448392
0.026853426713356693,0.556350825154661
0.027453726863431727,0.5532023351528264
0.02805402701350676,0.5500696741642913
0.028654327163581794,0.5469513299622057
0.029254627313656842,0.543846266694865
0.029854927463731876,0.5407534687999278
0.03045522761380691,0.5376720727092051
0.031055527763881957,0.5346013885698812
0.03165582791395699,0.531541024497374
0.032256128064032025,0.5284910609338118
0.03285642821410706,0.5254512408802097
0.033456728364182106,0.522421990878646
0.03405702851425714,0.5194042427187632
0.034657328664332174,0.5163986742271606
0.03525762881440721,0.5134065229858802
0.035857928964482255,0.5104295775741549
0.03645822911455729,0.5074699870001985
0.03705852926463232,0.5045295981993374
0.03765882941470737,0.5016110857564132
0.038259129564782404,0.4987178005211396
0.03885942971485744,0.49585208439326334
0.03945972986493247,0.49301803821482343
0.04006003001500752,0.4902186112932963
0.04066033016508255,0.4874572853468204
0.04126063031515759,0.484737315130146
0.041860930465232635,0.4820619644802603
0.04246123061530767,0.479434737551533
0.0430615307653827,0.4768576880907577
0.043661830915457736,0.4743327643498656
0.044262131065532784,0.4718612966267953
0.04486243121560782,0.4694460676570174
0.045462731365682865,0.4670877930563611
0.0460630315157579,0.4647852518634396
0.04666333166583293,0.46253870110314305
0.04726363181590797,0.4603476295023012
0.047863931965983,0.4582126884077596
0.048464232116058034,0.4561310167849305
0.04906453226613307,0.45410083137515533
0.04966483241620813,0.45212045832229697
0.05026513256628316,0.4501879483118369
0.0508654327163582,0.4483023218358949
0.05146573286643323,0.4464613158604822
0.052066033016508265,0.44466205039101914
0.0526663331665833,0.4429019516035748
0.05326663331665833,0.4411789642648017
0.053866933466733366,0.43949155596613504
0.05446723361680843,0.43783778719331173
0.05506753376688346,0.43621451792114235
0.055667833916958495,0.4346204666186749
0.05626813406703353,0.43305407889765635
0.05686843421710856,0.4315120735310374
0.057468734367183597,0.42999376747483475
0.05806903451725863,0.42849767677554335
0.05866933466733369,0.42702142162880685
0.059269634817408726,0.4255641765966404
0.05986993496748376,0.42412378902480935
0.06047023511755879,0.4226984652684676
0.06107053526763383,0.42128827198600877
0.06167083541770886,0.4198905820921526
0.062271135567783895,0.41850510147993825
0.06287143571785896,0.41713038222263293
0.06347173586793399,0.41576531775020104
0.06407203601800902,0.4144085940236621
0.06467233616808406,0.41305988744787253
0.06527263631815909,0.4117175898419458
0.06587293646823413,0.4103817151876545
0.06647323661830916,0.4090508259383416
0.06707353676838419,0.4077248877017468
0.06767383691845925,0.4064028924385201
0.06827413706853429,0.4050843306387163
0.06887443721860932,0.4037688869887814
0.06947473736868436,0.4024559683393131
0.07007503751875939,0.40114559300895064
0.07067533766883442,0.39983724058834896
0.07127563781890946,0.3985310950138823
0.07187593796898452,0.39722695070598746
0.07247623811905955,0.3959249441855242
0.07307653826913459,0.39462514211385386
0.07367683841920962,0.3933277899656093
0.07427713856928465,0.39203324142468327
0.07487743871935969,0.390741850768294
0.07547773886943472,0.38945411944970093
0.07607803901950978,0.38817079487927525
0.07667833916958482,0.38689237082134553
0.07727863931965985,0.3856199219000507
0.07787893946973488,0.3843535947814203
0.07847923961980992,0.3830947649525639
0.07907953976988495,0.3818439326327011
0.07967983991995999,0.3806019292380407
0.08028014007003505,0.3793695940225054
0.08088044022011008,0.37814827351541697
0.08148074037018511,0.37693817008826797
0.08208104052026015,0.37574155998254516
0.08268134067033518,0.3745579339284112
0.08328164082041022,0.37338765220574816
0.08388194097048525,0.3722325413162233
0.08448224112056028,0.3710921424923357
0.08508254127063535,0.3699678175600939
0.08568284142071038,0.3688593035799384
0.08628314157078541,0.3677673312760714
0.08688344172086045,0.3666922833768615
0.08748374187093548,0.3656361382217048
0.08808404202101051,0.36459701959826674
0.08868434217108555,0.36357510259148346
0.08928464232116061,0.3625705009680675
0.08988494247123564,0.3615832714708396
0.09048524262131068,0.36061341122058654
0.09108554277138571,0.3596608625848461
0.09168584292146074,0.3587258881441131
0.09228614307153578,0.3578078100963261
0.09288644322161081,0.35690685011915035
0.09348674337168587,0.3560229227364191
0.09408704352176091,0.35515536445099904
0.09468734367183594,0.35430374538554826
0.09528764382191098,0.3534677628058815
0.09588794397198601,0.3526470206396672
0.09648824412206104,0.3518411529956369
0.09708854427213608,0.35104983444830673
0.09768884442221111,0.3502726550760549
0.09828914457228617,0.34950920080774367
0.0988894447223612,0.3487608409495261
0.09948974487243624,0.34802514585895716
0.10009004502251127,0.3473016096231242
0.1006903451725863,0.3465918677144403
0.10129064532266134,0.3458946452701289
0.10189094547273637,0.34520962872667793
0.10249124562281144,0.34453568269056994
0.10309154577288647,0.3438729765018363
0.1036918459229615,0.3432224491731778
0.10429214607303654,0.34258188978175336
0.10489244622311157,0.34195016683692
0.1054927463731866,0.34133072437320877
0.10609304652326164,0.3407212867695576
0.1066933466733367,0.3401194250031929
0.10729364682341173,0.3395283363263795
0.10789394697348677,0.33894668298286024
0.1084942471235618,0.33837234487105944
0.10909454727363684,0.33780788035154485
0.10969484742371187,0.3372513333680635
0.1102951475737869,0.3367018939664461
0.11089544772386194,0.3361627848338028
0.111495747873937,0.3356305800852868
0.11209604802401203,0.3351059949556489
0.11269634817408707,0.3345883507380771
0.1132966483241621,0.33407811573703056
0.11389694847423713,0.333574719795227
0.11449724862431217,0.33307861068696226
0.1150975487743872,0.3325884205928197
0.11569784892446226,0.33210475880175344
0.1162981490745373,0.33162747065874904
0.11689844922461233,0.33115551285938616
0.11749874937468736,0.3306906995440244
0.1180990495247624,0.3302298461009362
0.11869934967483743,0.3297769659258981
0.11929964982491247,0.3293267556681523
0.11989994997498753,0.32888515951555297
0.12050025012506256,0.328445718299102
0.1211005502751376,0.32801432994859125
0.12170085042521263,0.32758546728818766
0.12230115057528766,0.32716345989885376
0.1229014507253627,0.326744748380349
0.12350175087543773,0.32633180917117105
0.12410205102551276,0.325923160938023
0.12470235117558783,0.32551897913183386
0.12530265132566287,0.3251197284417978
0.12590295147573788,0.32472390507691834
0.12650325162581294,0.32433313082704274
0.12710355177588795,0.3239452943704563
0.127703851925963,0.32356279594095316
0.128304152076038,0.3231837155500615
0.12890445222611308,0.32280833204573556
0.12950475237618814,0.32243670117717294
0.13010505252626314,0.3220685026851802
0.1307053526763382,0.3217034096036334
0.1313056528264132,0.3213429116633531
0.13190595297648827,0.3209850226337668
0.13250625312656328,0.3206311769467179
0.13310655327663834,0.3202801866261548
0.1337068534267134,0.31993138649323943
0.1343071535767884,0.3195878878956821
0.13490745372686347,0.3192456925011584
0.13550775387693847,0.3189074734700853
0.13610805402701354,0.318572334893228
0.13670835417708854,0.3182378404848833
0.1373086543271636,0.31790993746940144
0.13790895447723867,0.3175826294766386
0.13850925462731367,0.3172572219939022
0.13910955477738873,0.31693745452195654
0.13970985492746374,0.31661768705001087
0.1403101550775388,0.3163014385627269
0.1409104552276138,0.3159889490166697
0.14151075537768887,0.3156767762090834
0.14211105552776393,0.3153690609570925
0.14271135567783894,0.3150638156433361
0.143311655827914,0.3147592856588467
0.143911955977989,0.31445911474534743
0.14451225612806406,0.31416063775285624
0.14511255627813907,0.31386312374936987
0.14571285642821413,0.3135696578743448
0.1463131565782892,0.3132776761727446
0.1469134567283642,0.31298696847366325
0.14751375687843926,0.31269967956929473
0.14811405702851427,0.3124138650938211
0.14871435717858933,0.31212975902772416
0.14931465732866434,0.3118482468162781
0.1499149574787394,0.31156818746186155
0.1505152576288144,0.3112904823828108
0.15111555777888946,0.3110144644065389
0.15171585792896453,0.3107398673505782
0.15231615807903953,0.3104681747565852
0.1529164582291146,0.31019747666314
0.1535167583791896,0.30992852869235216
0.15411705852926466,0.3096619185872726
0.15471735867933967,0.30939646364181067
0.15531765882941473,0.30913300296290697
0.1559179589794898,0.30887084178411106
0.1565182591295648,0.30861118527464904
0.15711855927963986,0.3083525109808356
0.15771885942971486,0.3080943796846854
0.15831915957978993,0.30784010710917054
0.15891945972986493,0.30758630871624904
0.15951975987994,0.3073333524645818
0.16012006003001505,0.3070824200278282
0.16072036018009006,0.30683387859354144
0.16132066033016512,0.30658575456179976
0.16192096048024013,0.30633782257953357
0.1625212606303152,0.3060941408701994
0.1631215607803902,0.30585091439339834
0.16372186093046526,0.3056078728074533
0.16432216108054032,0.30536631488119087
0.16492246123061532,0.3051285498370435
0.1655227613806904,0.3048907847928962
0.1661230615307654,0.30465301974874887
0.16672336168084045,0.3044179970467094
0.16732366183091546,0.3041850150243076
0.16792396198099052,0.30395216592274876
0.16852426213106558,0.3037193789780957
0.1691245622811406,0.3034899353792884
0.16972486243121565,0.30326139226871646
0.17032516258129066,0.3030333197501244
0.17092546273136572,0.3028053244192896
0.17152576288144072,0.30258080557040085
0.17212606303151579,0.3023565656222331
0.1727263631815908,0.30213316977857113
0.17332666333166585,0.30190980910764975
0.17392696348174086,0.3016896965204303
0.17452726363181592,0.3014696282993153
0.17512756378189098,0.3012507298535336
0.175727863931966,0.30103185100086793
0.17632816408204105,0.3008157395253719
0.17692846423211606,0.30059971468662267
0.17752876438219112,0.3003850638019688
0.17812906453226612,0.3001705176769206
0.17872936468234119,0.2999581051161287
0.17932966483241625,0.29974599845904065
0.17992996498249125,0.2995352840170871
0.18053026513256631,0.29932492545169265
0.18113056528264132,0.2991160023578141
0.18173086543271638,0.2989076916346089
0.1823311655827914,0.2987005496032837
0.18293146573286645,0.29849423693111904
0.1835317658829415,0.2982886768820909
0.18413206603301652,0.298084042782408
0.18473236618309158,0.2978800647928771
0.18533266633316658,0.29767766008306973
0.18593296648324165,0.29747541041792386
0.18653326663331665,0.29727433652194846
0.1871335667833917,0.29707326262597306
0.18773386693346672,0.2968744464302558
0.18833416708354178,0.2966758151578644
0.18893446723361684,0.2964778917488461
0.18953476738369185,0.29628026436077004
0.1901350675337669,0.2960838893534814
0.19073536768384192,0.29588890031690895
0.19133566783391698,0.2956940674033199
0.19193596798399198,0.2954998077017429
0.19253626813406705,0.29530554800016584
0.1931365682841421,0.2951140710720645
0.1937368684342171,0.29492275624832875
0.19433716858429217,0.2947317112209587
0.19493746873436718,0.2945408173505937
0.19553776888444224,0.2943509383299874
0.19613806903451725,0.29416310307538857
0.1967383691845923,0.29397526782078975
0.19733866933466737,0.2937875715886693
0.19793896948474238,0.293599877461792
0.19853926963481744,0.29341416798751707
0.19913956978489245,0.2932295914396727
0.1997398699349675,0.2930450148918283
0.2003401700850425,0.29286043834398395
0.20094047023511757,0.2926758617961395
0.20154077038519264,0.2924938966906437
0.20214107053526764,0.2923123556359132
0.2027413706853427,0.29213085978468745
0.2033416708354177,0.2919494233139642
0.20394197098549277,0.2917679942343171
0.20454227113556778,0.29158925345381226
0.20514257128564284,0.2914105126733074
0.2057428714357179,0.29123194826688736
0.2063431715857929,0.2910535361615257
0.20694347173586797,0.2908752807043205
0.20754377188594297,0.29069924357968907
0.20814407203601804,0.2905232064550576
0.20874437218609304,0.29034747084216
0.2093446723361681,0.290171970252145
0.20994497248624316,0.28999657394134315
0.21054527263631817,0.2898231460857569
0.21114557278639323,0.2896497182301706
0.21174587293646824,0.28947666100654446
0.2123461730865433,0.28930396182284784
0.2129464732366183,0.2891312626391513
0.21354677338669337,0.28896027359344134
0.21414707353676837,0.28878936279546513
0.21474737368684343,0.28861879353408554
0.2153476738369185,0.28844878832000653
0.2159479739869935,0.2882787831059275
0.21654827413706856,0.2881099711168016
0.21714857428714357,0.28794148728095065
0.21774887443721863,0.28777318288310616
0.21834917458729364,0.2876057667970575
0.2189494747373687,0.2874383507110088
0.21954977488744376,0.28727161480384666
0.22015007503751877,0.28710546981003693
0.22075037518759383,0.28693932481622725
0.22135067533766883,0.2867742519814481
0.2219509754877439,0.2866093225438367
0.2225512756378189,0.2864446102852265
0.22315157578789396,0.28628071801674415
0.22375187593796902,0.28611682574826175
0.22435217608804403,0.28595363505274723
0.2249524762381191,0.28579109236057226
0.2255527763881941,0.2856285496683973
0.22615307653826916,0.2854666833229385
0.22675337668834417,0.28530497772807156
0.22735367683841923,0.2851433953821209
0.2279539769884943,0.28498319194412697
0.2285542771385693,0.28482298850613297
0.22915457728864436,0.284662998913858
0.22975487743871936,0.2845034423767284
0.23035517758879442,0.2843438858395988
0.23095547773886943,0.2841852694301583
0.2315557778889445,0.2840273682350883
0.23215607803901955,0.2838694670400182
0.23275637818909456,0.2837118965936733
0.23335667833916962,0.28355442143459936
0.23395697848924463,0.2833969462755254
0.2345572786393197,0.2832410978339221
0.2351575787893947,0.28308528736100497
0.23575787893946976,0.28292951438228686
0.23635817908954482,0.28277395701377206
0.23695847923961982,0.2826183996452573
0.23755877938969489,0.28246339145276433
0.2381590795397699,0.2823095803841646
0.23875937968984495,0.28215576931556485
0.23935967983991996,0.28200200049162977
0.23995997998999502,0.2818482835824898
0.24056028014007008,0.2816945666733498
0.2411605802901451,0.2815419048555032
0.24176088044022015,0.28139000373437517
0.24236118059029516,0.2812381026132472
0.24296148074037022,0.2810862014921192
0.24356178089044522,0.28093430037099126
0.24416208104052028,0.2807823992498633
0.2447623811905953,0.28063187595099287
0.24536268134067035,0.2804817473168457
0.2459629814907454,0.28033161868269857
0.24656328164082042,0.2801815320711729
0.24716358179089548,0.2800314533917409
0.2477638819409705,0.27988137471230895
0.24836418209104555,0.2797327043863275
0.24896448224112055,0.2795841834254879
0.24956478239119562,0.2794356624646483
0.2501650825412707,0.2792873091515321
0.2507653826913457,0.27913896726199633
0.25136568284142075,0.2789906253724605
0.25196598299149575,0.27884359258770053
0.2525662831415708,0.2786966076807421
0.2531665832916458,0.2785496227737837
0.2537668834417209,0.2784029235771794
0.25436718359179594,0.2782562344993423
0.25496748374187095,0.2781095454215051
0.255567783891946,0.2779639805153607
0.256168084042021,0.27781846144416295
0.2567683841920961,0.2776729423729652
0.2573686843421711,0.27752779649562215
0.25796898449224615,0.2773826779784285
0.2585692846423212,0.2772375594612349
0.2591695847923962,0.27709333186633134
0.2597698849424713,0.27694920968089165
0.2603701850925463,0.276805087495452
0.26097048524262134,0.27666137774448596
0.26157078539269635,0.2765177490716376
0.2621710855427714,0.2763741203987892
0.26277138569284647,0.2762311324235942
0.2633716858429215,0.2760883393930451
0.26397198599299654,0.275945546362496
0.26457228614307154,0.2758031441765335
0.2651725862931466,0.2756609261260388
0.2657728864432216,0.2755187080755442
0.2663731865932967,0.2753768890843279
0.26697348674337174,0.2752353586955348
0.26757378689344674,0.2750938283067417
0.2681740870435218,0.2749525984864988
0.2687743871935968,0.2748117133521176
0.26937468734367187,0.2746708282177364
0.2699749874937469,0.2745301422588757
0.27057528764382194,0.2743898480616642
0.27117558779389694,0.2742495538644528
0.271775887943972,0.27410940672711104
0.27237618809404707,0.2739698662666809
0.2729764882441221,0.27383032580625083
0.27357678839419713,0.2736908007473214
0.27417708854427214,0.2735516858156113
0.2747773886943472,0.2734125708839012
0.2753776888444222,0.2732734559521911
0.27597798899449727,0.2731349900097789
0.27657828914457233,0.27299662309139466
0.27717858929464734,0.2728582561730104
0.2777788894447224,0.27272010332726987
0.2783791895947974,0.2725820503391641
0.27897948974487247,0.2724439973510584
0.2795797898949475,0.272306327904799
0.28018009004502253,0.2721690593179058
0.2807803901950976,0.27203179073101263
0.2813806903451726,0.2718945816783059
0.28198099049524766,0.27175752742391535
0.28258129064532267,0.2716204731695248
0.28318159079539773,0.27148346884593316
0.28378189094547274,0.2713472258417746
0.2843821910955478,0.2712109828376161
0.28498249124562286,0.27107473983345753
0.28558279139569787,0.2709386009441458
0.2861830915457729,0.2708024839596149
0.28678339169584793,0.27066636697508406
0.287383691845923,0.2705307366699266
0.287983991995998,0.2703954476306413
0.28858429214607306,0.27026015859135594
0.2891845922961481,0.27012488562135356
0.28978489244622313,0.2699896453309385
0.2903851925962982,0.26985440504052344
0.2909854927463732,0.269719223403899
0.29158579289644826,0.2695848177153197
0.29218609304652327,0.2694504120267405
0.2927863931965983,0.2693160063381613
0.2933866933466734,0.2691816006495821
0.2939869934967484,0.2690471949610028
0.29458729364682346,0.26891278927242357
0.29518759379689846,0.26877879052734116
0.2957878939469735,0.26864518107107865
0.29638819409704853,0.2685115716148162
0.2969884942471236,0.2683779658626908
0.2975887943971986,0.2682443738831944
0.29818909454727366,0.268110781903698
0.2987893946973487,0.2679771899242016
0.2993896948474237,0.26784421134918546
0.2999899949974988,0.2677112916860601
0.3005902951475738,0.2675783720229347
0.30119059529764886,0.26744549568856957
0.30179089544772386,0.2673126487108423
0.3023911955977989,0.26717980173311506
0.302991495747874,0.26704711028325934
0.303591795897949,0.2669148226815106
0.30419209604802405,0.2667825350797619
0.30479239619809906,0.2666502474780132
0.3053926963481741,0.26651807116493514
0.3059929964982491,0.2663859012129164
0.3065932966483242,0.26625373126089763
0.30719359679839925,0.2661218407384271
0.30779389694847425,0.2659901282225445
0.3083941970985493,0.26585841570666185
0.3089944972486243,0.26572674349633485
0.3095947973986994,0.26559518353421063
0.3101950975487744,0.2654636235720864
0.31079539769884945,0.2653320636099622
0.3113956978489245,0.2652008381475423
0.3119959979989995,0.265069644290924
0.3125962981490746,0.26493845043430564
0.3131965982991496,0.2648073548646039
0.31379689844922465,0.2646763384900755
0.31439719859929965,0.2645453221155471
0.3149974987493747,0.2644143621123406
0.3155977988994498,0.2642836434502189
0.3161980990495248,0.2641529247880972
0.31679839919959984,0.2640222061259755
0.31739869934967485,0.2638916516684531
0.3179989994997499,0.2637611339299207
0.3185992996498249,0.26363061619138833
0.3191995997999,0.2635001935803442
0.31979989994997504,0.26336989206099554
0.32040020010005005,0.26323959054164686
0.3210005002501251,0.2631093003896509
0.3216008004002001,0.26297919807383346
0.3222011005502752,0.26284909575801607
0.3228014007003502,0.2627189934421986
0.32340170085042524,0.2625889918837956
0.3240020010005003,0.26245904017926946
0.3246023011505753,0.2623290884747434
0.3252026013006504,0.26219918903724715
0.3258029014507254,0.2620694260299635
0.32640320160080044,0.2619396630226799
0.32700350175087545,0.2618099000153963
0.3276038019009505,0.2616802259877868
0.3282041020510255,0.261550564087409
0.3288044022011006,0.26142090218703123
0.32940470235117564,0.26129132397688254
0.33000500250125064,0.26116183625949196
0.3306053026513257,0.2610323485421014
0.3312056028014007,0.260902865519715
0.3318059029514758,0.2607734393215259
0.3324062031015508,0.26064401312333685
0.33300650325162584,0.26051458692514784
0.3336068034017009,0.2603852613954986
0.3342071035517759,0.260255985326899
0.33480740370185097,0.2601267092582993
0.335407703851926,0.25999744148117077
0.33600800400200104,0.2598681972031045
0.33660830415207604,0.25973895292503824
0.3372086043021511,0.2596097086469719
0.33780890445222617,0.2594805636049101
0.3384092046023012,0.2593514360409674
0.33900950475237623,0.2592223084770247
0.33960980490245124,0.25909318605999665
0.3402101050525263,0.2589640702847217
0.3408104052026013,0.2588349545094467
0.34141070535267637,0.25870584040803507
0.34201100550275143,0.25857679857690363
0.34261130565282644,0.2584477567457722
0.3432116058029015,0.2583187149146407
0.3438119059529765,0.25818967394230824
0.34441220610305157,0.2580606335266575
0.34501250625312657,0.2579315931110068
0.34561280640320163,0.2578025568530406
0.3462131065532767,0.25767353823235395
0.3468134067033517,0.2575445196116673
0.34741370685342676,0.25741550099098065
0.34801400700350177,0.25728648237029395
0.34861430715357683,0.2571574637496073
0.34921460730365184,0.25702844512892065
0.3498149074537269,0.25689941277327455
0.35041520760380196,0.256770355754457
0.35101550775387697,0.2566412987356395
0.351615807903952,0.25651224171682196
0.35221610805402703,0.2563831841290912
0.3528164082041021,0.25625412650644896
0.3534167083541771,0.2561250688838067
0.35401700850425216,0.25599596294851623
0.35461730865432717,0.2558668135958008
0.35521760880440223,0.25573766424308536
0.3558179089544773,0.25560851383453587
0.3564182091045523,0.25547935518821924
0.35701850925462736,0.2553501965419026
0.35761880940470236,0.255221037895586
0.3582191095547774,0.2550917843810502
0.35881940970485243,0.2549624903596019
0.3594197098549275,0.25483319633815366
0.36002001000500256,0.25470389431597806
0.36062031015507756,0.2545745728501479
0.3612206103051526,0.25444525138431767
0.36182091045522763,0.25431592991848745
0.3624212106053027,0.2541864537082411
0.3630215107553777,0.2540569569926375
0.36362181090545276,0.25392746027703383
0.3642221110555278,0.2537979362927015
0.3648224112056028,0.25366838265752634
0.3654227113556779,0.2535388290223512
0.3660230115057529,0.25340925949358
0.36662331165582795,0.2532794985095015
0.36722361180590296,0.25314973752542297
0.367823911955978,0.25301997654134445
0.3684242121060531,0.2528901486888352
0.3690245122561281,0.2527602893203625
0.36962481240620315,0.2526304299518898
0.37022511255627816,0.25250050950916747
0.3708254127063532,0.2523704360345499
0.3714257128564282,0.2522403625599323
0.3720260130065033,0.25211028908531474
0.37262631315657835,0.25198008851241677
0.37322661330665335,0.251849873254566
0.3738269134567284,0.2517196579967152
0.3744272136068034,0.2515893307471508
0.3750275137568785,0.25145889645222924
0.3756278139069535,0.2513284621573077
0.37622811405702855,0.25119800173636586
0.3768284142071036,0.25106736927711054
0.3774287143571786,0.2509367368178552
0.3780290145072537,0.2508061043585999
0.3786293146573287,0.2506753093616821
0.37922961480740375,0.25054446233570316
0.37982991495747875,0.2504136153097242
0.3804302151075538,0.25028266570358576
0.3810305152576288,0.2501515547885358
0.3816308154077039,0.25002044387348576
0.38223111555777894,0.24988932759551086
0.38283141570785395,0.24975801592569297
0.383431715857929,0.24962670425587505
0.384032016008004,0.24949539258605713
0.3846323161580791,0.24936385385143525
0.3852326163081541,0.24923220319952083
0.38583291645822915,0.2491005525476064
0.3864332166083042,0.24896884477383635
0.3870335167583792,0.24883701651292586
0.3876338169084543,0.24870518825201535
0.3882341170585293,0.24857335999110486
0.38883441720860434,0.24844111766906068
0.38943471735867935,0.24830886598924073
0.3900350175087544,0.24817661430942073
0.3906353176588295,0.24804426903723015
0.3912356178089045,0.2479118722278674
0.39183591795897954,0.24777947541850465
0.39243621810905455,0.2476469154455297
0.3930365182591296,0.24751400152819084
0.3936368184092046,0.24738108761085198
0.3942371185592797,0.24724817369351312
0.39483741870935474,0.24711515647937443
0.39543771885942974,0.24698213917493766
0.3960380190095048,0.24684912187050087
0.3966383191595798,0.2467156795675892
0.3972386193096549,0.2465820420988777
0.3978389194597299,0.24644840463016626
0.39843921960980494,0.24631474689591265
0.39903951975988,0.2461810570413396
0.399639819909955,0.24604736718676656
0.40024012006003007,0.2459136116239522
0.4008404202101051,0.2457791891983219
0.40144072036018014,0.24564476677269156
0.40204102051025514,0.24551034434706126
0.4026413206603302,0.24537592192143093
0.40324162081040527,0.2452414994958006
0.40384192096048027,0.2451070770701703
0.40444222111055533,0.24497220923693758
0.40504252126063034,0.24483694850885476
0.4056428214107054,0.2447016877807719
0.4062431215607804,0.24456642488371197
0.40684342171085547,0.24443115619482356
0.40744372186093053,0.24429588750593517
0.40804402201100554,0.24416060734737097
0.4086443221610806,0.24402450661059744
0.4092446223111556,0.24388840587382393
0.40984492246123067,0.24375230513705043
0.41044522261130567,0.24361614347024563
0.41104552276138073,0.2434799641175827
0.41164582291145574,0.24334378476491975
0.4122461230615308,0.2432071357009538
0.41284642321160586,0.24307008352874038
0.41344672336168087,0.24293303135652694
0.41404702351175593,0.24279592435417408
0.41464732366183094,0.2426587018425179
0.415247623811906,0.2425214793308617
0.415847923961981,0.24238417035852539
0.41644822411205606,0.24224615906942298
0.4170485242621311,0.24210814778032055
0.41764882441220613,0.24197013649121818
0.4182491245622812,0.24183189701817423
0.4188494247123562,0.2416936365379969
0.41944972486243126,0.24155537605781954
0.42005002501250627,0.24141656928705385
0.42065032516258133,0.24127755793362
0.4212506253126564,0.2411385465801861
0.42185092546273145,0.24099934136882212
0.4224512256128064,0.24085998172772174
0.42305152576288146,0.24072062208662132
0.4236518259129565,0.24058098550101475
0.4242521260630316,0.2404409222233851
0.42485242621310654,0.24030085894575548
0.4254527263631816,0.24016068311034197
0.42605302651325666,0.24002016314901728
0.4266533266633317,0.2398796431876926
0.4272536268134068,0.2397390523341045
0.42785392696348173,0.23959788538697868
0.4284542271135568,0.23945671843985286
0.42905452726363186,0.239315551492727
0.4296548274137069,0.2391738177444903
0.430255127563782,0.2390320765629876
0.43085542771385693,0.23889033538148494
0.431455727863932,0.23874808445345275
0.43205602801400705,0.23860576215745521
0.4326563281640821,0.23846343986145768
0.43325662831415707,0.2383205707957695
0.43385692846423213,0.23817754752922335
0.4344572286143072,0.23803452426267718
0.43505752876438225,0.2378911478068132
0.4356578289144573,0.23774761855858775
0.43625812906453226,0.23760408931036234
0.4368584292146073,0.2374600355264903
0.4374587293646824,0.23731566956829409
0.43805902951475745,0.23717130361009783
0.4386593296648325,0.23702669580196178
0.43925962981490746,0.23688190819152616
0.4398599299649825,0.2367371205810905
0.4404602301150576,0.23659181373042945
0.44106053026513264,0.23644604483461054
0.4416608304152076,0.23630027593879166
0.44226113056528266,0.23615434120817644
0.4428614307153577,0.23600824405893497
0.4434617308654328,0.2358621469096935
0.44406203101550784,0.23571549600817293
0.4446623311655828,0.23556826425646904
0.44526263131565785,0.23542103250476512
0.4458629314657329,0.2352736891291766
0.446463231615808,0.23512623149322898
0.44706353176588304,0.23497877385728136
0.447663831915958,0.23483066169262115
0.44826413206603305,0.23468190759056173
0.4488644322161081,0.23453315348850232
0.4494647323661832,0.2343843372849628
0.4500650325162581,0.2342354685201658
0.4506653326663332,0.23408659975536875
0.45126563281640825,0.23393687948798034
0.4518659329664833,0.23378654420525594
0.45246623311655837,0.23363620892253156
0.4530665332666333,0.2334858736398072
0.4536668334167084,0.23333553835708282
0.45426713356678344,0.23318520307435842
0.4548674337168585,0.23303363167126181
0.45546773386693346,0.23288157105380136
0.4560680340170085,0.23272951043634088
0.4566683341670836,0.23257744520915463
0.45726863431715864,0.2324253789538021
0.4578689344672337,0.2322733126984496
0.45846923461730865,0.23211977941988718
0.4590695347673837,0.23196611670118106
0.4596698349174588,0.23181244694803035
0.46027013506753384,0.23165864444735929
0.4608704352176089,0.23150484194668822
0.46147073536768385,0.23135076646117056
0.4620710355177589,0.23119548304520296
0.46267133566783397,0.23104019962923536
0.46327163581790903,0.23088482042160055
0.463871935967984,0.23072925989365606
0.46447223611805905,0.23057369936571157
0.4650725362681341,0.23041742840525106
0.46567283641820917,0.2302604805267909
0.46627313656828423,0.23010353264833075
0.4668734367183592,0.22994628552599466
0.46747373686843424,0.2297889122990906
0.4680740370185093,0.2296315390721865
0.46867433716858437,0.2294730062450745
0.4692746373186594,0.22931434823545285
0.4698749374687344,0.22915561796461967
0.47047523761880944,0.22899637854277513
0.4710755377688845,0.2288371391209306
0.47167583791895956,0.22867748186581058
0.4722761380690345,0.22851706924974324
0.4728764382191096,0.22835665663367588
0.47347673836918464,0.2281957909934449
0.4740770385192597,0.22803463358988565
0.47467733866933476,0.22787347618632645
0.4752776388194097,0.22771139941585897
0.47587793896948477,0.22754918898274915
0.47647823911955983,0.22738683613566565
0.4770785392696349,0.22722371064269842
0.47767883941970996,0.22706058514973115
0.4782791395697849,0.22689704044015338
0.47887943971985997,0.2267329904264948
0.47947973986993503,0.2265689404128362
0.4800800400200101,0.22640405372028483
0.48068034017008504,0.22623891211939434
0.4812806403201601,0.22607369384875023
0.48188094047023516,0.22590776408963892
0.4824812406203102,0.22574183433052764
0.4830815407703853,0.22557534312668953
0.48368184092046024,0.22540813953859284
0.4842821410705353,0.22524093595049616
0.48488244122061036,0.2250732140289291
0.4854827413706854,0.22490536612303758
0.4860830415207604,0.22473725772563502
0.48668334167083543,0.22456794887615705
0.4872836418209105,0.2243986400266791
0.48788394197098556,0.2242290474714028
0.4884842421210606,0.22405924504833305
0.48908454227113557,0.22388944262526334
0.48968484242121063,0.2237180229615852
0.4902851425712857,0.2235465683760001
0.49088544272136075,0.22337497229762124
0.4914857428714358,0.22320317086604818
0.49208604302151077,0.22303136943447516
0.4926863431715858,0.22285796453574266
0.4932866433216609,0.2226842592237355
0.49388694347173595,0.2225104986172341
0.4944872436218109,0.22233661177384775
0.49508754377188596,0.22216272493046135
0.495687843921961,0.22198719569279274
0.4962881440720361,0.22181117487088983
0.49688844422211115,0.22163515233628855
0.4974887443721861,0.2214591250613902
0.49808904452226116,0.2212830977864918
0.4986893446723362,0.22110536490214244
0.4992896448224113,0.22092709716290784
0.49988994497248634,0.22074882942367322
0.5004902451225614,0.22057056168443862
0.5010905452726364,0.220392293945204
0.5016908454227115,0.2202123103852029
0.5022911455727865,0.2200319397854217
0.5028914457228615,0.2198515062787928
0.5034917458729365,0.2196709666242464
0.5040920460230116,0.2194904269697
0.5046923461730867,0.21930807759774845
0.5052926463231617,0.2191255931834048
0.5058929464732367,0.21894292977664304
0.5064932466233117,0.21876009782606146
0.5070935467733868,0.21857708057618128
0.5076938469234619,0.2183924685352214
0.5082941470735368,0.21820785649426155
0.5088944472236119,0.21802286642559526
0.5094947473736869,0.21783772671186014
0.510095047523762,0.2176520469389955
0.5106953476738371,0.21746529761126315
0.511295647823912,0.2172785482835308
0.5118959479739871,0.21709110839820744
0.5124962481240621,0.21690365092056882
0.5130965482741372,0.21671529876957987
0.5136968484242123,0.21652640685496047
0.5142971485742872,0.21633725742737303
0.5148974487243623,0.21614747790535874
0.5154977488744373,0.21595769838334444
0.5160980490245124,0.21576670421115374
0.5166983491745873,0.21557566916479748
0.5172986493246624,0.21538393155356447
0.5178989494747375,0.2151918320696074
0.5184992496248125,0.21499934001553092
0.5190995497748876,0.2148061662000866
0.5196998499249625,0.21461288902257186
0.5203001500750376,0.21441847800644587
0.5209004502251127,0.21422406699031984
0.5215007503751877,0.21402892801430395
0.5221010505252628,0.2138336251122362
0.5227013506753377,0.21363753717633485
0.5233016508254128,0.21344083046006224
0.5239019509754879,0.21324389617805475
0.5245022511255629,0.21304647459733958
0.5251025512756379,0.21284891835270986
0.5257028514257129,0.21264992299876115
0.526303151575788,0.21245092764481244
0.5269034517258631,0.21225144102278665
0.5275037518759381,0.2120518812906627
0.5281040520260131,0.21185111430537623
0.5287043521760881,0.21164972986704805
0.5293046523261632,0.21144817904334806
0.5299049524762383,0.21124644267899384
0.5305052526263133,0.2110441764979556
0.5311055527763883,0.2108405990439778
0.5317058529264633,0.2106369993476198
0.5323061530765384,0.21043324035630565
0.5329064532266135,0.2102294813649915
0.5335067533766884,0.21002384000213192
0.5341070535267635,0.20981811857251143
0.5347073536768385,0.2096123819026479
0.5353076538269136,0.2094066418080382
0.5359079539769886,0.2091995081908567
0.5365082541270636,0.2089917006288124
0.5371085542771387,0.20878389306676803
0.5377088544272137,0.20857608550472367
0.5383091545772888,0.20836746573026002
0.5389094547273637,0.20815777662266638
0.5395097548774388,0.2079480422592117
0.5401100550275139,0.20773821581741841
0.5407103551775889,0.20752800938357369
0.541310655327664,0.20731652188076238
0.5419109554777389,0.2071049936710678
0.542511255627814,0.20689322445624805
0.543111555777889,0.20668136420712904
0.5437118559279641,0.20646815010516661
0.5443121560780392,0.20625493600320416
0.5449124562281141,0.2060413118394977
0.5455127563781892,0.2058276858702903
0.5461130565282643,0.20561290787723435
0.5467133566783393,0.20539804611477233
0.5473136568284143,0.20518272127665438
0.5479139569784893,0.20496733369794654
0.5485142571285644,0.20475108241162923
0.5491145572786394,0.20453465940288085
0.5497148574287145,0.20431774095903907
0.5503151575787895,0.2041006966516295
0.5509154577288645,0.20388300377887333
0.5515157578789396,0.20366511334803786
0.5521160580290146,0.20344670523508337
0.5527163581790897,0.2032281185229841
0.5533166583291647,0.20300904471971018
0.5539169584792397,0.20278978793371785
0.5545172586293148,0.20256999463595085
0.5551175587793898,0.20234998906556217
0.5557178589294648,0.20212960152573103
0.5563181590795399,0.2019090601898832
0.5569184592296149,0.2016879350869244
0.55751875937969,0.20146657642481172
0.558119059529765,0.20124495303564552
0.55871935967984,0.20102322818132537
0.559319659829915,0.20080093107257377
0.5599199599799901,0.2005784275194036
0.5605202601300652,0.20035574515439256
0.5611205602801402,0.20013300439048792
0.5617208604302152,0.19990969326319707
0.5623211605802902,0.19968621639883813
0.5629214607303653,0.19946262993146957
0.5635217608804404,0.19923901647267905
0.5641220610305153,0.19901483899173963
0.5647223611805904,0.1987905469325657
0.5653226613306654,0.19856620341388623
0.5659229614807405,0.1983418519241975
0.5665232616308156,0.19811696790892241
0.5671235617808905,0.19789202545901924
0.5677238619309656,0.19766707617775672
0.5683241620810406,0.19744212647220782
0.5689244622311157,0.1972167130963101
0.5695247623811907,0.19699129121683262
0.5701250625312657,0.19676586933735513
0.5707253626813408,0.1965404272074246
0.5713256628314158,0.19631472064815303
0.5719259629814909,0.1960890118895845
0.5725262631315658,0.19586328671937356
0.5731265632816409,0.19563754402039288
0.573726863431716,0.1954117128538177
0.574327163581791,0.19518587807054427
0.5749274637318661,0.19496002996291042
0.575527763881941,0.19473419437861084
0.5761280640320161,0.19450839411574802
0.5767283641820912,0.19428259788929328
0.5773286643321662,0.19405681066401442
0.5779289644822412,0.1938310859965877
0.5785292646323162,0.19360547383973903
0.5791295647823913,0.19337989059807661
0.5797298649324664,0.19315435009245263
0.5803301650825414,0.1929289329742967
0.5809304652326164,0.19270366717893003
0.5815307653826914,0.19247847968458645
0.5821310655327665,0.19225337291745653
0.5827313656828416,0.19202845936202842
0.5833316658329166,0.1918037142748168
0.5839319659829916,0.1915791338700728
0.5845322661330666,0.1913546762422133
0.5851325662831417,0.19113047002860434
0.5857328664332168,0.19090642519067774
0.5863331665832917,0.19068266617374732
0.5869334667333668,0.19045906680757593
0.5875337668834418,0.19023574290936687
0.5881340670335169,0.1900125545374845
0.588734367183592,0.18978978657488296
0.5893346673336669,0.18956720289011164
0.589934967483742,0.18934489964997883
0.590535267633817,0.18912270825648755
0.5911355677838921,0.18890110364180226
0.591735867933967,0.18867971492213176
0.5923361680840421,0.18845858144194444
0.5929364682341172,0.1882375376503406
0.5935367683841922,0.18801725819832285
0.5941370685342673,0.18779723923705297
0.5947373686843422,0.18757742036206904
0.5953376688344173,0.18735767092311725
0.5959379689844924,0.1871388558921492
0.5965382691345674,0.1869203752197263
0.5971385692846425,0.186702014885436
0.5977388694347174,0.1864837016011458
0.5983391695847925,0.18626646118403195
0.5989394697348676,0.1860496809679837
0.5995397698849426,0.18583292729204998
0.6001400700350176,0.18561618689982515
0.6007403701850926,0.18540059463193423
0.6013406703351677,0.18518566892331126
0.6019409704852428,0.18497074321468832
0.6025412706353178,0.18475581750606535
0.6031415707853928,0.18454189556353875
0.6037418709354678,0.1843288607648937
0.6043421710855429,0.18411587645827962
0.604942471235618,0.18390295101852833
0.605542771385693,0.18369075298385962
0.606143071535768,0.18347968545125598
0.606743371685843,0.1832687024090401
0.6073436718359181,0.18305791362605806
0.6079439719859931,0.18284750552869633
0.6085442721360681,0.18263851302905215
0.6091445722861432,0.1824295685134031
0.6097448724362182,0.18222104287183155
0.6103451725862933,0.18201251723026
0.6109454727363683,0.18180570094016987
0.6115457728864433,0.1815989038198949
0.6121460730365184,0.18139268920197468
0.6127463731865934,0.1811865714878592
0.6133466733366685,0.1809816783923278
0.6139469734867435,0.18077726436737582
0.6145472736368185,0.18057338460849232
0.6151475737868936,0.1803699205346658
0.6157478739369686,0.18016703781155557
0.6163481740870437,0.1799650419560175
0.6169484742371186,0.17976328699786406
0.6175487743871937,0.17956241813759968
0.6181490745372688,0.17936157457001498
0.6187493746873438,0.1791620159582402
0.6193496748374189,0.17896245734646543
0.6199499749874938,0.1787640062461001
0.6205502751375689,0.1785658141775714
0.621150575287644,0.1783682874040032
0.621750875437719,0.17817122995234558
0.622351175587794,0.1779747359266572
0.622951475737869,0.17777929071153592
0.6235517758879441,0.17758393435202827
0.6241520760380191,0.17738943316421663
0.6247523761880942,0.17719493197640498
0.6253526763381692,0.1770019720640788
0.6259529764882442,0.17680933269577778
0.6265532766383193,0.1766170931380757
0.6271535767883943,0.17642519465558357
0.6277538769384694,0.17623380872739058
0.6283541770885444,0.1760440229123998
0.6289544772386194,0.17585423709740894
0.6295547773886945,0.1756649368808122
0.6301550775387695,0.1754756788837206
0.6307553776888445,0.17528781706485397
0.6313556778389195,0.17510092172735736
0.6319559779889946,0.174914097804725
0.6325562781390697,0.17472750973966553
0.6331565782891447,0.17454092167460605
0.6337568784392197,0.17435660387918384
0.6343571785892947,0.1741726252836843
0.6349574787393698,0.17398868541719315
0.6355577788894449,0.17380478851103437
0.6361580790395199,0.1736211114915301
0.6367583791895949,0.1734400655897688
0.6373586793396699,0.17325901968800747
0.637958979489745,0.17307797378624612
0.6385592796398201,0.1728969278844848
0.639159579789895,0.1727164629085639
0.6397598799399701,0.1725382141753036
0.6403601800900451,0.17235996544204332
0.6409604802401202,0.1721818209494138
0.6415607803901953,0.17200371408735046
0.6421610805402702,0.17182627576341242
0.6427613806903453,0.17165074161196647
0.6433616808404203,0.17147520746052053
0.6439619809904954,0.17129994512758762
0.6445622811405705,0.17112477403676235
0.6451625812906454,0.17095018143356147
0.6457628814407205,0.17077750049177012
0.6463631815907955,0.17060481954997875
0.6469634817408706,0.17043255923496933
0.6475637818909455,0.17026049718312847
0.6481640820410206,0.17008868637681618
0.6487643821910957,0.1699187571003085
0.6493646823411707,0.16974882782380082
0.6499649824912458,0.16957932215355753
0.6505652826413207,0.1694102015891222
0.6511655827913958,0.16924108102468685
0.6517658829414709,0.16907367318285693
0.6523661830915459,0.168906419547881
0.6529664832416209,0.16873945044870484
0.6535667833916959,0.168573206147002
0.654167083541771,0.16840696184529916
0.6547673836918461,0.16824174309031129
0.6553676838419211,0.16807712558831991
0.6559679839919961,0.16791250808632854
0.6565682841420711,0.16774904585856867
0.6571685842921462,0.16758564097890752
0.6577688844422213,0.16742259033038484
0.6583691845922963,0.167260573851257
0.6589694847423713,0.16709855737212922
0.6595697848924463,0.1669372931555116
0.6601700850425214,0.16677668422668643
0.6607703851925965,0.16661607529786124
0.6613706853426714,0.1664563775502474
0.6619709854927465,0.1662969221375746
0.6625712856428215,0.16613750739257213
0.6631715857928966,0.16597964489520609
0.6637718859429717,0.16582178239784004
0.6643721860930466,0.1656641353469995
0.6649724862431217,0.16550719652066626
0.6655727863931967,0.165350257694333
0.6661730865432718,0.16519406923282937
0.6667733866933468,0.16503889790000112
0.6673736868434218,0.1648837265671729
0.6679739869934969,0.16472896419371272
0.6685742871435719,0.16457449333883775
0.669174587293647,0.16442002248396279
0.6697748874437219,0.16426696141998137
0.670375187593797,0.16411442115021602
0.6709754877438721,0.16396188088045063
0.6715757878939471,0.1638097483996997
0.6721760880440222,0.1636576932836347
0.6727763881940971,0.1635056381675697
0.6733766883441722,0.16335554275489483
0.6739769884942473,0.163205568862361
0.6745772886443223,0.16305559565520117
0.6751775887943973,0.1629059006402209
0.6757778889444723,0.1627562056252406
0.6763781890945474,0.16260663891577015
0.6769784892446225,0.16245916262639756
0.6775787893946975,0.16231168633702497
0.6781790895447725,0.16216421574438858
0.6787793896948475,0.16201682213805937
0.6793796898449226,0.16186942853173017
0.6799799899949976,0.16172221832513858
0.6805802901450727,0.16157716723408236
0.6811805902951477,0.16143211614302616
0.6817808904452227,0.1612870650519699
0.6823811905952978,0.16114201396091368
0.6829814907453728,0.16099696286985743
0.6835817908954478,0.16085191291056117
0.6841820910455229,0.1607091986785567
0.6847823911955979,0.16056648444655228
0.685382691345673,0.16042377021454785
0.685982991495748,0.16028114988488623
0.686583291645823,0.16013853863626257
0.687183591795898,0.15999592738763888
0.6877838919459731,0.15985501682079545
0.6883841920960482,0.1597144772348907
0.6889844922461232,0.159573937648986
0.6895847923961982,0.15943358707554578
0.6901850925462732,0.15929332363412665
0.6907853926963483,0.1591530601927075
0.6913856928464234,0.1590137508794349
0.6919859929964983,0.158875248348409
0.6925862931465734,0.15873674581738303
0.6931865932966484,0.15859839491512354
0.6937868934467235,0.15846031445283618
0.6943871935967986,0.15832223399054882
0.6949874937468735,0.1581844096281285
0.6955877938969486,0.15804786328084167
0.6961880940470236,0.15791131693355484
0.6967883941970987,0.15777477058626801
0.6973886943471738,0.1576387548226305
0.6979889944972487,0.15750277367420312
0.6985892946473238,0.1573667925257757
0.6991895947973988,0.15723173055863526
0.6997898949474739,0.15709706788107425
0.7003901950975489,0.15696240520351323
0.7009904952476239,0.15682803727732736
0.701590795397699,0.15669407006297598
0.702191095547774,0.1565601028486246
0.7027913956978491,0.15642628441755163
0.703391695847924,0.15629343176376254
0.7039919959979991,0.1561605791099734
0.7045922961480742,0.1560277264561843
0.7051925962981492,0.15589553642769835
0.7057928964482242,0.1557634962560342
0.7063931965982992,0.15563145608436998
0.7069934967483743,0.15549985636476707
0.7075937968984494,0.15536873917253402
0.7081940970485244,0.15523762198030097
0.7087943971985994,0.15510661045567578
0.7093946973486744,0.15497640926845177
0.7099949974987495,0.15484620808122773
0.7105952976488246,0.15471600689400372
0.7111955977988996,0.1545863488203194
0.7117958979489746,0.15445689177144065
0.7123961980990496,0.15432743472256188
0.7129964982491247,0.15419830444493474
0.7135967983991998,0.15406985317466065
0.7141970985492747,0.15394140190438657
0.7147973986993498,0.1538129506341125
0.7153976988494248,0.15368501605359125
0.7159979989994999,0.15355714320769787
0.716598299149575,0.1534292703618045
0.7171985992996499,0.15330188006515927
0.717798899449725,0.15317508886374673
0.7183991995998,0.1530482976623342
0.7189994997498751,0.15292150646092165
0.7195997998999502,0.15279512840687645
0.7202001000500251,0.15266876331826043
0.7208004002001002,0.1525423982296444
0.7214007003501752,0.1524165834615745
0.7220010005002503,0.15229136178499786
0.7226013006503252,0.15216614010842125
0.7232016008004003,0.1520409184318446
0.7238019009504754,0.15191597307659846
0.7244022011005504,0.15179103888466894
0.7250025012506255,0.1516661046927394
0.7256028014007004,0.15154168616142893
0.7262031015507755,0.15141794303369419
0.7268034017008506,0.15129419990595944
0.7274037018509256,0.15117045677822472
0.7280040020010007,0.1510468574024666
0.7286043021510756,0.15092327936401564
0.7292046023011507,0.15079970132556467
0.7298049024512258,0.15067650067208363
0.7304052026013008,0.15055416482426703
0.7310055027513758,0.15043182897645047
0.7316058029014508,0.1503094931286339
0.7322061030515259,0.1501871956576323
0.732806403201601,0.1500649145837174
0.733406703351676,0.1499426335098025
0.734007003501751,0.14982047809220048
0.734607303651826,0.1496995078353823
0.7352076038019011,0.14957853757856412
0.7358079039519761,0.14945756732174595
0.7364082041020511,0.14933659706492777
0.7370085042521262,0.1492156268081096
0.7376088044022012,0.14909465655129142
0.7382091045522763,0.14897368629447325
0.7388094047023513,0.14885364424034034
0.7394097048524263,0.14873382249288195
0.7400100050025014,0.14861400074542352
0.7406103051525764,0.14849418461614808
0.7412106053026515,0.14837440628143087
0.7418109054527265,0.14825462794671365
0.7424112056028015,0.14813484961199647
0.7430115057528766,0.14801550975316052
0.7436118059029516,0.1478967072996274
0.7442121060530267,0.1477779048460943
0.7448124062031016,0.14765910239256122
0.7454127063531767,0.14754039117121587
0.7460130065032518,0.14742171217412517
0.7466133066533268,0.14730303317703444
0.7472136068034019,0.1471843744387908
0.7478139069534768,0.14706651255667466
0.7484142071035519,0.14694865067455848
0.749014507253627,0.14683078879244232
0.749614807403702,0.14671298093045965
0.7502151075537771,0.14659530869003462
0.750815407703852,0.14647763644960962
0.7514157078539271,0.1463599642091846
0.7520160080040021,0.1462426541701894
0.7526163081540772,0.1461256540586146
0.7532166083041522,0.14600865394703985
0.7538169084542272,0.14589165383546507
0.7544172086043023,0.14577484028158055
0.7550175087543773,0.14565808201278285
0.7556178089044524,0.14554132374398518
0.7562181090545274,0.1454245654751875
0.7568184092046024,0.1453083462571556
0.7574187093546775,0.1451921291437376
0.7580190095047525,0.14507591203031958
0.7586193096548275,0.14495975182646337
0.7592196098049026,0.14484381472226898
0.7598199099549776,0.1447278776180746
0.7604202101050527,0.1446119405138802
0.7610205102551277,0.14449617358932093
0.7616208104052027,0.14438066064886904
0.7622211105552777,0.1442651477084171
0.7628214107053528,0.1441496347679652
0.7634217108554279,0.1440342997408656
0.7640220110055029,0.1439190908107234
0.7646223111555779,0.1438038818805812
0.7652226113056529,0.143688672950439
0.765822911455728,0.1435737079442736
0.7664232116058031,0.1434588203213418
0.767023511755878,0.14334393269841006
0.7676238119059531,0.14322904507547826
0.7682241120560281,0.14311444691321196
0.7688244122061032,0.14299987310257956
0.7694247123561783,0.14288529929194718
0.7700250125062532,0.1427707429517562
0.7706253126563283,0.14265640167312885
0.7712256128064033,0.14254206039450149
0.7718259129564784,0.1424277191158741
0.7724262131065535,0.1423134458758852
0.7730265132566284,0.14219941381041287
0.7736268134067035,0.14208538174494054
0.7742271135567785,0.14197134967946817
0.7748274137068536,0.1418573736245692
0.7754277138569285,0.14174349956189503
0.7760280140070036,0.14162962549922084
0.7766283141570787,0.14151575143654663
0.7772286143071537,0.1414020177160669
0.7778289144572288,0.1412884338681258
0.7784292146073037,0.14117485002018473
0.7790295147573788,0.14106126617224365
0.7796298149074539,0.14094774122500733
0.7802301150575289,0.14083425509222752
0.780830415207604,0.14072076895944774
0.7814307153576789,0.14060728282666796
0.782031015507754,0.14049398109510017
0.7826313156578291,0.14038075156081473
0.7832316158079041,0.14026752202652926
0.7838319159579791,0.14015429249224381
0.7844322161080541,0.14004110752009782
0.7850325162581292,0.1399279319552216
0.7856328164082043,0.1398147563903454
0.7862331165582793,0.1397015808254692
0.7868334167083543,0.13958860736252035
0.7874337168584293,0.13947564890341485
0.7880340170085044,0.13936269044430938
0.7886343171585795,0.13924973252453976
0.7892346173086544,0.13913679292020106
0.7898349174587295,0.13902385331586237
0.7904352176088045,0.13891091371152367
0.7910355177588796,0.13879799109463675
0.7916358179089547,0.1386851866691612
0.7922361180590296,0.13857238224368565
0.7928364182091047,0.1384595778182101
0.7934367183591797,0.13834677395670164
0.7940370185092548,0.13823397211762448
0.7946373186593298,0.13812117027854728
0.7952376188094048,0.13800836843947015
0.7958379189594799,0.137895583311775
0.7964382191095549,0.1377828353202476
0.79703851925963,0.13767008732872021
0.7976388194097049,0.13755733933719283
0.79823911955978,0.13744459134566542
0.7988394197098551,0.137331843354138
0.7994397198599301,0.13721909536261062
0.8000400200100052,0.1371063473710832
0.8006403201600801,0.13699358044712306
0.8012406203101552,0.13688079391266214
0.8018409204602303,0.13676800737820122
0.8024412206103053,0.1366552208437403
0.8030415207603804,0.1365424335987365
0.8036418209104553,0.13642964584543985
0.8042421210605304,0.13631685809214317
0.8048424212106055,0.13620407033884652
0.8054427213606805,0.1360912002359959
0.8060430215107555,0.13597829044278276
0.8066433216608305,0.13586538064956954
0.8072436218109056,0.13575247085635636
0.8078439219609806,0.13563954976685555
0.8084442221110557,0.1355266253184949
0.8090445222611307,0.13541370087013427
0.8096448224112057,0.1353007764217736
0.8102451225612808,0.13518768587899854
0.8108454227113558,0.13507456993305925
0.8114457228614309,0.13496145398711992
0.8120460230115059,0.13484833804118063
0.8126463231615809,0.1347351802283977
0.813246623311656,0.13462202114259722
0.813846923461731,0.1345088620567967
0.814447223611806,0.13439568444447342
0.815047523761881,0.13428227874191626
0.8156478239119561,0.13416887303935912
0.8162481240620312,0.13405546733680196
0.8168484242121062,0.13394204527677023
0.8174487243621812,0.13382855267063473
0.8180490245122563,0.13371506006449918
0.8186493246623313,0.13360156745836366
0.8192496248124064,0.13348798740574383
0.8198499249624813,0.1333742074346949
0.8204502251125564,0.13326042746364597
0.8210505252626314,0.13314664749259703
0.8216508254127065,0.13303280460000305
0.8222511255627816,0.13291887836545607
0.8228514257128565,0.1328049521309091
0.8234517258629316,0.13269102589636209
0.8240520260130066,0.13257692375613483
0.8246523261630817,0.13246268399510405
0.8252526263131568,0.13234844423407327
0.8258529264632317,0.13223420447304252
0.8264532266133068,0.13211980907503496
0.8270535267633818,0.13200534777809558
0.8276538269134569,0.13189088648115624
0.8282541270635319,0.13177642518421692
0.8288544272136069,0.13166168723753957
0.829454727363682,0.1315469010379488
0.830055027513757,0.13143211483835807
0.8306553276638321,0.13131732509011157
0.831255627813907,0.13120222580104896
0.8318559279639821,0.1310871265119863
0.8324562281140572,0.13097202722292364
0.8330565282641322,0.1308568695884982
0.8336568284142073,0.13074144906654914
0.8342571285642822,0.1306260285446001
0.8348574287143573,0.13051060802265105
0.8354577288644324,0.1303950347435211
0.8360580290145074,0.1302791929192619
0.8366583291645824,0.1301633510950027
0.8372586293146574,0.1300475092707435
0.8378589294647325,0.12993149083252703
0.8384592296148076,0.1298153321701656
0.8390595297648826,0.1296991735078042
0.8396598299149576,0.1295830148454428
0.8402601300650326,0.129466419041544
0.8408604302151077,0.12934968719065337
0.8414607303651828,0.12923295533976273
0.8420610305152577,0.12911622348887214
0.8426613306653328,0.12899921609718368
0.8432616308154078,0.12888220493608357
0.8438619309654829,0.12876519377498347
0.844462231115558,0.12864802471899245
0.8450625312656329,0.12853029380632358
0.845662831415708,0.12841256289365469
0.846263131565783,0.12829483198098576
0.8468634317158581,0.12817699649941225
0.8474637318659332,0.12805904556869177
0.8480640320160081,0.12794109463797135
0.8486643321660832,0.12782314370725087
0.8492646323161582,0.12770455653940582
0.8498649324662333,0.12758574368359551
0.8504652326163082,0.1274669308277852
0.8510655327663833,0.12734811369098997
0.8516658329164584,0.12722914877449756
0.8522661330665334,0.12711018385800518
0.8528664332166085,0.1269912189415128
0.8534667333666834,0.12687191734890016
0.8540670335167585,0.12675190973680028
0.8546673336668336,0.12663190212470038
0.8552676338169086,0.1265118945126005
0.8558679339669837,0.12639184313717264
0.8564682341170586,0.12627176817828767
0.8570685342671337,0.12615169321940267
0.8576688344172088,0.12603161826051767
0.8582691345672838,0.12591032686549944
0.8588694347173588,0.1257890091376802
0.8594697348674338,0.12566769140986092
0.8600700350175089,0.12554637368204166
0.860670335167584,0.1254250559542224
0.861270635317659,0.12530373822640312
0.861870935467734,0.12518242049858389
0.862471235617809,0.1250601111019426
0.8630715357678841,0.12493740058750159
0.8636718359179592,0.12481469007306058
0.8642721360680342,0.12469197531470248
0.8648724362181092,0.12456922938686563
0.8654727363681842,0.12444648345902873
0.8660730365182593,0.12432373753119184
0.8666733366683343,0.1242002561508808
0.8672736368184093,0.12407611919534137
0.8678739369684844,0.12395198223980192
0.8684742371185594,0.12382784528426245
0.8690745372686345,0.12370355364557645
0.8696748374187095,0.12357925849893558
0.8702751375687845,0.12345496335229475
0.8708754377188596,0.123330075741779
0.8714757378689346,0.12320440742431525
0.8720760380190097,0.1230787391068515
0.8726763381690846,0.12295307078938779
0.8732766383191597,0.12282712517404959
0.8738769384692348,0.12270115669867612
0.8744772386193098,0.12257518822330266
0.8750775387693849,0.12244865131107176
0.8756778389194598,0.12232134401763019
0.8762781390695349,0.12219403672418859
0.87687843921961,0.12206672943074699
0.877478739369685,0.12193897759634209
0.8780790395197601,0.12181120826067866
0.878679339669835,0.12168343892501525
0.8792796398199101,0.12155501019522824
0.8798799399699851,0.12142595344260912
0.8804802401200602,0.12129689668998998
0.8810805402701352,0.1211677776274553
0.8816808404202102,0.12103807625060847
0.8822811405702853,0.12090837487376166
0.8828814407203603,0.12077867349691485
0.8834817408704354,0.12064812160313289
0.8840820410205104,0.12051720191827722
0.8846823411705854,0.12038628223342154
0.8852826413206605,0.12025508146612546
0.8858829414707355,0.1201233130811592
0.8864832416208106,0.11999154469619294
0.8870835417708856,0.11985977631122671
0.8876838419209606,0.11972687023667497
0.8882841420710357,0.11959394795684823
0.8888844422211107,0.1194610256770215
0.8894847423711857,0.11932736839333992
0.8900850425212607,0.11919334870011927
0.8906853426713358,0.11905932900689864
0.8912856428214109,0.11892489621849066
0.8918859429714859,0.11878979148554501
0.8924862431215609,0.1186546867525994
0.893086543271636,0.11851941612759155
0.893686843421711,0.11838290662840091
0.8942871435717861,0.11824639712921026
0.8948874437218611,0.11810988763001962
0.8954877438719361,0.11797257478854331
0.8960880440220111,0.11783516168294603
0.8966883441720862,0.11769774857734874
0.8972886443221613,0.11755923954129914
0.8978889444722362,0.11742021766323892
0.8984892446223113,0.11728119578517868
0.8990895447723863,0.11714178809242008
0.8996898449224614,0.11700201049166015
0.9002901450725365,0.11686223289090023
0.9008904452226114,0.11672177364903802
0.9014907453726865,0.11658008652633334
0.9020910455227615,0.11643839940362867
0.9026913456728366,0.11629656808097495
0.9032916458229115,0.11615429457796922
0.9038919459729866,0.11601202107496345
0.9044922461230617,0.11586941723680634
0.9050925462731367,0.11572490695639283
0.9056928464232118,0.11558039667597932
0.9062931465732867,0.11543584795051136
0.9068934467233618,0.11529094298567692
0.9074937468734369,0.11514603802084249
0.9080940470235119,0.11500098936574037
0.908694347173587,0.11485349252957477
0.9092946473236619,0.1147059956934092
0.909894947473737,0.11455848683585826
0.9104952476238121,0.11441081037547055
0.9110955477738871,0.11426313391508283
0.9116958479239621,0.11411521326953859
0.9122961480740371,0.11396456063297518
0.9128964482241122,0.11381390799641175
0.9134967483741873,0.11366325535984834
0.9140970485242623,0.11351260272328491
0.9146973486743373,0.11336195008672151
0.9152976488244123,0.11321054498542737
0.9158979489744874,0.11305662393646271
0.9164982491245625,0.11290270288749805
0.9170985492746375,0.1127487589097652
0.9176988494247125,0.11259477528936813
0.9182991495747875,0.11244079166897104
0.9188994497248626,0.11228520956261831
0.9194997498749377,0.11212805323104924
0.9201000500250126,0.1119708968994802
0.9207003501750878,0.11181350290869851
0.9213006503251627,0.111656006576534
0.9219009504752377,0.11149851024436949
0.9225012506253129,0.11133826381695382
0.9231015507753878,0.11117771258573425
0.923701850925463,0.11101706137293342
0.9243021510755379,0.11085586387566927
0.9249024512256129,0.11069466637840512
0.925502751375688,0.11053224444602551
0.926103051525763,0.110368132984786
0.9267033516758382,0.11020402152354643
0.9273036518259131,0.11003918841463663
0.9279039519759881,0.10987409410200077
0.9285042521260632,0.10970882313243778
0.9291045522761382,0.10954098024623085
0.9297048524262131,0.10937313736002392
0.9303051525762883,0.10920470258135893
0.9309054527263633,0.10903550843083705
0.9315057528764384,0.10886631428031511
0.9321060530265134,0.10869483678019898
0.9327063531765883,0.10852290072196048
0.9333066533266635,0.10835045808041031
0.9339069534767385,0.10817663907307042
0.9345072536268136,0.10800282006573046
0.9351075537768886,0.10782727315769285
0.9357078539269635,0.10765109713109733
0.9363081540770387,0.10747441114332705
0.9369084542271137,0.10729602811521669
0.9375087543771888,0.10711764508710626
0.9381090545272638,0.10693766604834357
0.9387093546773387,0.10675718300285973
0.9393096548274139,0.10657585064564491
0.9399099549774889,0.10639269415688406
0.940510255127564,0.10620953766812315
0.941110555277639,0.10602472101082748
0.9417108554277139,0.10583974220289459
0.9423111555777891,0.10565308007015611
0.9429114557278641,0.10546491353304514
0.9435117558779392,0.10527646633809795
0.9441120560280142,0.10508678664036203
0.9447123561780891,0.1048971069426261
0.9453126563281643,0.1047042021183105
0.9459129564782393,0.10451077914929735
0.9465132566283142,0.10431667407779187
0.9471135567783894,0.10412208042971267
0.9477138569284643,0.10392610843642706
0.9483141570785395,0.10372717273897912
0.9489144572286144,0.10352815641096919
0.9495147573786894,0.10332842763939992
0.9501150575287646,0.10312869886783059
0.9507153576788395,0.10292450870690127
0.9513156578289147,0.10271979343725803
0.9519159579789896,0.10251479761426359
0.9525162581290646,0.10230970397385822
0.9531165582791398,0.1021012470584317
0.9537168584292147,0.1018904744474391
0.9543171585792899,0.10167970183644641
0.9549174587293648,0.1014689292254538
0.9555177588794398,0.10125559000597867
0.956118059029515,0.10103855067419674
0.9567183591795899,0.10082148101296289
0.9573186593296651,0.1006043615738913
0.95791895947974,0.10038513697810884
0.958519259629815,0.10016197533008528
0.9591195597798902,0.09993858746923348
0.9597198599299651,0.09971481963726857
0.9603201600800401,0.09948871953732208
0.9609204602301152,0.09925916864256401
0.9615207603801902,0.09902904791222802
0.9621210605302654,0.09879831732561725
0.9627213606803403,0.0985642951757935
0.9633216608304153,0.09832781614202965
0.9639219609804904,0.09808999641554836
0.9645222611305654,0.09785162535946439
0.9651225612806406,0.09760869679136988
0.9657228614307155,0.09736489372620628
0.9663231615807905,0.09711866455599794
0.9669234617308656,0.09687119005682197
0.9675237618809406,0.09662017586729901
0.9681240620310158,0.09636753861376778
0.9687243621810907,0.09611330530136657
0.9693246623311657,0.0958557110627249
0.9699249624812408,0.09559685104482457
0.9705252626313158,0.09533424314154633
0.971125562781391,0.09507012727297982
0.9717258629314659,0.09480362543317503
0.9723261630815409,0.09453355483583771
0.972926463231616,0.09426181830885025
0.973526763381691,0.0939870735917091
0.9741270635317661,0.09370940846111002
0.9747273636818411,0.09342887527620232
0.975327663831916,0.09314572421913768
0.9759279639819912,0.0928598265778097
0.9765282641320662,0.09256970892470014
0.9771285642821411,0.09227772137793037
0.9777288644322163,0.09198267841693465
0.9783291645822912,0.09168253745437796
0.9789294647323664,0.09138107970412007
0.9795297648824414,0.09107566921741718
0.9801300650325163,0.09076504637783926
0.9807303651825915,0.09045367813560319
0.9813306653326664,0.09013633184131524
0.9819309654827416,0.08981475104655808
0.9825312656328166,0.089493170251801
0.9831315657828915,0.08916198176489985
0.9837318659329667,0.08882897867880606
0.9843321660830416,0.08849373642611895
0.9849324662331168,0.08814948170799579
0.9855327663831918,0.08780426800236034
0.9861330665332667,0.08745192161307733
0.9867333666833419,0.0870947340130396
0.9873336668334168,0.08673453739178907
0.987933966983492,0.08636612339893183
0.988534267133567,0.08599461272507969
0.9891345672836419,0.08561566618729306
0.9897348674337171,0.08523199253101801
0.990335167583792,0.08484249346099608
0.990935467733867,0.08444648152418428
0.9915357678839422,0.08404479015593694
0.9921360680340171,0.08363601926375512
0.9927363681840923,0.08322061606395381
0.9933366683341672,0.08279838858149481
0.9939369684842422,0.08236789959603627
0.9945372686343174,0.08193120624568195
0.9951375687843923,0.08148442814547568
0.9957378689344675,0.08103191155287293
0.9963381690845424,0.08056784261415748
0.9969384692346174,0.08009775911211874
0.9975387693846925,0.07961562913524595
0.9981390695347675,0.0791258057716538
0.9987393696848427,0.07862510794528234
0.9993396698349176,0.07811289799249817
0.9999399699849926,0.07759342761521708
1.0005402701350676,0.07707395329542502
1.0011405702851426,0.07655444976644116
1.0017408704352178,0.07603488458502469
1.0023411705852927,0.07551522530252736
1.0029414707353677,0.07499543947030032
1.0035417708854428,0.07447549463969477
1.0041420710355178,0.07395535836206242
1.004742371185593,0.07343499818875425
1.005342671335668,0.07291438167112203
1.0059429714857429,0.0723934763605169
1.006543271635818,0.07187224980829003
1.007143571785893,0.07135066956579318
1.007743871935968,0.07082870318437752
1.008344172086043,0.0703063182153942
1.008944472236118,0.06978348221019494
1.0095447723861932,0.06926016272013076
1.0101450725362682,0.0687363272965534
1.0107453726863431,0.06821194349081401
1.0113456728364183,0.06768697885426375
1.0119459729864932,0.06716140093825439
1.0125462731365684,0.06663517729413689
1.0131465732866434,0.06610827547326298
1.0137468734367183,0.06558066302698386
1.0143471735867935,0.06505230750665067
1.0149474737368684,0.06452317646361518
1.0155477738869436,0.06399323744922833
1.0161480740370186,0.06346245801484188
1.0167483741870935,0.06293080571180702
1.0173486743371687,0.06239824809147488
1.0179489744872436,0.06186475270519723
1.0185492746373188,0.06133028710432502
1.0191495747873938,0.06079481884021003
1.0197498749374687,0.0602583154642034
1.0203501750875439,0.0597207445276563
1.0209504752376188,0.05918207358192048
1.0215507753876938,0.05864227017834711
1.022151075537769,0.05810130186828734
1.022751375687844,0.05755913620309294
1.023351675837919,0.05701574073411486
1.023951975987994,0.05647108301270488
1.024552276138069,0.055925130590214124
1.0251525762881442,0.055377851017993765
1.025752876438219,0.05482921184739559
1.0263531765882943,0.054279180629770524
1.0269534767383692,0.053727724916470335
1.0275537768884442,0.05317481225884619
1.0281540770385194,0.052620410208249244
1.0287543771885943,0.05206448631603126
1.0293546773386695,0.05150700813354319
1.0299549774887444,0.0509479432121368
1.0305552776388194,0.05038725910316325
1.0311555777888946,0.04982492335797369
1.0317558779389695,0.04926090352791989
1.0323561780890447,0.04869516716435281
1.0329564782391196,0.04812768181862421
1.0335567783891946,0.04755841504208524
1.0341570785392697,0.04698733438608705
1.0347573786893447,0.04641440740198143
1.0353576788394199,0.04583960164111932
1.0359579789894948,0.04526288465485248
1.0365582791395698,0.04468422399453208
1.037158579289645,0.04410358721150926
1.03775887943972,0.0435209418571358
1.0383591795897948,0.04293625548276286
1.03895947973987,0.04234949563974156
1.039559779889945,0.04176062987942372
1.0401600800400201,0.041169625753160244
1.040760380190095,0.04057645081230294
1.04136068034017,0.03998107260820294
1.0419609804902452,0.03938345869221139
1.0425612806403202,0.03878357661568008
1.0431615807903953,0.03818139392995994
1.0437618809404703,0.03757687818640277
1.0443621810905452,0.0369699969363597
1.0449624812406204,0.03636071773118188
1.0455627813906954,0.0357490081222211
1.0461630815407705,0.035134835660828284
1.0467633816908455,0.03451816789835523
1.0473636818409204,0.033898972386153095
1.0479639819909956,0.03327721667557298
1.0485642821410706,0.03265286831796672
1.0491645822911457,0.032025894864685205
1.0497648824412207,0.03139626386708027
1.0503651825912956,0.03076394287650303
1.0509654827413708,0.03012889944430462
1.0515657828914458,0.02949110112183686
1.0521660830415207,0.02885051546045088
1.0527663831915959,0.0282071100114978
1.0533666833416708,0.027560852326329453
1.053966983491746,0.02691170995629673
1.054567283641821,0.02625965045275146
1.055167583791896,0.02560464136704477
1.055767883941971,0.024946650250527766
1.056368184092046,0.024285644654552307
1.0569684842421212,0.02362159213046925
1.0575687843921961,0.02295446022963046
1.058169084542271,0.022284216503387036
1.0587693846923463,0.021610828503090103
1.0593696848424212,0.020934263780091507
1.0599699849924964,0.020254489885742116
1.0605702851425713,0.019571474371393782
1.0611705852926463,0.018885184788397628
1.0617708854427215,0.01819558868810474
1.0623711855927964,0.017502653621867002
1.0629714857428716,0.01680634714103525
1.0635717858929465,0.016106636796961372
1.0641720860430215,0.015403490140996456
1.0647723861930967,0.014696874724491611
1.0653726863431716,0.013986758098798712
1.0659729864932466,0.013273107815268859
1.0665732866433217,0.012555891425253152
1.0671735867933967,0.01183507648010347
1.0677738869434719,0.011110630531170649
1.0683741870935468,0.010382521129806577
1.0689744872436218,0.009650715827362356
1.069574787393697,0.008915182175189058
1.0701750875437719,0.008175887724638604
1.070775387693847,0.007432800027061788
1.071375687843922,0.006685886633810539
1.071975987993997,0.005935115096235925
1.0725762881440721,0.005180452965689029
1.073176588294147,0.0044218677935217825
1.0737768884442223,0.0036593271310849697
1.0743771885942972,0.002892798529730508
1.0749774887443722,0.0021222495408094993
1.0755777888944473,0.0013476477156730022
1.0761780890445223,0.0005689606056729479
1.0767783891945975,0.0
1.0773786893446724,0.0
1.0779789894947474,0.0
1.0785792896448225,0.0
1.0791795897948975,0.0
1.0797798899449726,0.0
1.0803801900950476,0.0
1.0809804902451225,0.0
1.0815807903951977,0.0
1.0821810905452727,0.0
1.0827813906953476,0.0
1.0833816908454228,0.0
1.0839819909954977,0.0
1.084582291145573,0.0
1.0851825912956479,0.0
1.0857828914457228,0.0
1.086383191595798,0.0
1.086983491745873,0.0
1.0875837918959481,0.0
1.088184092046023,0.0
1.088784392196098,0.0
1.0893846923461732,0.0
1.0899849924962481,0.0
1.0905852926463233,0.0
1.0911855927963983,0.0
1.0917858929464732,0.0
1.0923861930965484,0.0
1.0929864932466233,0.0
1.0935867933966985,0.0
1.0941870935467735,0.0
1.0947873936968484,0.0
1.0953876938469236,0.0
1.0959879939969985,0.0
1.0965882941470735,0.0
1.0971885942971487,0.0
1.0977888944472236,0.0
1.0983891945972988,0.0
1.0989894947473737,0.0
1.0995897948974487,0.0
1.1001900950475239,0.0
1.1007903951975988,0.0
1.101390695347674,0.0
1.101990995497749,0.0
1.1025912956478239,0.0
1.103191595797899,0.0
1.103791895947974,0.0
1.1043921960980492,0.0
1.1049924962481241,0.0
1.105592796398199,0.0
1.1061930965482742,0.0
1.1067933966983492,0.0
1.1073936968484244,0.0
1.1079939969984993,0.0
1.1085942971485743,0.0
1.1091945972986494,0.0
1.1097948974487244,0.0
1.1103951975987996,0.0
1.1109954977488745,0.0
1.1115957978989495,0.0
1.1121960980490246,0.0
1.1127963981990996,0.0
1.1133966983491745,0.0
1.1139969984992497,0.0
1.1145972986493247,0.0
1.1151975987993998,0.0
1.1157978989494748,0.0
1.1163981990995497,0.0
1.116998499249625,0.0
1.1175987993996999,0.0
1.118199099549775,0.0
1.11879939969985,0.0
1.119399699849925,0.0
1.12,0.0
